sample_id,study,country,admin1,year,case_group,qc_pass,genome_callable_pct,sample_type,ena_accessions,raw_crt76_call,marker_call,marker_callable,has_76T,unambiguous_76T,time_period,source_release
SPT42825,1132-PF-K1000G-DBS-KE-BEJON,Kenya,Kilifi,1994,SPT42825,True,83.32,gDNA,ERR3467332,T,T_only,True,1,1,1994-1999,MalariaGEN Pf8
SPT42826,1132-PF-K1000G-DBS-KE-BEJON,Kenya,Kilifi,1994,SPT42826,True,74.96,gDNA,ERR3467395,"T,K",mixed_KT,True,1,,1994-1999,MalariaGEN Pf8
SPT42827,1132-PF-K1000G-DBS-KE-BEJON,Kenya,Kilifi,1994,SPT42827,True,90.08,sWGA,ERR3457210,"T,K",mixed_KT,True,1,,1994-1999,MalariaGEN Pf8
SPT50132,1132-PF-K1000G-DBS-KE-BEJON,Kenya,Kilifi,1994,SPT50132,True,90.91,sWGA,ERR4594621,"T,K",mixed_KT,True,1,,1994-1999,MalariaGEN Pf8
SPT50133,1132-PF-K1000G-DBS-KE-BEJON,Kenya,Kilifi,1994,SPT50133,True,91.07,sWGA,ERR4661163,T,T_only,True,1,1,1994-1999,MalariaGEN Pf8
SPT50134,1132-PF-K1000G-DBS-KE-BEJON,Kenya,Kilifi,1994,SPT50134,True,90.86,sWGA,ERR4661180,T,T_only,True,1,1,1994-1999,MalariaGEN Pf8
SPT50135,1132-PF-K1000G-DBS-KE-BEJON,Kenya,Kilifi,1994,SPT50135,True,91.28,sWGA,ERR4661166,T,T_only,True,1,1,1994-1999,MalariaGEN Pf8
SPT50136,1132-PF-K1000G-DBS-KE-BEJON,Kenya,Kilifi,1994,SPT50136,True,90.54,sWGA,ERR4594633,T,T_only,True,1,1,1994-1999,MalariaGEN Pf8
SPT50137,1132-PF-K1000G-DBS-KE-BEJON,Kenya,Kilifi,1994,SPT50137,True,91.19,sWGA,ERR4661186,K,K_only,True,0,0,1994-1999,MalariaGEN Pf8
SPT50138,1132-PF-K1000G-DBS-KE-BEJON,Kenya,Kilifi,1994,SPT50138,True,90.49,sWGA,ERR4594611,K,K_only,True,0,0,1994-1999,MalariaGEN Pf8
SPT50139,1132-PF-K1000G-DBS-KE-BEJON,Kenya,Kilifi,1994,SPT50139,True,90.49,sWGA,ERR4661169,"T,K",mixed_KT,True,1,,1994-1999,MalariaGEN Pf8
SPT50140,1132-PF-K1000G-DBS-KE-BEJON,Kenya,Kilifi,1994,SPT50140,True,91.3,sWGA,ERR4594618,T,T_only,True,1,1,1994-1999,MalariaGEN Pf8
SPT50141,1132-PF-K1000G-DBS-KE-BEJON,Kenya,Kilifi,1994,SPT50141,True,91.16,sWGA,ERR4594605,"K,T",mixed_KT,True,1,,1994-1999,MalariaGEN Pf8
SPT50142,1132-PF-K1000G-DBS-KE-BEJON,Kenya,Kilifi,1994,SPT50142,True,91.33,sWGA,ERR4594622,"T,K",mixed_KT,True,1,,1994-1999,MalariaGEN Pf8
SPT50143,1132-PF-K1000G-DBS-KE-BEJON,Kenya,Kilifi,1994,SPT50143,True,90.88,sWGA,ERR4594603,T,T_only,True,1,1,1994-1999,MalariaGEN Pf8
SPT50144,1132-PF-K1000G-DBS-KE-BEJON,Kenya,Kilifi,1994,SPT50144,True,90.33,sWGA,ERR4594626,K,K_only,True,0,0,1994-1999,MalariaGEN Pf8
SPT50145,1132-PF-K1000G-DBS-KE-BEJON,Kenya,Kilifi,1994,SPT50145,True,90.61,sWGA,ERR4661177,T,T_only,True,1,1,1994-1999,MalariaGEN Pf8
SPT50146,1132-PF-K1000G-DBS-KE-BEJON,Kenya,Kilifi,1994,SPT50146,True,90.6,sWGA,ERR4661174,T,T_only,True,1,1,1994-1999,MalariaGEN Pf8
SPT50147,1132-PF-K1000G-DBS-KE-BEJON,Kenya,Kilifi,1994,SPT50147,True,90.39,sWGA,ERR4661171,T,T_only,True,1,1,1994-1999,MalariaGEN Pf8
SPT50263,1132-PF-K1000G-DBS-KE-BEJON,Kenya,Kilifi,1994,SPT50263,True,91.16,sWGA,ERR4661202,"T,K",mixed_KT,True,1,,1994-1999,MalariaGEN Pf8
SPT50264,1132-PF-K1000G-DBS-KE-BEJON,Kenya,Kilifi,1994,SPT50264,True,91.34,sWGA,ERR4661212,K,K_only,True,0,0,1994-1999,MalariaGEN Pf8
SPT50265,1132-PF-K1000G-DBS-KE-BEJON,Kenya,Kilifi,1994,SPT50265,True,88.81,sWGA,ERR4661207,T,T_only,True,1,1,1994-1999,MalariaGEN Pf8
SPT50469,1132-PF-K1000G-DBS-KE-BEJON,Kenya,Kilifi,1994,SPT50469,True,88.78,sWGA,ERR4594538,T,T_only,True,1,1,1994-1999,MalariaGEN Pf8
SPT50470,1132-PF-K1000G-DBS-KE-BEJON,Kenya,Kilifi,1994,SPT50470,True,90.99,sWGA,ERR4594672,T,T_only,True,1,1,1994-1999,MalariaGEN Pf8
SPT50471,1132-PF-K1000G-DBS-KE-BEJON,Kenya,Kilifi,1994,SPT50471,True,90.85,sWGA,ERR4594673,K,K_only,True,0,0,1994-1999,MalariaGEN Pf8
SPT50472,1132-PF-K1000G-DBS-KE-BEJON,Kenya,Kilifi,1994,SPT50472,True,90.51,sWGA,ERR4661251,T,T_only,True,1,1,1994-1999,MalariaGEN Pf8
SPT50473,1132-PF-K1000G-DBS-KE-BEJON,Kenya,Kilifi,1994,SPT50473,True,90.11,sWGA,ERR4661258,T,T_only,True,1,1,1994-1999,MalariaGEN Pf8
SPT50474,1132-PF-K1000G-DBS-KE-BEJON,Kenya,Kilifi,1994,SPT50474,True,90.32,sWGA,ERR4594518,T,T_only,True,1,1,1994-1999,MalariaGEN Pf8
SPT50475,1132-PF-K1000G-DBS-KE-BEJON,Kenya,Kilifi,1994,SPT50475,True,90.41,sWGA,ERR4594505,T,T_only,True,1,1,1994-1999,MalariaGEN Pf8
SPT50476,1132-PF-K1000G-DBS-KE-BEJON,Kenya,Kilifi,1994,SPT50476,True,90.06,sWGA,ERR4661276,T,T_only,True,1,1,1994-1999,MalariaGEN Pf8
SPT50477,1132-PF-K1000G-DBS-KE-BEJON,Kenya,Kilifi,1994,SPT50477,True,90.38,sWGA,ERR4661264,T,T_only,True,1,1,1994-1999,MalariaGEN Pf8
SPT50478,1132-PF-K1000G-DBS-KE-BEJON,Kenya,Kilifi,1994,SPT50478,True,89.89,sWGA,ERR4594668,T,T_only,True,1,1,1994-1999,MalariaGEN Pf8
SPT50479,1132-PF-K1000G-DBS-KE-BEJON,Kenya,Kilifi,1994,SPT50479,True,90.68,sWGA,ERR4594670,T,T_only,True,1,1,1994-1999,MalariaGEN Pf8
SPT50480,1132-PF-K1000G-DBS-KE-BEJON,Kenya,Kilifi,1994,SPT50480,True,90.09,sWGA,ERR4661265,K,K_only,True,0,0,1994-1999,MalariaGEN Pf8
SPT50481,1132-PF-K1000G-DBS-KE-BEJON,Kenya,Kilifi,1994,SPT50481,True,90.46,sWGA,ERR4661260,T,T_only,True,1,1,1994-1999,MalariaGEN Pf8
SPT50482,1132-PF-K1000G-DBS-KE-BEJON,Kenya,Kilifi,1994,SPT50482,True,90.87,sWGA,ERR4661268,"T,K",mixed_KT,True,1,,1994-1999,MalariaGEN Pf8
SPT50483,1132-PF-K1000G-DBS-KE-BEJON,Kenya,Kilifi,1994,SPT50483,True,91.14,sWGA,ERR4594508,T,T_only,True,1,1,1994-1999,MalariaGEN Pf8
SPT50484,1132-PF-K1000G-DBS-KE-BEJON,Kenya,Kilifi,1994,SPT50484,True,90.65,sWGA,ERR4594531,T,T_only,True,1,1,1994-1999,MalariaGEN Pf8
SPT50485,1132-PF-K1000G-DBS-KE-BEJON,Kenya,Kilifi,1994,SPT50485,True,89.9,sWGA,ERR4661266,T,T_only,True,1,1,1994-1999,MalariaGEN Pf8
SPT50486,1132-PF-K1000G-DBS-KE-BEJON,Kenya,Kilifi,1994,SPT50486,True,90.21,sWGA,ERR4594503,T,T_only,True,1,1,1994-1999,MalariaGEN Pf8
SPT50487,1132-PF-K1000G-DBS-KE-BEJON,Kenya,Kilifi,1994,SPT50487,True,89.82,sWGA,ERR4661254,"T,K",mixed_KT,True,1,,1994-1999,MalariaGEN Pf8
SPT50488,1132-PF-K1000G-DBS-KE-BEJON,Kenya,Kilifi,1994,SPT50488,True,90.37,sWGA,ERR4661259,T,T_only,True,1,1,1994-1999,MalariaGEN Pf8
SPT50489,1132-PF-K1000G-DBS-KE-BEJON,Kenya,Kilifi,1994,SPT50489,True,91.61,sWGA,ERR4594519,"T,K",mixed_KT,True,1,,1994-1999,MalariaGEN Pf8
SPT50491,1132-PF-K1000G-DBS-KE-BEJON,Kenya,Kilifi,1994,SPT50491,True,88.41,sWGA,ERR4594536,K,K_only,True,0,0,1994-1999,MalariaGEN Pf8
SPT50492,1132-PF-K1000G-DBS-KE-BEJON,Kenya,Kilifi,1994,SPT50492,True,86.75,sWGA,ERR4594541,T,T_only,True,1,1,1994-1999,MalariaGEN Pf8
SPT50695,1132-PF-K1000G-DBS-KE-BEJON,Kenya,Kilifi,1994,SPT50695,True,89.74,sWGA,ERR4609898,K,K_only,True,0,0,1994-1999,MalariaGEN Pf8
SPT50696,1132-PF-K1000G-DBS-KE-BEJON,Kenya,Kilifi,1994,SPT50696,True,90.0,sWGA,ERR4609900,T,T_only,True,1,1,1994-1999,MalariaGEN Pf8
SPT50697,1132-PF-K1000G-DBS-KE-BEJON,Kenya,Kilifi,1994,SPT50697,True,90.37,sWGA,ERR4609913,"T,K",mixed_KT,True,1,,1994-1999,MalariaGEN Pf8
SPT50715,1132-PF-K1000G-DBS-KE-BEJON,Kenya,Kilifi,1994,SPT50715,True,90.02,sWGA,ERR4609907,T,T_only,True,1,1,1994-1999,MalariaGEN Pf8
SPT50727,1132-PF-K1000G-DBS-KE-BEJON,Kenya,Kilifi,1994,SPT50727,True,90.09,sWGA,ERR4609878,K,K_only,True,0,0,1994-1999,MalariaGEN Pf8
SPT50784,1132-PF-K1000G-DBS-KE-BEJON,Kenya,Kilifi,1994,SPT50784,True,90.0,sWGA,ERR4609806,"K,T",mixed_KT,True,1,,1994-1999,MalariaGEN Pf8
SPT50785,1132-PF-K1000G-DBS-KE-BEJON,Kenya,Kilifi,1994,SPT50785,True,89.1,sWGA,ERR4634310,K,K_only,True,0,0,1994-1999,MalariaGEN Pf8
SPT50786,1132-PF-K1000G-DBS-KE-BEJON,Kenya,Kilifi,1994,SPT50786,True,89.56,sWGA,ERR4634298,K,K_only,True,0,0,1994-1999,MalariaGEN Pf8
SPT42828,1132-PF-K1000G-DBS-KE-BEJON,Kenya,Kilifi,1995,SPT42828,True,90.06,sWGA,ERR3457024,T,T_only,True,1,1,1994-1999,MalariaGEN Pf8
SPT42829,1132-PF-K1000G-DBS-KE-BEJON,Kenya,Kilifi,1995,SPT42829,True,75.72,gDNA,ERR3467410,"K,T",mixed_KT,True,1,,1994-1999,MalariaGEN Pf8
SPT42830,1132-PF-K1000G-DBS-KE-BEJON,Kenya,Kilifi,1995,SPT42830,True,90.22,sWGA,ERR3456992,"K,T",mixed_KT,True,1,,1994-1999,MalariaGEN Pf8
SPT42831,1132-PF-K1000G-DBS-KE-BEJON,Kenya,Kilifi,1995,SPT42831,True,87.59,gDNA,ERR3421831,T,T_only,True,1,1,1994-1999,MalariaGEN Pf8
SPT42832,1132-PF-K1000G-DBS-KE-BEJON,Kenya,Kilifi,1995,SPT42832,True,90.27,sWGA,ERR3456958,T,T_only,True,1,1,1994-1999,MalariaGEN Pf8
SPT42833,1132-PF-K1000G-DBS-KE-BEJON,Kenya,Kilifi,1995,SPT42833,True,73.04,gDNA,ERR3467405,T,T_only,True,1,1,1994-1999,MalariaGEN Pf8
SPT42834,1132-PF-K1000G-DBS-KE-BEJON,Kenya,Kilifi,1995,SPT42834,True,59.6,gDNA,ERR3467335,T,T_only,True,1,1,1994-1999,MalariaGEN Pf8
SPT42835,1132-PF-K1000G-DBS-KE-BEJON,Kenya,Kilifi,1995,SPT42835,True,83.31,gDNA,"ERR3467302,ERR3486328",T,T_only,True,1,1,1994-1999,MalariaGEN Pf8
SPT42836,1132-PF-K1000G-DBS-KE-BEJON,Kenya,Kilifi,1995,SPT42836,True,89.74,sWGA,ERR3456972,T,T_only,True,1,1,1994-1999,MalariaGEN Pf8
SPT42837,1132-PF-K1000G-DBS-KE-BEJON,Kenya,Kilifi,1995,SPT42837,True,86.52,gDNA,"ERR3467309,ERR3486335","T,K",mixed_KT,True,1,,1994-1999,MalariaGEN Pf8
SPT42838,1132-PF-K1000G-DBS-KE-BEJON,Kenya,Kilifi,1995,SPT42838,True,90.02,sWGA,ERR3456996,T,T_only,True,1,1,1994-1999,MalariaGEN Pf8
SPT42839,1132-PF-K1000G-DBS-KE-BEJON,Kenya,Kilifi,1995,SPT42839,True,89.94,sWGA,ERR3456998,T,T_only,True,1,1,1994-1999,MalariaGEN Pf8
SPT42840,1132-PF-K1000G-DBS-KE-BEJON,Kenya,Kilifi,1995,SPT42840,True,82.13,gDNA,ERR3467333,T,T_only,True,1,1,1994-1999,MalariaGEN Pf8
SPT42841,1132-PF-K1000G-DBS-KE-BEJON,Kenya,Kilifi,1995,SPT42841,True,90.25,sWGA,ERR3457216,T,T_only,True,1,1,1994-1999,MalariaGEN Pf8
SPT42842,1132-PF-K1000G-DBS-KE-BEJON,Kenya,Kilifi,1995,SPT42842,True,72.69,gDNA,ERR3467316,T,T_only,True,1,1,1994-1999,MalariaGEN Pf8
SPT42843,1132-PF-K1000G-DBS-KE-BEJON,Kenya,Kilifi,1995,SPT42843,True,90.13,sWGA,ERR3457213,T,T_only,True,1,1,1994-1999,MalariaGEN Pf8
SPT42844,1132-PF-K1000G-DBS-KE-BEJON,Kenya,Kilifi,1995,SPT42844,True,89.72,sWGA,ERR3457026,T,T_only,True,1,1,1994-1999,MalariaGEN Pf8
SPT42845,1132-PF-K1000G-DBS-KE-BEJON,Kenya,Kilifi,1995,SPT42845,True,73.24,gDNA,ERR3467383,T,T_only,True,1,1,1994-1999,MalariaGEN Pf8
SPT42846,1132-PF-K1000G-DBS-KE-BEJON,Kenya,Kilifi,1995,SPT42846,True,85.6,gDNA,ERR3467346,"K,T",mixed_KT,True,1,,1994-1999,MalariaGEN Pf8
SPT42847,1132-PF-K1000G-DBS-KE-BEJON,Kenya,Kilifi,1995,SPT42847,True,86.26,gDNA,"ERR3467308,ERR3486334",T,T_only,True,1,1,1994-1999,MalariaGEN Pf8
SPT42848,1132-PF-K1000G-DBS-KE-BEJON,Kenya,Kilifi,1995,SPT42848,True,89.93,sWGA,ERR3457019,K,K_only,True,0,0,1994-1999,MalariaGEN Pf8
SPT42849,1132-PF-K1000G-DBS-KE-BEJON,Kenya,Kilifi,1995,SPT42849,True,90.17,sWGA,ERR3456990,T,T_only,True,1,1,1994-1999,MalariaGEN Pf8
SPT42850,1132-PF-K1000G-DBS-KE-BEJON,Kenya,Kilifi,1995,SPT42850,True,85.21,gDNA,ERR3421825,T,T_only,True,1,1,1994-1999,MalariaGEN Pf8
SPT42851,1132-PF-K1000G-DBS-KE-BEJON,Kenya,Kilifi,1995,SPT42851,True,66.59,gDNA,ERR3467408,"K,T",mixed_KT,True,1,,1994-1999,MalariaGEN Pf8
SPT42852,1132-PF-K1000G-DBS-KE-BEJON,Kenya,Kilifi,1995,SPT42852,True,89.72,sWGA,ERR3457002,K,K_only,True,0,0,1994-1999,MalariaGEN Pf8
SPT42853,1132-PF-K1000G-DBS-KE-BEJON,Kenya,Kilifi,1995,SPT42853,True,90.4,sWGA,ERR3456971,T,T_only,True,1,1,1994-1999,MalariaGEN Pf8
SPT42854,1132-PF-K1000G-DBS-KE-BEJON,Kenya,Kilifi,1995,SPT42854,True,89.99,sWGA,ERR3456979,T,T_only,True,1,1,1994-1999,MalariaGEN Pf8
SPT42855,1132-PF-K1000G-DBS-KE-BEJON,Kenya,Kilifi,1995,SPT42855,True,89.24,sWGA,ERR3457028,T,T_only,True,1,1,1994-1999,MalariaGEN Pf8
SPT42856,1132-PF-K1000G-DBS-KE-BEJON,Kenya,Kilifi,1995,SPT42856,True,90.12,sWGA,ERR3456975,T,T_only,True,1,1,1994-1999,MalariaGEN Pf8
SPT42857,1132-PF-K1000G-DBS-KE-BEJON,Kenya,Kilifi,1995,SPT42857,True,89.74,sWGA,ERR3457004,T,T_only,True,1,1,1994-1999,MalariaGEN Pf8
SPT42858,1132-PF-K1000G-DBS-KE-BEJON,Kenya,Kilifi,1995,SPT42858,True,90.44,sWGA,ERR3457199,T,T_only,True,1,1,1994-1999,MalariaGEN Pf8
SPT42859,1132-PF-K1000G-DBS-KE-BEJON,Kenya,Kilifi,1995,SPT42859,True,90.07,sWGA,ERR3456969,T,T_only,True,1,1,1994-1999,MalariaGEN Pf8
SPT42860,1132-PF-K1000G-DBS-KE-BEJON,Kenya,Kilifi,1995,SPT42860,True,80.78,gDNA,ERR3421824,"T,K",mixed_KT,True,1,,1994-1999,MalariaGEN Pf8
SPT42861,1132-PF-K1000G-DBS-KE-BEJON,Kenya,Kilifi,1995,SPT42861,True,89.91,sWGA,ERR3457018,"K,T",mixed_KT,True,1,,1994-1999,MalariaGEN Pf8
SPT42862,1132-PF-K1000G-DBS-KE-BEJON,Kenya,Kilifi,1995,SPT42862,True,67.49,gDNA,ERR3467371,"T,K",mixed_KT,True,1,,1994-1999,MalariaGEN Pf8
SPT42863,1132-PF-K1000G-DBS-KE-BEJON,Kenya,Kilifi,1995,SPT42863,True,90.41,sWGA,ERR3456949,T,T_only,True,1,1,1994-1999,MalariaGEN Pf8
SPT42864,1132-PF-K1000G-DBS-KE-BEJON,Kenya,Kilifi,1995,SPT42864,True,61.63,gDNA,ERR3467372,"T,K",mixed_KT,True,1,,1994-1999,MalariaGEN Pf8
SPT42865,1132-PF-K1000G-DBS-KE-BEJON,Kenya,Kilifi,1995,SPT42865,True,90.24,sWGA,ERR3456983,T,T_only,True,1,1,1994-1999,MalariaGEN Pf8
SPT42866,1132-PF-K1000G-DBS-KE-BEJON,Kenya,Kilifi,1995,SPT42866,True,87.6,gDNA,ERR3421836,T,T_only,True,1,1,1994-1999,MalariaGEN Pf8
SPT42867,1132-PF-K1000G-DBS-KE-BEJON,Kenya,Kilifi,1995,SPT42867,True,90.32,sWGA,ERR3457001,T,T_only,True,1,1,1994-1999,MalariaGEN Pf8
SPT42868,1132-PF-K1000G-DBS-KE-BEJON,Kenya,Kilifi,1995,SPT42868,True,85.83,gDNA,ERR3467328,K,K_only,True,0,0,1994-1999,MalariaGEN Pf8
SPT42869,1132-PF-K1000G-DBS-KE-BEJON,Kenya,Kilifi,1995,SPT42869,True,89.95,sWGA,ERR3457017,"T,K",mixed_KT,True,1,,1994-1999,MalariaGEN Pf8
SPT42870,1132-PF-K1000G-DBS-KE-BEJON,Kenya,Kilifi,1995,SPT42870,True,89.98,sWGA,ERR3457207,T,T_only,True,1,1,1994-1999,MalariaGEN Pf8
SPT42872,1132-PF-K1000G-DBS-KE-BEJON,Kenya,Kilifi,1995,SPT42872,True,90.42,sWGA,ERR3456954,"T,K",mixed_KT,True,1,,1994-1999,MalariaGEN Pf8
SPT42873,1132-PF-K1000G-DBS-KE-BEJON,Kenya,Kilifi,1995,SPT42873,True,89.97,sWGA,ERR3456965,T,T_only,True,1,1,1994-1999,MalariaGEN Pf8
SPT42874,1132-PF-K1000G-DBS-KE-BEJON,Kenya,Kilifi,1995,SPT42874,True,81.46,gDNA,ERR3467341,T,T_only,True,1,1,1994-1999,MalariaGEN Pf8
SPT50266,1132-PF-K1000G-DBS-KE-BEJON,Kenya,Kilifi,1995,SPT50266,True,91.34,sWGA,ERR4594658,T,T_only,True,1,1,1994-1999,MalariaGEN Pf8
SPT50268,1132-PF-K1000G-DBS-KE-BEJON,Kenya,Kilifi,1995,SPT50268,True,89.17,sWGA,ERR4661199,T,T_only,True,1,1,1994-1999,MalariaGEN Pf8
SPT50269,1132-PF-K1000G-DBS-KE-BEJON,Kenya,Kilifi,1995,SPT50269,True,91.09,sWGA,ERR4594645,"K,T",mixed_KT,True,1,,1994-1999,MalariaGEN Pf8
SPT50493,1132-PF-K1000G-DBS-KE-BEJON,Kenya,Kilifi,1995,SPT50493,True,90.66,sWGA,ERR4661272,T,T_only,True,1,1,1994-1999,MalariaGEN Pf8
SPT50494,1132-PF-K1000G-DBS-KE-BEJON,Kenya,Kilifi,1995,SPT50494,True,90.85,sWGA,ERR4594504,T,T_only,True,1,1,1994-1999,MalariaGEN Pf8
SPT50495,1132-PF-K1000G-DBS-KE-BEJON,Kenya,Kilifi,1995,SPT50495,True,90.91,sWGA,ERR4594507,T,T_only,True,1,1,1994-1999,MalariaGEN Pf8
SPT50496,1132-PF-K1000G-DBS-KE-BEJON,Kenya,Kilifi,1995,SPT50496,True,91.01,sWGA,ERR4661269,T,T_only,True,1,1,1994-1999,MalariaGEN Pf8
SPT50497,1132-PF-K1000G-DBS-KE-BEJON,Kenya,Kilifi,1995,SPT50497,True,89.39,sWGA,ERR4661274,K,K_only,True,0,0,1994-1999,MalariaGEN Pf8
SPT50498,1132-PF-K1000G-DBS-KE-BEJON,Kenya,Kilifi,1995,SPT50498,True,88.85,sWGA,ERR4661250,K,K_only,True,0,0,1994-1999,MalariaGEN Pf8
SPT50499,1132-PF-K1000G-DBS-KE-BEJON,Kenya,Kilifi,1995,SPT50499,True,90.92,sWGA,ERR4594522,T,T_only,True,1,1,1994-1999,MalariaGEN Pf8
SPT50787,1132-PF-K1000G-DBS-KE-BEJON,Kenya,Kilifi,1995,SPT50787,True,89.68,sWGA,ERR4634305,K,K_only,True,0,0,1994-1999,MalariaGEN Pf8
SPT42875,1132-PF-K1000G-DBS-KE-BEJON,Kenya,Kilifi,1996,SPT42875,True,89.83,gDNA,ERR3421837,K,K_only,True,0,0,1994-1999,MalariaGEN Pf8
SPT42876,1132-PF-K1000G-DBS-KE-BEJON,Kenya,Kilifi,1996,SPT42876,True,89.68,sWGA,ERR3456987,T,T_only,True,1,1,1994-1999,MalariaGEN Pf8
SPT42877,1132-PF-K1000G-DBS-KE-BEJON,Kenya,Kilifi,1996,SPT42877,True,90.62,sWGA,ERR3456946,T,T_only,True,1,1,1994-1999,MalariaGEN Pf8
SPT42878,1132-PF-K1000G-DBS-KE-BEJON,Kenya,Kilifi,1996,SPT42878,True,90.1,sWGA,ERR3456964,T,T_only,True,1,1,1994-1999,MalariaGEN Pf8
SPT42879,1132-PF-K1000G-DBS-KE-BEJON,Kenya,Kilifi,1996,SPT42879,True,79.16,gDNA,ERR3467324,T,T_only,True,1,1,1994-1999,MalariaGEN Pf8
SPT42880,1132-PF-K1000G-DBS-KE-BEJON,Kenya,Kilifi,1996,SPT42880,True,90.14,sWGA,ERR3456970,T,T_only,True,1,1,1994-1999,MalariaGEN Pf8
SPT42881,1132-PF-K1000G-DBS-KE-BEJON,Kenya,Kilifi,1996,SPT42881,True,70.59,gDNA,ERR3467390,T,T_only,True,1,1,1994-1999,MalariaGEN Pf8
SPT42882,1132-PF-K1000G-DBS-KE-BEJON,Kenya,Kilifi,1996,SPT42882,True,67.4,gDNA,ERR3467348,T,T_only,True,1,1,1994-1999,MalariaGEN Pf8
SPT42883,1132-PF-K1000G-DBS-KE-BEJON,Kenya,Kilifi,1996,SPT42883,True,87.2,gDNA,"ERR3467313,ERR3486339",T,T_only,True,1,1,1994-1999,MalariaGEN Pf8
SPT42884,1132-PF-K1000G-DBS-KE-BEJON,Kenya,Kilifi,1996,SPT42884,True,71.12,gDNA,ERR3467406,T,T_only,True,1,1,1994-1999,MalariaGEN Pf8
SPT42885,1132-PF-K1000G-DBS-KE-BEJON,Kenya,Kilifi,1996,SPT42885,True,82.83,gDNA,ERR3467318,"K,T",mixed_KT,True,1,,1994-1999,MalariaGEN Pf8
SPT42886,1132-PF-K1000G-DBS-KE-BEJON,Kenya,Kilifi,1996,SPT42886,True,90.17,sWGA,ERR3456993,T,T_only,True,1,1,1994-1999,MalariaGEN Pf8
SPT42887,1132-PF-K1000G-DBS-KE-BEJON,Kenya,Kilifi,1996,SPT42887,True,90.12,sWGA,ERR3456961,T,T_only,True,1,1,1994-1999,MalariaGEN Pf8
SPT42888,1132-PF-K1000G-DBS-KE-BEJON,Kenya,Kilifi,1996,SPT42888,True,90.37,sWGA,ERR3456943,"K,T",mixed_KT,True,1,,1994-1999,MalariaGEN Pf8
SPT42889,1132-PF-K1000G-DBS-KE-BEJON,Kenya,Kilifi,1996,SPT42889,True,89.8,sWGA,ERR3456952,T,T_only,True,1,1,1994-1999,MalariaGEN Pf8
SPT42890,1132-PF-K1000G-DBS-KE-BEJON,Kenya,Kilifi,1996,SPT42890,True,90.17,sWGA,ERR3456959,T,T_only,True,1,1,1994-1999,MalariaGEN Pf8
SPT42891,1132-PF-K1000G-DBS-KE-BEJON,Kenya,Kilifi,1996,SPT42891,True,90.18,sWGA,ERR3457027,T,T_only,True,1,1,1994-1999,MalariaGEN Pf8
SPT42892,1132-PF-K1000G-DBS-KE-BEJON,Kenya,Kilifi,1996,SPT42892,True,61.75,gDNA,ERR3467380,"K,T",mixed_KT,True,1,,1994-1999,MalariaGEN Pf8
SPT42893,1132-PF-K1000G-DBS-KE-BEJON,Kenya,Kilifi,1996,SPT42893,True,90.06,sWGA,ERR3456982,T,T_only,True,1,1,1994-1999,MalariaGEN Pf8
SPT42894,1132-PF-K1000G-DBS-KE-BEJON,Kenya,Kilifi,1996,SPT42894,True,90.65,sWGA,ERR3456945,T,T_only,True,1,1,1994-1999,MalariaGEN Pf8
SPT42895,1132-PF-K1000G-DBS-KE-BEJON,Kenya,Kilifi,1996,SPT42895,True,90.23,sWGA,ERR3456976,T,T_only,True,1,1,1994-1999,MalariaGEN Pf8
SPT42896,1132-PF-K1000G-DBS-KE-BEJON,Kenya,Kilifi,1996,SPT42896,True,89.81,sWGA,ERR3456994,T,T_only,True,1,1,1994-1999,MalariaGEN Pf8
SPT42897,1132-PF-K1000G-DBS-KE-BEJON,Kenya,Kilifi,1996,SPT42897,True,89.55,sWGA,ERR3457012,T,T_only,True,1,1,1994-1999,MalariaGEN Pf8
SPT42898,1132-PF-K1000G-DBS-KE-BEJON,Kenya,Kilifi,1996,SPT42898,True,75.82,gDNA,ERR3467360,T,T_only,True,1,1,1994-1999,MalariaGEN Pf8
SPT42899,1132-PF-K1000G-DBS-KE-BEJON,Kenya,Kilifi,1996,SPT42899,True,90.07,sWGA,ERR3456995,T,T_only,True,1,1,1994-1999,MalariaGEN Pf8
SPT42900,1132-PF-K1000G-DBS-KE-BEJON,Kenya,Kilifi,1996,SPT42900,True,88.59,sWGA,ERR3456980,"T,K",mixed_KT,True,1,,1994-1999,MalariaGEN Pf8
SPT42901,1132-PF-K1000G-DBS-KE-BEJON,Kenya,Kilifi,1996,SPT42901,True,76.66,gDNA,ERR3467321,T,T_only,True,1,1,1994-1999,MalariaGEN Pf8
SPT42902,1132-PF-K1000G-DBS-KE-BEJON,Kenya,Kilifi,1996,SPT42902,True,83.82,gDNA,ERR3421826,T,T_only,True,1,1,1994-1999,MalariaGEN Pf8
SPT42903,1132-PF-K1000G-DBS-KE-BEJON,Kenya,Kilifi,1996,SPT42903,True,89.64,sWGA,ERR3457014,K,K_only,True,0,0,1994-1999,MalariaGEN Pf8
SPT42904,1132-PF-K1000G-DBS-KE-BEJON,Kenya,Kilifi,1996,SPT42904,True,90.12,sWGA,ERR3456981,T,T_only,True,1,1,1994-1999,MalariaGEN Pf8
SPT42905,1132-PF-K1000G-DBS-KE-BEJON,Kenya,Kilifi,1996,SPT42905,True,82.72,gDNA,"ERR3467296,ERR3486322",T,T_only,True,1,1,1994-1999,MalariaGEN Pf8
SPT42906,1132-PF-K1000G-DBS-KE-BEJON,Kenya,Kilifi,1996,SPT42906,True,89.63,sWGA,ERR3456997,T,T_only,True,1,1,1994-1999,MalariaGEN Pf8
SPT42907,1132-PF-K1000G-DBS-KE-BEJON,Kenya,Kilifi,1996,SPT42907,True,85.97,gDNA,ERR3467338,K,K_only,True,0,0,1994-1999,MalariaGEN Pf8
SPT42908,1132-PF-K1000G-DBS-KE-BEJON,Kenya,Kilifi,1996,SPT42908,True,69.56,gDNA,ERR3467397,T,T_only,True,1,1,1994-1999,MalariaGEN Pf8
SPT42909,1132-PF-K1000G-DBS-KE-BEJON,Kenya,Kilifi,1996,SPT42909,True,89.74,sWGA,ERR3457016,K,K_only,True,0,0,1994-1999,MalariaGEN Pf8
SPT42910,1132-PF-K1000G-DBS-KE-BEJON,Kenya,Kilifi,1996,SPT42910,True,90.05,sWGA,ERR3457025,T,T_only,True,1,1,1994-1999,MalariaGEN Pf8
SPT42911,1132-PF-K1000G-DBS-KE-BEJON,Kenya,Kilifi,1996,SPT42911,True,89.89,sWGA,ERR3457011,T,T_only,True,1,1,1994-1999,MalariaGEN Pf8
SPT42912,1132-PF-K1000G-DBS-KE-BEJON,Kenya,Kilifi,1996,SPT42912,True,90.09,sWGA,ERR3456947,T,T_only,True,1,1,1994-1999,MalariaGEN Pf8
SPT42913,1132-PF-K1000G-DBS-KE-BEJON,Kenya,Kilifi,1996,SPT42913,True,89.52,sWGA,ERR3457013,T,T_only,True,1,1,1994-1999,MalariaGEN Pf8
SPT42914,1132-PF-K1000G-DBS-KE-BEJON,Kenya,Kilifi,1996,SPT42914,True,90.0,sWGA,ERR3456968,T,T_only,True,1,1,1994-1999,MalariaGEN Pf8
SPT42915,1132-PF-K1000G-DBS-KE-BEJON,Kenya,Kilifi,1996,SPT42915,True,89.41,sWGA,ERR3457015,"T,K",mixed_KT,True,1,,1994-1999,MalariaGEN Pf8
SPT42916,1132-PF-K1000G-DBS-KE-BEJON,Kenya,Kilifi,1996,SPT42916,True,89.87,sWGA,ERR3456962,T,T_only,True,1,1,1994-1999,MalariaGEN Pf8
SPT42917,1132-PF-K1000G-DBS-KE-BEJON,Kenya,Kilifi,1996,SPT42917,True,90.29,sWGA,ERR3457204,"T,K",mixed_KT,True,1,,1994-1999,MalariaGEN Pf8
SPT42918,1132-PF-K1000G-DBS-KE-BEJON,Kenya,Kilifi,1996,SPT42918,True,89.94,sWGA,ERR3457008,T,T_only,True,1,1,1994-1999,MalariaGEN Pf8
SPT42919,1132-PF-K1000G-DBS-KE-BEJON,Kenya,Kilifi,1996,SPT42919,True,89.42,sWGA,ERR3457023,T,T_only,True,1,1,1994-1999,MalariaGEN Pf8
SPT42920,1132-PF-K1000G-DBS-KE-BEJON,Kenya,Kilifi,1996,SPT42920,True,89.38,sWGA,ERR3456966,T,T_only,True,1,1,1994-1999,MalariaGEN Pf8
SPT42921,1132-PF-K1000G-DBS-KE-BEJON,Kenya,Kilifi,1996,SPT42921,True,89.99,sWGA,ERR3456973,T,T_only,True,1,1,1994-1999,MalariaGEN Pf8
SPT42922,1132-PF-K1000G-DBS-KE-BEJON,Kenya,Kilifi,1996,SPT42922,True,89.53,sWGA,ERR3456974,T,T_only,True,1,1,1994-1999,MalariaGEN Pf8
SPT42923,1132-PF-K1000G-DBS-KE-BEJON,Kenya,Kilifi,1996,SPT42923,True,89.57,sWGA,ERR3457007,T,T_only,True,1,1,1994-1999,MalariaGEN Pf8
SPT42924,1132-PF-K1000G-DBS-KE-BEJON,Kenya,Kilifi,1996,SPT42924,True,90.08,sWGA,ERR3456986,T,T_only,True,1,1,1994-1999,MalariaGEN Pf8
SPT42925,1132-PF-K1000G-DBS-KE-BEJON,Kenya,Kilifi,1996,SPT42925,True,89.71,sWGA,ERR3456988,K,K_only,True,0,0,1994-1999,MalariaGEN Pf8
SPT42926,1132-PF-K1000G-DBS-KE-BEJON,Kenya,Kilifi,1996,SPT42926,True,90.48,sWGA,ERR3456989,T,T_only,True,1,1,1994-1999,MalariaGEN Pf8
SPT42927,1132-PF-K1000G-DBS-KE-BEJON,Kenya,Kilifi,1996,SPT42927,True,89.82,sWGA,ERR3456999,T,T_only,True,1,1,1994-1999,MalariaGEN Pf8
SPT42928,1132-PF-K1000G-DBS-KE-BEJON,Kenya,Kilifi,1996,SPT42928,True,89.67,sWGA,ERR3457021,K,K_only,True,0,0,1994-1999,MalariaGEN Pf8
SPT42929,1132-PF-K1000G-DBS-KE-BEJON,Kenya,Kilifi,1996,SPT42929,True,89.81,sWGA,ERR3457003,K,K_only,True,0,0,1994-1999,MalariaGEN Pf8
SPT42930,1132-PF-K1000G-DBS-KE-BEJON,Kenya,Kilifi,1996,SPT42930,True,90.34,sWGA,ERR3457020,"K,T",mixed_KT,True,1,,1994-1999,MalariaGEN Pf8
SPT42931,1132-PF-K1000G-DBS-KE-BEJON,Kenya,Kilifi,1996,SPT42931,True,89.89,sWGA,ERR3457022,T,T_only,True,1,1,1994-1999,MalariaGEN Pf8
SPT42932,1132-PF-K1000G-DBS-KE-BEJON,Kenya,Kilifi,1996,SPT42932,True,83.15,gDNA,ERR3467326,T,T_only,True,1,1,1994-1999,MalariaGEN Pf8
SPT42933,1132-PF-K1000G-DBS-KE-BEJON,Kenya,Kilifi,1996,SPT42933,True,80.82,gDNA,ERR3467358,"T,K",mixed_KT,True,1,,1994-1999,MalariaGEN Pf8
SPT42935,1132-PF-K1000G-DBS-KE-BEJON,Kenya,Kilifi,1996,SPT42935,True,89.81,sWGA,ERR3456955,K,K_only,True,0,0,1994-1999,MalariaGEN Pf8
SPT42936,1132-PF-K1000G-DBS-KE-BEJON,Kenya,Kilifi,1996,SPT42936,True,89.67,sWGA,ERR3457009,K,K_only,True,0,0,1994-1999,MalariaGEN Pf8
SPT42937,1132-PF-K1000G-DBS-KE-BEJON,Kenya,Kilifi,1996,SPT42937,True,90.15,sWGA,ERR3457006,T,T_only,True,1,1,1994-1999,MalariaGEN Pf8
SPT42938,1132-PF-K1000G-DBS-KE-BEJON,Kenya,Kilifi,1996,SPT42938,True,89.57,sWGA,ERR3456991,"T,K",mixed_KT,True,1,,1994-1999,MalariaGEN Pf8
SPT42939,1132-PF-K1000G-DBS-KE-BEJON,Kenya,Kilifi,1996,SPT42939,True,89.68,sWGA,ERR3456978,K,K_only,True,0,0,1994-1999,MalariaGEN Pf8
SPT42940,1132-PF-K1000G-DBS-KE-BEJON,Kenya,Kilifi,1996,SPT42940,True,89.93,sWGA,ERR3457010,T,T_only,True,1,1,1994-1999,MalariaGEN Pf8
PC4014-C,1132-PF-K1000G-DBS-KE-BEJON,Kenya,Kilifi,1997,PC4014-C,True,85.69,gDNA,ERR1818194,T,T_only,True,1,1,1994-1999,MalariaGEN Pf8
PC4015-C,1132-PF-K1000G-DBS-KE-BEJON,Kenya,Kilifi,1997,PC4015-C,True,88.99,gDNA,ERR1818195,K,K_only,True,0,0,1994-1999,MalariaGEN Pf8
PC4016-C,1132-PF-K1000G-DBS-KE-BEJON,Kenya,Kilifi,1997,PC4016-C,True,86.53,gDNA,ERR1818196,T,T_only,True,1,1,1994-1999,MalariaGEN Pf8
PC4019-C,1132-PF-K1000G-DBS-KE-BEJON,Kenya,Kilifi,1997,PC4019-C,True,85.55,gDNA,ERR1818198,T,T_only,True,1,1,1994-1999,MalariaGEN Pf8
PC4021-C,1132-PF-K1000G-DBS-KE-BEJON,Kenya,Kilifi,1997,PC4021-C,True,87.02,gDNA,ERR1818199,T,T_only,True,1,1,1994-1999,MalariaGEN Pf8
PC4024-C,1132-PF-K1000G-DBS-KE-BEJON,Kenya,Kilifi,1997,PC4024-C,True,85.53,gDNA,ERR1818201,T,T_only,True,1,1,1994-1999,MalariaGEN Pf8
PC4025-C,1132-PF-K1000G-DBS-KE-BEJON,Kenya,Kilifi,1997,PC4025-C,True,88.49,gDNA,ERR1818202,K,K_only,True,0,0,1994-1999,MalariaGEN Pf8
PC4026-C,1132-PF-K1000G-DBS-KE-BEJON,Kenya,Kilifi,1997,PC4026-C,True,89.52,gDNA,ERR1818203,T,T_only,True,1,1,1994-1999,MalariaGEN Pf8
PC4027-C,1132-PF-K1000G-DBS-KE-BEJON,Kenya,Kilifi,1997,PC4027-C,True,89.29,gDNA,ERR1818204,"T,K",mixed_KT,True,1,,1994-1999,MalariaGEN Pf8
PC4028-C,1132-PF-K1000G-DBS-KE-BEJON,Kenya,Kilifi,1997,PC4028-C,True,88.31,gDNA,ERR1818205,"T,K",mixed_KT,True,1,,1994-1999,MalariaGEN Pf8
PC4030-C,1132-PF-K1000G-DBS-KE-BEJON,Kenya,Kilifi,1997,PC4030-C,True,88.89,gDNA,ERR1818206,"K,T",mixed_KT,True,1,,1994-1999,MalariaGEN Pf8
PC4032-C,1132-PF-K1000G-DBS-KE-BEJON,Kenya,Kilifi,1997,PC4032-C,True,85.0,gDNA,ERR1818208,T,T_only,True,1,1,1994-1999,MalariaGEN Pf8
PC4033-C,1132-PF-K1000G-DBS-KE-BEJON,Kenya,Kilifi,1997,PC4033-C,True,86.31,gDNA,ERR1818209,T,T_only,True,1,1,1994-1999,MalariaGEN Pf8
PC4034-C,1132-PF-K1000G-DBS-KE-BEJON,Kenya,Kilifi,1997,PC4034-C,True,88.2,gDNA,ERR1818210,K,K_only,True,0,0,1994-1999,MalariaGEN Pf8
PC4035-C,1132-PF-K1000G-DBS-KE-BEJON,Kenya,Kilifi,1997,PC4035-C,True,87.73,gDNA,ERR1818211,T,T_only,True,1,1,1994-1999,MalariaGEN Pf8
PC4036-C,1132-PF-K1000G-DBS-KE-BEJON,Kenya,Kilifi,1997,"PC4036-C,PC4036-Cx",True,88.98,gDNA,ERR1818212,T,T_only,True,1,1,1994-1999,MalariaGEN Pf8
PC4037-C,1132-PF-K1000G-DBS-KE-BEJON,Kenya,Kilifi,1997,PC4037-C,True,88.14,gDNA,ERR1818213,K,K_only,True,0,0,1994-1999,MalariaGEN Pf8
PC4038-C,1132-PF-K1000G-DBS-KE-BEJON,Kenya,Kilifi,1997,PC4038-C,True,87.36,gDNA,ERR1818214,T,T_only,True,1,1,1994-1999,MalariaGEN Pf8
PC4041-C,1132-PF-K1000G-DBS-KE-BEJON,Kenya,Kilifi,1997,PC4041-C,True,83.73,gDNA,ERR1818217,T,T_only,True,1,1,1994-1999,MalariaGEN Pf8
PC4044-C,1132-PF-K1000G-DBS-KE-BEJON,Kenya,Kilifi,1997,PC4044-C,True,86.91,gDNA,ERR1818221,T,T_only,True,1,1,1994-1999,MalariaGEN Pf8
PC4045-C,1132-PF-K1000G-DBS-KE-BEJON,Kenya,Kilifi,1997,PC4045-C,True,87.33,gDNA,ERR1818222,K,K_only,True,0,0,1994-1999,MalariaGEN Pf8
PC4048-C,1132-PF-K1000G-DBS-KE-BEJON,Kenya,Kilifi,1997,PC4048-C,True,85.97,gDNA,ERR1818225,T,T_only,True,1,1,1994-1999,MalariaGEN Pf8
SPT42941,1132-PF-K1000G-DBS-KE-BEJON,Kenya,Kilifi,1997,SPT42941,True,52.88,gDNA,ERR3467376,K,K_only,True,0,0,1994-1999,MalariaGEN Pf8
SPT42942,1132-PF-K1000G-DBS-KE-BEJON,Kenya,Kilifi,1997,SPT42942,True,83.0,gDNA,"ERR3467306,ERR3486332",T,T_only,True,1,1,1994-1999,MalariaGEN Pf8
SPT42943,1132-PF-K1000G-DBS-KE-BEJON,Kenya,Kilifi,1997,SPT42943,True,81.79,gDNA,"ERR3467301,ERR3486327",T,T_only,True,1,1,1994-1999,MalariaGEN Pf8
SPT50148,1132-PF-K1000G-DBS-KE-BEJON,Kenya,Kilifi,1997,SPT50148,True,90.82,sWGA,ERR4594601,"T,K",mixed_KT,True,1,,1994-1999,MalariaGEN Pf8
SPT50149,1132-PF-K1000G-DBS-KE-BEJON,Kenya,Kilifi,1997,SPT50149,True,90.93,sWGA,ERR4661157,T,T_only,True,1,1,1994-1999,MalariaGEN Pf8
SPT50150,1132-PF-K1000G-DBS-KE-BEJON,Kenya,Kilifi,1997,"PC4018-C,SPT50150",True,90.75,sWGA,ERR4661158,T,T_only,True,1,1,1994-1999,MalariaGEN Pf8
SPT50151,1132-PF-K1000G-DBS-KE-BEJON,Kenya,Kilifi,1997,SPT50151,True,90.1,sWGA,ERR4661172,T,T_only,True,1,1,1994-1999,MalariaGEN Pf8
SPT50152,1132-PF-K1000G-DBS-KE-BEJON,Kenya,Kilifi,1997,SPT50152,True,90.99,sWGA,ERR4594629,T,T_only,True,1,1,1994-1999,MalariaGEN Pf8
SPT50153,1132-PF-K1000G-DBS-KE-BEJON,Kenya,Kilifi,1997,SPT50153,True,90.95,sWGA,ERR4661182,"T,K",mixed_KT,True,1,,1994-1999,MalariaGEN Pf8
SPT50154,1132-PF-K1000G-DBS-KE-BEJON,Kenya,Kilifi,1997,SPT50154,True,90.84,sWGA,ERR4661184,T,T_only,True,1,1,1994-1999,MalariaGEN Pf8
SPT50270,1132-PF-K1000G-DBS-KE-BEJON,Kenya,Kilifi,1997,SPT50270,True,90.4,sWGA,ERR4661194,T,T_only,True,1,1,1994-1999,MalariaGEN Pf8
SPT50271,1132-PF-K1000G-DBS-KE-BEJON,Kenya,Kilifi,1997,SPT50271,True,90.79,sWGA,ERR4594656,T,T_only,True,1,1,1994-1999,MalariaGEN Pf8
SPT50272,1132-PF-K1000G-DBS-KE-BEJON,Kenya,Kilifi,1997,SPT50272,True,91.15,sWGA,ERR4594663,"T,K",mixed_KT,True,1,,1994-1999,MalariaGEN Pf8
SPT50273,1132-PF-K1000G-DBS-KE-BEJON,Kenya,Kilifi,1997,SPT50273,True,90.78,sWGA,ERR4661211,T,T_only,True,1,1,1994-1999,MalariaGEN Pf8
SPT50274,1132-PF-K1000G-DBS-KE-BEJON,Kenya,Kilifi,1997,SPT50274,True,89.1,sWGA,ERR4594635,T,T_only,True,1,1,1994-1999,MalariaGEN Pf8
SPT50275,1132-PF-K1000G-DBS-KE-BEJON,Kenya,Kilifi,1997,SPT50275,True,91.81,sWGA,ERR4661221,"K,T",mixed_KT,True,1,,1994-1999,MalariaGEN Pf8
SPT50276,1132-PF-K1000G-DBS-KE-BEJON,Kenya,Kilifi,1997,SPT50276,True,90.32,sWGA,ERR4661191,T,T_only,True,1,1,1994-1999,MalariaGEN Pf8
SPT50277,1132-PF-K1000G-DBS-KE-BEJON,Kenya,Kilifi,1997,SPT50277,True,90.61,sWGA,ERR4594649,K,K_only,True,0,0,1994-1999,MalariaGEN Pf8
SPT50278,1132-PF-K1000G-DBS-KE-BEJON,Kenya,Kilifi,1997,SPT50278,True,91.48,sWGA,ERR4661204,T,T_only,True,1,1,1994-1999,MalariaGEN Pf8
SPT50501,1132-PF-K1000G-DBS-KE-BEJON,Kenya,Kilifi,1997,SPT50501,True,90.85,sWGA,ERR4661248,"T,K",mixed_KT,True,1,,1994-1999,MalariaGEN Pf8
SPT50502,1132-PF-K1000G-DBS-KE-BEJON,Kenya,Kilifi,1997,SPT50502,True,90.31,sWGA,ERR4661255,K,K_only,True,0,0,1994-1999,MalariaGEN Pf8
SPT50503,1132-PF-K1000G-DBS-KE-BEJON,Kenya,Kilifi,1997,SPT50503,True,89.52,sWGA,ERR4661257,T,T_only,True,1,1,1994-1999,MalariaGEN Pf8
SPT50504,1132-PF-K1000G-DBS-KE-BEJON,Kenya,Kilifi,1997,SPT50504,True,86.53,sWGA,ERR4594539,T,T_only,True,1,1,1994-1999,MalariaGEN Pf8
SPT50505,1132-PF-K1000G-DBS-KE-BEJON,Kenya,Kilifi,1997,SPT50505,True,91.05,sWGA,ERR4594540,T,T_only,True,1,1,1994-1999,MalariaGEN Pf8
SPT50506,1132-PF-K1000G-DBS-KE-BEJON,Kenya,Kilifi,1997,SPT50506,True,91.12,sWGA,ERR4661277,"T,K",mixed_KT,True,1,,1994-1999,MalariaGEN Pf8
SPT50507,1132-PF-K1000G-DBS-KE-BEJON,Kenya,Kilifi,1997,SPT50507,True,90.35,sWGA,ERR4609701,T,T_only,True,1,1,1994-1999,MalariaGEN Pf8
SPT50508,1132-PF-K1000G-DBS-KE-BEJON,Kenya,Kilifi,1997,SPT50508,True,90.25,sWGA,ERR4609705,"T,K",mixed_KT,True,1,,1994-1999,MalariaGEN Pf8
SPT50509,1132-PF-K1000G-DBS-KE-BEJON,Kenya,Kilifi,1997,"PC4031-C,SPT50509",True,91.35,sWGA,ERR4609771,T,T_only,True,1,1,1994-1999,MalariaGEN Pf8
SPT50700,1132-PF-K1000G-DBS-KE-BEJON,Kenya,Kilifi,1997,SPT50700,True,88.61,sWGA,ERR4609879,K,K_only,True,0,0,1994-1999,MalariaGEN Pf8
SPT50701,1132-PF-K1000G-DBS-KE-BEJON,Kenya,Kilifi,1997,SPT50701,True,90.0,sWGA,ERR4609917,"K,T",mixed_KT,True,1,,1994-1999,MalariaGEN Pf8
SPT50702,1132-PF-K1000G-DBS-KE-BEJON,Kenya,Kilifi,1997,SPT50702,True,90.02,sWGA,ERR4609899,T,T_only,True,1,1,1994-1999,MalariaGEN Pf8
SPT50703,1132-PF-K1000G-DBS-KE-BEJON,Kenya,Kilifi,1997,SPT50703,True,90.09,sWGA,ERR4609909,T,T_only,True,1,1,1994-1999,MalariaGEN Pf8
SPT50714,1132-PF-K1000G-DBS-KE-BEJON,Kenya,Kilifi,1997,SPT50714,True,89.37,sWGA,ERR4609889,T,T_only,True,1,1,1994-1999,MalariaGEN Pf8
SPT50788,1132-PF-K1000G-DBS-KE-BEJON,Kenya,Kilifi,1997,SPT50788,True,88.17,sWGA,ERR4634308,K,K_only,True,0,0,1994-1999,MalariaGEN Pf8
SPT50789,1132-PF-K1000G-DBS-KE-BEJON,Kenya,Kilifi,1997,SPT50789,True,88.51,sWGA,ERR4634299,K,K_only,True,0,0,1994-1999,MalariaGEN Pf8
SPT50790,1132-PF-K1000G-DBS-KE-BEJON,Kenya,Kilifi,1997,SPT50790,True,72.83,sWGA,ERR4594732,K,K_only,True,0,0,1994-1999,MalariaGEN Pf8
SPT50791,1132-PF-K1000G-DBS-KE-BEJON,Kenya,Kilifi,1997,SPT50791,True,89.45,sWGA,ERR4594734,K,K_only,True,0,0,1994-1999,MalariaGEN Pf8
SPT50792,1132-PF-K1000G-DBS-KE-BEJON,Kenya,Kilifi,1997,SPT50792,True,83.06,sWGA,ERR4594736,K,K_only,True,0,0,1994-1999,MalariaGEN Pf8
SPT50793,1132-PF-K1000G-DBS-KE-BEJON,Kenya,Kilifi,1997,"PC4042-C,SPT50793",True,87.57,sWGA,ERR4634309,K,K_only,True,0,0,1994-1999,MalariaGEN Pf8
PC4039-C,1132-PF-K1000G-DBS-KE-BEJON,Kenya,Kilifi,1998,PC4039-C,True,86.36,gDNA,ERR1818215,T,T_only,True,1,1,1994-1999,MalariaGEN Pf8
PC4040-C,1132-PF-K1000G-DBS-KE-BEJON,Kenya,Kilifi,1998,PC4040-C,True,84.1,gDNA,ERR1818216,K,K_only,True,0,0,1994-1999,MalariaGEN Pf8
PC4043-C,1132-PF-K1000G-DBS-KE-BEJON,Kenya,Kilifi,1998,PC4043-C,True,85.44,gDNA,ERR1818219,T,T_only,True,1,1,1994-1999,MalariaGEN Pf8
PC4046-C,1132-PF-K1000G-DBS-KE-BEJON,Kenya,Kilifi,1998,PC4046-C,True,85.53,gDNA,ERR1818223,T,T_only,True,1,1,1994-1999,MalariaGEN Pf8
PC4047-C,1132-PF-K1000G-DBS-KE-BEJON,Kenya,Kilifi,1998,PC4047-C,True,81.93,gDNA,ERR1818224,T,T_only,True,1,1,1994-1999,MalariaGEN Pf8
SPT42944,1132-PF-K1000G-DBS-KE-BEJON,Kenya,Kilifi,1998,SPT42944,True,79.09,gDNA,ERR3467340,T,T_only,True,1,1,1994-1999,MalariaGEN Pf8
SPT42945,1132-PF-K1000G-DBS-KE-BEJON,Kenya,Kilifi,1998,SPT42945,True,90.54,sWGA,ERR3456984,T,T_only,True,1,1,1994-1999,MalariaGEN Pf8
SPT42946,1132-PF-K1000G-DBS-KE-BEJON,Kenya,Kilifi,1998,SPT42946,True,90.38,sWGA,ERR3456957,T,T_only,True,1,1,1994-1999,MalariaGEN Pf8
SPT42947,1132-PF-K1000G-DBS-KE-BEJON,Kenya,Kilifi,1998,SPT42947,True,90.36,sWGA,ERR3456942,"T,K",mixed_KT,True,1,,1994-1999,MalariaGEN Pf8
SPT42948,1132-PF-K1000G-DBS-KE-BEJON,Kenya,Kilifi,1998,SPT42948,True,67.35,gDNA,ERR3467363,T,T_only,True,1,1,1994-1999,MalariaGEN Pf8
SPT42949,1132-PF-K1000G-DBS-KE-BEJON,Kenya,Kilifi,1998,SPT42949,True,84.85,gDNA,"ERR3467284,ERR3486310",T,T_only,True,1,1,1994-1999,MalariaGEN Pf8
SPT42950,1132-PF-K1000G-DBS-KE-BEJON,Kenya,Kilifi,1998,SPT42950,True,90.06,sWGA,ERR3456950,T,T_only,True,1,1,1994-1999,MalariaGEN Pf8
SPT50155,1132-PF-K1000G-DBS-KE-BEJON,Kenya,Kilifi,1998,SPT50155,True,91.42,sWGA,ERR4661185,T,T_only,True,1,1,1994-1999,MalariaGEN Pf8
SPT50156,1132-PF-K1000G-DBS-KE-BEJON,Kenya,Kilifi,1998,SPT50156,True,89.76,sWGA,ERR4661156,T,T_only,True,1,1,1994-1999,MalariaGEN Pf8
SPT50157,1132-PF-K1000G-DBS-KE-BEJON,Kenya,Kilifi,1998,SPT50157,True,89.06,sWGA,ERR4661153,T,T_only,True,1,1,1994-1999,MalariaGEN Pf8
SPT50158,1132-PF-K1000G-DBS-KE-BEJON,Kenya,Kilifi,1998,SPT50158,True,90.2,sWGA,ERR4594600,T,T_only,True,1,1,1994-1999,MalariaGEN Pf8
SPT50159,1132-PF-K1000G-DBS-KE-BEJON,Kenya,Kilifi,1998,SPT50159,True,90.22,sWGA,ERR4594625,T,T_only,True,1,1,1994-1999,MalariaGEN Pf8
SPT50160,1132-PF-K1000G-DBS-KE-BEJON,Kenya,Kilifi,1998,SPT50160,True,90.0,sWGA,ERR4661147,T,T_only,True,1,1,1994-1999,MalariaGEN Pf8
SPT50161,1132-PF-K1000G-DBS-KE-BEJON,Kenya,Kilifi,1998,SPT50161,True,90.1,sWGA,ERR4661179,T,T_only,True,1,1,1994-1999,MalariaGEN Pf8
SPT50162,1132-PF-K1000G-DBS-KE-BEJON,Kenya,Kilifi,1998,SPT50162,True,90.26,sWGA,ERR4594620,T,T_only,True,1,1,1994-1999,MalariaGEN Pf8
SPT50163,1132-PF-K1000G-DBS-KE-BEJON,Kenya,Kilifi,1998,SPT50163,True,90.43,sWGA,ERR4594616,"K,T",mixed_KT,True,1,,1994-1999,MalariaGEN Pf8
SPT50279,1132-PF-K1000G-DBS-KE-BEJON,Kenya,Kilifi,1998,SPT50279,True,90.5,sWGA,ERR4661214,"T,K",mixed_KT,True,1,,1994-1999,MalariaGEN Pf8
SPT50280,1132-PF-K1000G-DBS-KE-BEJON,Kenya,Kilifi,1998,SPT50280,True,90.04,sWGA,ERR4594659,T,T_only,True,1,1,1994-1999,MalariaGEN Pf8
SPT50281,1132-PF-K1000G-DBS-KE-BEJON,Kenya,Kilifi,1998,SPT50281,True,91.1,sWGA,ERR4661225,T,T_only,True,1,1,1994-1999,MalariaGEN Pf8
SPT50510,1132-PF-K1000G-DBS-KE-BEJON,Kenya,Kilifi,1998,SPT50510,True,91.36,sWGA,ERR4609718,T,T_only,True,1,1,1994-1999,MalariaGEN Pf8
SPT50511,1132-PF-K1000G-DBS-KE-BEJON,Kenya,Kilifi,1998,SPT50511,True,90.29,sWGA,ERR4609709,T,T_only,True,1,1,1994-1999,MalariaGEN Pf8
SPT50512,1132-PF-K1000G-DBS-KE-BEJON,Kenya,Kilifi,1998,SPT50512,True,91.83,sWGA,ERR4609724,"K,T",mixed_KT,True,1,,1994-1999,MalariaGEN Pf8
SPT50513,1132-PF-K1000G-DBS-KE-BEJON,Kenya,Kilifi,1998,SPT50513,True,90.38,sWGA,ERR4609767,"K,T",mixed_KT,True,1,,1994-1999,MalariaGEN Pf8
SPT50514,1132-PF-K1000G-DBS-KE-BEJON,Kenya,Kilifi,1998,SPT50514,True,90.53,sWGA,ERR4609710,T,T_only,True,1,1,1994-1999,MalariaGEN Pf8
SPT50515,1132-PF-K1000G-DBS-KE-BEJON,Kenya,Kilifi,1998,SPT50515,True,89.56,sWGA,ERR4609704,K,K_only,True,0,0,1994-1999,MalariaGEN Pf8
SPT50517,1132-PF-K1000G-DBS-KE-BEJON,Kenya,Kilifi,1998,SPT50517,True,90.44,sWGA,ERR4609756,T,T_only,True,1,1,1994-1999,MalariaGEN Pf8
SPT50518,1132-PF-K1000G-DBS-KE-BEJON,Kenya,Kilifi,1998,SPT50518,True,90.91,sWGA,ERR4609768,T,T_only,True,1,1,1994-1999,MalariaGEN Pf8
SPT50519,1132-PF-K1000G-DBS-KE-BEJON,Kenya,Kilifi,1998,SPT50519,True,89.62,sWGA,ERR4609819,K,K_only,True,0,0,1994-1999,MalariaGEN Pf8
SPT50520,1132-PF-K1000G-DBS-KE-BEJON,Kenya,Kilifi,1998,SPT50520,True,91.15,sWGA,ERR4609720,T,T_only,True,1,1,1994-1999,MalariaGEN Pf8
SPT50521,1132-PF-K1000G-DBS-KE-BEJON,Kenya,Kilifi,1998,SPT50521,True,89.71,sWGA,ERR4609855,T,T_only,True,1,1,1994-1999,MalariaGEN Pf8
SPT50523,1132-PF-K1000G-DBS-KE-BEJON,Kenya,Kilifi,1998,SPT50523,True,91.08,sWGA,ERR4609716,T,T_only,True,1,1,1994-1999,MalariaGEN Pf8
SPT50524,1132-PF-K1000G-DBS-KE-BEJON,Kenya,Kilifi,1998,SPT50524,True,90.18,sWGA,ERR4609708,T,T_only,True,1,1,1994-1999,MalariaGEN Pf8
SPT50525,1132-PF-K1000G-DBS-KE-BEJON,Kenya,Kilifi,1998,SPT50525,True,90.12,sWGA,ERR4609752,T,T_only,True,1,1,1994-1999,MalariaGEN Pf8
SPT50526,1132-PF-K1000G-DBS-KE-BEJON,Kenya,Kilifi,1998,SPT50526,True,90.9,sWGA,ERR4609707,T,T_only,True,1,1,1994-1999,MalariaGEN Pf8
SPT50527,1132-PF-K1000G-DBS-KE-BEJON,Kenya,Kilifi,1998,SPT50527,True,91.06,sWGA,ERR4609763,T,T_only,True,1,1,1994-1999,MalariaGEN Pf8
SPT50528,1132-PF-K1000G-DBS-KE-BEJON,Kenya,Kilifi,1998,SPT50528,True,90.92,sWGA,ERR4609823,T,T_only,True,1,1,1994-1999,MalariaGEN Pf8
SPT50529,1132-PF-K1000G-DBS-KE-BEJON,Kenya,Kilifi,1998,SPT50529,True,89.99,sWGA,ERR4609717,T,T_only,True,1,1,1994-1999,MalariaGEN Pf8
SPT50530,1132-PF-K1000G-DBS-KE-BEJON,Kenya,Kilifi,1998,SPT50530,True,90.98,sWGA,ERR4609772,K,K_only,True,0,0,1994-1999,MalariaGEN Pf8
SPT50531,1132-PF-K1000G-DBS-KE-BEJON,Kenya,Kilifi,1998,SPT50531,True,90.41,sWGA,ERR4609769,T,T_only,True,1,1,1994-1999,MalariaGEN Pf8
SPT50532,1132-PF-K1000G-DBS-KE-BEJON,Kenya,Kilifi,1998,SPT50532,True,90.23,sWGA,ERR4609713,T,T_only,True,1,1,1994-1999,MalariaGEN Pf8
SPT50533,1132-PF-K1000G-DBS-KE-BEJON,Kenya,Kilifi,1998,SPT50533,True,91.32,sWGA,ERR4609765,T,T_only,True,1,1,1994-1999,MalariaGEN Pf8
SPT50534,1132-PF-K1000G-DBS-KE-BEJON,Kenya,Kilifi,1998,SPT50534,True,90.98,sWGA,ERR4609721,T,T_only,True,1,1,1994-1999,MalariaGEN Pf8
SPT50535,1132-PF-K1000G-DBS-KE-BEJON,Kenya,Kilifi,1998,SPT50535,True,90.7,sWGA,ERR4609703,T,T_only,True,1,1,1994-1999,MalariaGEN Pf8
SPT50560,1132-PF-K1000G-DBS-KE-BEJON,Kenya,Kilifi,1998,SPT50560,True,91.35,sWGA,ERR4609706,T,T_only,True,1,1,1994-1999,MalariaGEN Pf8
SPT50704,1132-PF-K1000G-DBS-KE-BEJON,Kenya,Kilifi,1998,SPT50704,True,88.69,sWGA,ERR4609829,K,K_only,True,0,0,1994-1999,MalariaGEN Pf8
SPT50706,1132-PF-K1000G-DBS-KE-BEJON,Kenya,Kilifi,1998,SPT50706,True,90.24,sWGA,ERR4609914,T,T_only,True,1,1,1994-1999,MalariaGEN Pf8
SPT50707,1132-PF-K1000G-DBS-KE-BEJON,Kenya,Kilifi,1998,SPT50707,True,86.99,sWGA,ERR4609875,T,T_only,True,1,1,1994-1999,MalariaGEN Pf8
SPT50708,1132-PF-K1000G-DBS-KE-BEJON,Kenya,Kilifi,1998,SPT50708,True,89.63,sWGA,ERR4609933,T,T_only,True,1,1,1994-1999,MalariaGEN Pf8
SPT50794,1132-PF-K1000G-DBS-KE-BEJON,Kenya,Kilifi,1998,SPT50794,True,85.62,sWGA,ERR4594740,K,K_only,True,0,0,1994-1999,MalariaGEN Pf8
SPT50795,1132-PF-K1000G-DBS-KE-BEJON,Kenya,Kilifi,1998,SPT50795,True,90.62,sWGA,ERR4594735,K,K_only,True,0,0,1994-1999,MalariaGEN Pf8
SPT50796,1132-PF-K1000G-DBS-KE-BEJON,Kenya,Kilifi,1998,SPT50796,True,90.0,sWGA,ERR4609800,K,K_only,True,0,0,1994-1999,MalariaGEN Pf8
SPT50797,1132-PF-K1000G-DBS-KE-BEJON,Kenya,Kilifi,1998,SPT50797,True,89.87,sWGA,ERR4609811,"K,T",mixed_KT,True,1,,1994-1999,MalariaGEN Pf8
SPT50798,1132-PF-K1000G-DBS-KE-BEJON,Kenya,Kilifi,1998,SPT50798,True,89.13,sWGA,ERR4634319,K,K_only,True,0,0,1994-1999,MalariaGEN Pf8
SPT50799,1132-PF-K1000G-DBS-KE-BEJON,Kenya,Kilifi,1998,SPT50799,True,88.54,sWGA,ERR4634307,K,K_only,True,0,0,1994-1999,MalariaGEN Pf8
SPT50800,1132-PF-K1000G-DBS-KE-BEJON,Kenya,Kilifi,1998,SPT50800,True,89.61,sWGA,ERR4594738,K,K_only,True,0,0,1994-1999,MalariaGEN Pf8
SPT50801,1132-PF-K1000G-DBS-KE-BEJON,Kenya,Kilifi,1998,SPT50801,True,88.27,sWGA,ERR4634306,T,T_only,True,1,1,1994-1999,MalariaGEN Pf8
SPT50802,1132-PF-K1000G-DBS-KE-BEJON,Kenya,Kilifi,1998,SPT50802,True,89.07,sWGA,ERR4594731,K,K_only,True,0,0,1994-1999,MalariaGEN Pf8
SPT50803,1132-PF-K1000G-DBS-KE-BEJON,Kenya,Kilifi,1998,SPT50803,True,89.3,sWGA,ERR4594730,K,K_only,True,0,0,1994-1999,MalariaGEN Pf8
SPT50804,1132-PF-K1000G-DBS-KE-BEJON,Kenya,Kilifi,1998,SPT50804,True,89.13,sWGA,ERR4634313,K,K_only,True,0,0,1994-1999,MalariaGEN Pf8
SPT42951,1132-PF-K1000G-DBS-KE-BEJON,Kenya,Kilifi,1999,SPT42951,True,90.29,sWGA,ERR3456963,T,T_only,True,1,1,1994-1999,MalariaGEN Pf8
SPT42952,1132-PF-K1000G-DBS-KE-BEJON,Kenya,Kilifi,1999,SPT42952,True,90.07,sWGA,ERR3456951,T,T_only,True,1,1,1994-1999,MalariaGEN Pf8
SPT50164,1132-PF-K1000G-DBS-KE-BEJON,Kenya,Kilifi,1999,SPT50164,True,91.4,sWGA,ERR4661146,T,T_only,True,1,1,1994-1999,MalariaGEN Pf8
SPT50282,1132-PF-K1000G-DBS-KE-BEJON,Kenya,Kilifi,1999,SPT50282,True,91.14,sWGA,ERR4661198,T,T_only,True,1,1,1994-1999,MalariaGEN Pf8
SPT50710,1132-PF-K1000G-DBS-KE-BEJON,Kenya,Kilifi,1999,SPT50710,True,90.32,sWGA,ERR4609934,T,T_only,True,1,1,1994-1999,MalariaGEN Pf8
SPT50711,1132-PF-K1000G-DBS-KE-BEJON,Kenya,Kilifi,1999,SPT50711,True,89.51,sWGA,ERR4609834,"K,T",mixed_KT,True,1,,1994-1999,MalariaGEN Pf8
SPT50712,1132-PF-K1000G-DBS-KE-BEJON,Kenya,Kilifi,1999,SPT50712,True,90.84,sWGA,ERR4609929,T,T_only,True,1,1,1994-1999,MalariaGEN Pf8
SPT50713,1132-PF-K1000G-DBS-KE-BEJON,Kenya,Kilifi,1999,SPT50713,True,89.96,sWGA,ERR4609905,T,T_only,True,1,1,1994-1999,MalariaGEN Pf8
SPT50716,1132-PF-K1000G-DBS-KE-BEJON,Kenya,Kilifi,1999,SPT50716,True,91.49,sWGA,ERR4609776,"K,T",mixed_KT,True,1,,1994-1999,MalariaGEN Pf8
SPT50717,1132-PF-K1000G-DBS-KE-BEJON,Kenya,Kilifi,1999,SPT50717,True,91.07,sWGA,ERR4609774,"T,K",mixed_KT,True,1,,1994-1999,MalariaGEN Pf8
SPT50747,1132-PF-K1000G-DBS-KE-BEJON,Kenya,Kilifi,1999,SPT50747,True,89.98,sWGA,ERR4609873,"K,T",mixed_KT,True,1,,1994-1999,MalariaGEN Pf8
SPT50748,1132-PF-K1000G-DBS-KE-BEJON,Kenya,Kilifi,1999,SPT50748,True,89.95,sWGA,ERR4609890,T,T_only,True,1,1,1994-1999,MalariaGEN Pf8
SPT50295,1132-PF-K1000G-DBS-KE-BEJON,Kenya,Kilifi,2000,SPT50295,True,91.35,sWGA,ERR4661195,T,T_only,True,1,1,2000-2004,MalariaGEN Pf8
SPT50296,1132-PF-K1000G-DBS-KE-BEJON,Kenya,Kilifi,2000,SPT50296,True,91.12,sWGA,ERR4661230,T,T_only,True,1,1,2000-2004,MalariaGEN Pf8
SPT50297,1132-PF-K1000G-DBS-KE-BEJON,Kenya,Kilifi,2000,SPT50297,True,90.91,sWGA,ERR4661239,T,T_only,True,1,1,2000-2004,MalariaGEN Pf8
SPT50316,1132-PF-K1000G-DBS-KE-BEJON,Kenya,Kilifi,2000,SPT50316,True,91.06,sWGA,ERR4661219,T,T_only,True,1,1,2000-2004,MalariaGEN Pf8
SPT50317,1132-PF-K1000G-DBS-KE-BEJON,Kenya,Kilifi,2000,SPT50317,True,90.58,sWGA,ERR4594651,T,T_only,True,1,1,2000-2004,MalariaGEN Pf8
SPT50318,1132-PF-K1000G-DBS-KE-BEJON,Kenya,Kilifi,2000,SPT50318,True,90.69,sWGA,ERR4594644,T,T_only,True,1,1,2000-2004,MalariaGEN Pf8
SPT50319,1132-PF-K1000G-DBS-KE-BEJON,Kenya,Kilifi,2000,SPT50319,True,90.68,sWGA,ERR4661140,T,T_only,True,1,1,2000-2004,MalariaGEN Pf8
SPT50320,1132-PF-K1000G-DBS-KE-BEJON,Kenya,Kilifi,2000,SPT50320,True,90.77,sWGA,ERR4661106,T,T_only,True,1,1,2000-2004,MalariaGEN Pf8
SPT50321,1132-PF-K1000G-DBS-KE-BEJON,Kenya,Kilifi,2000,SPT50321,True,90.17,sWGA,ERR4609936,T,T_only,True,1,1,2000-2004,MalariaGEN Pf8
SPT50322,1132-PF-K1000G-DBS-KE-BEJON,Kenya,Kilifi,2000,SPT50322,True,90.99,sWGA,ERR4661133,T,T_only,True,1,1,2000-2004,MalariaGEN Pf8
SPT50718,1132-PF-K1000G-DBS-KE-BEJON,Kenya,Kilifi,2000,SPT50718,True,91.39,sWGA,ERR4609775,"K,T",mixed_KT,True,1,,2000-2004,MalariaGEN Pf8
SPT50719,1132-PF-K1000G-DBS-KE-BEJON,Kenya,Kilifi,2000,SPT50719,True,90.06,sWGA,ERR4609930,K,K_only,True,0,0,2000-2004,MalariaGEN Pf8
SPT50720,1132-PF-K1000G-DBS-KE-BEJON,Kenya,Kilifi,2000,SPT50720,True,89.77,sWGA,ERR4609888,K,K_only,True,0,0,2000-2004,MalariaGEN Pf8
SPT50724,1132-PF-K1000G-DBS-KE-BEJON,Kenya,Kilifi,2000,SPT50724,True,90.12,sWGA,ERR4609903,K,K_only,True,0,0,2000-2004,MalariaGEN Pf8
SPT50725,1132-PF-K1000G-DBS-KE-BEJON,Kenya,Kilifi,2000,SPT50725,True,90.05,sWGA,ERR4609919,T,T_only,True,1,1,2000-2004,MalariaGEN Pf8
SPT50726,1132-PF-K1000G-DBS-KE-BEJON,Kenya,Kilifi,2000,SPT50726,True,90.35,sWGA,ERR4609921,T,T_only,True,1,1,2000-2004,MalariaGEN Pf8
SPT50805,1132-PF-K1000G-DBS-KE-BEJON,Kenya,Kilifi,2000,SPT50805,True,88.11,sWGA,ERR4634300,K,K_only,True,0,0,2000-2004,MalariaGEN Pf8
SPT50807,1132-PF-K1000G-DBS-KE-BEJON,Kenya,Kilifi,2000,SPT50807,True,90.25,sWGA,ERR4609808,K,K_only,True,0,0,2000-2004,MalariaGEN Pf8
PC4052-C,1132-PF-K1000G-DBS-KE-BEJON,Kenya,Kilifi,2003,PC4052-C,True,86.39,gDNA,ERR1818229,K,K_only,True,0,0,2000-2004,MalariaGEN Pf8
PC4054-C,1132-PF-K1000G-DBS-KE-BEJON,Kenya,Kilifi,2003,PC4054-C,True,85.55,gDNA,ERR1818230,T,T_only,True,1,1,2000-2004,MalariaGEN Pf8
SPT50165,1132-PF-K1000G-DBS-KE-BEJON,Kenya,Kilifi,2003,SPT50165,True,90.75,sWGA,ERR4661165,K,K_only,True,0,0,2000-2004,MalariaGEN Pf8
SPT50166,1132-PF-K1000G-DBS-KE-BEJON,Kenya,Kilifi,2003,"PC4051-C,SPT50166",True,90.65,sWGA,ERR4661176,K,K_only,True,0,0,2000-2004,MalariaGEN Pf8
SPT50283,1132-PF-K1000G-DBS-KE-BEJON,Kenya,Kilifi,2003,SPT50283,True,86.98,sWGA,ERR4661192,T,T_only,True,1,1,2000-2004,MalariaGEN Pf8
SPT50284,1132-PF-K1000G-DBS-KE-BEJON,Kenya,Kilifi,2003,SPT50284,True,90.26,sWGA,ERR4661205,T,T_only,True,1,1,2000-2004,MalariaGEN Pf8
SPT50285,1132-PF-K1000G-DBS-KE-BEJON,Kenya,Kilifi,2003,SPT50285,True,91.06,sWGA,ERR4661196,K,K_only,True,0,0,2000-2004,MalariaGEN Pf8
SPT50286,1132-PF-K1000G-DBS-KE-BEJON,Kenya,Kilifi,2003,SPT50286,True,91.17,sWGA,ERR4661193,K,K_only,True,0,0,2000-2004,MalariaGEN Pf8
SPT50536,1132-PF-K1000G-DBS-KE-BEJON,Kenya,Kilifi,2003,SPT50536,True,90.04,sWGA,ERR4609865,K,K_only,True,0,0,2000-2004,MalariaGEN Pf8
SPT50537,1132-PF-K1000G-DBS-KE-BEJON,Kenya,Kilifi,2003,SPT50537,True,91.25,sWGA,ERR4609722,T,T_only,True,1,1,2000-2004,MalariaGEN Pf8
SPT50538,1132-PF-K1000G-DBS-KE-BEJON,Kenya,Kilifi,2003,SPT50538,True,91.42,sWGA,ERR4609773,"T,K",mixed_KT,True,1,,2000-2004,MalariaGEN Pf8
SPT50539,1132-PF-K1000G-DBS-KE-BEJON,Kenya,Kilifi,2003,SPT50539,True,89.95,sWGA,ERR4609816,K,K_only,True,0,0,2000-2004,MalariaGEN Pf8
SPT50540,1132-PF-K1000G-DBS-KE-BEJON,Kenya,Kilifi,2003,SPT50540,True,89.98,sWGA,ERR4609820,T,T_only,True,1,1,2000-2004,MalariaGEN Pf8
SPT50541,1132-PF-K1000G-DBS-KE-BEJON,Kenya,Kilifi,2003,SPT50541,True,90.39,sWGA,ERR4609762,K,K_only,True,0,0,2000-2004,MalariaGEN Pf8
SPT50542,1132-PF-K1000G-DBS-KE-BEJON,Kenya,Kilifi,2003,SPT50542,True,89.65,sWGA,ERR4609750,T,T_only,True,1,1,2000-2004,MalariaGEN Pf8
SPT50543,1132-PF-K1000G-DBS-KE-BEJON,Kenya,Kilifi,2003,SPT50543,True,89.82,sWGA,ERR4609847,"T,K",mixed_KT,True,1,,2000-2004,MalariaGEN Pf8
SPT50544,1132-PF-K1000G-DBS-KE-BEJON,Kenya,Kilifi,2003,"PC4056-C,SPT50544",True,87.47,sWGA,ERR4609866,"K,T",mixed_KT,True,1,,2000-2004,MalariaGEN Pf8
SPT50545,1132-PF-K1000G-DBS-KE-BEJON,Kenya,Kilifi,2003,"PC4050-C,PC4050-Cx,SPT50545",True,90.31,sWGA,ERR4609867,K,K_only,True,0,0,2000-2004,MalariaGEN Pf8
SPT50546,1132-PF-K1000G-DBS-KE-BEJON,Kenya,Kilifi,2003,SPT50546,True,91.2,sWGA,ERR4609711,"T,K",mixed_KT,True,1,,2000-2004,MalariaGEN Pf8
SPT50547,1132-PF-K1000G-DBS-KE-BEJON,Kenya,Kilifi,2003,SPT50547,True,90.39,sWGA,ERR4609821,"T,K",mixed_KT,True,1,,2000-2004,MalariaGEN Pf8
SPT50548,1132-PF-K1000G-DBS-KE-BEJON,Kenya,Kilifi,2003,SPT50548,True,91.21,sWGA,ERR4609758,T,T_only,True,1,1,2000-2004,MalariaGEN Pf8
SPT50549,1132-PF-K1000G-DBS-KE-BEJON,Kenya,Kilifi,2003,SPT50549,True,91.14,sWGA,ERR4609747,"T,K",mixed_KT,True,1,,2000-2004,MalariaGEN Pf8
SPT50550,1132-PF-K1000G-DBS-KE-BEJON,Kenya,Kilifi,2003,SPT50550,True,90.29,sWGA,ERR4609862,K,K_only,True,0,0,2000-2004,MalariaGEN Pf8
SPT50721,1132-PF-K1000G-DBS-KE-BEJON,Kenya,Kilifi,2003,SPT50721,True,90.28,sWGA,ERR4609923,"T,K",mixed_KT,True,1,,2000-2004,MalariaGEN Pf8
SPT50722,1132-PF-K1000G-DBS-KE-BEJON,Kenya,Kilifi,2003,SPT50722,True,89.94,sWGA,ERR4609918,T,T_only,True,1,1,2000-2004,MalariaGEN Pf8
SPT50723,1132-PF-K1000G-DBS-KE-BEJON,Kenya,Kilifi,2003,SPT50723,True,89.21,sWGA,ERR4609877,T,T_only,True,1,1,2000-2004,MalariaGEN Pf8
SPT50808,1132-PF-K1000G-DBS-KE-BEJON,Kenya,Kilifi,2003,SPT50808,True,90.34,sWGA,ERR4609699,K,K_only,True,0,0,2000-2004,MalariaGEN Pf8
SPT50809,1132-PF-K1000G-DBS-KE-BEJON,Kenya,Kilifi,2003,SPT50809,True,89.84,sWGA,ERR4634312,K,K_only,True,0,0,2000-2004,MalariaGEN Pf8
SPT50810,1132-PF-K1000G-DBS-KE-BEJON,Kenya,Kilifi,2003,SPT50810,True,90.28,sWGA,ERR4594729,K,K_only,True,0,0,2000-2004,MalariaGEN Pf8
SPT50919,1132-PF-K1000G-DBS-KE-BEJON,Kenya,Kilifi,2003,SPT50919,True,90.84,sWGA,ERR4634324,K,K_only,True,0,0,2000-2004,MalariaGEN Pf8
SPT50920,1132-PF-K1000G-DBS-KE-BEJON,Kenya,Kilifi,2003,SPT50920,True,91.01,sWGA,ERR4609669,K,K_only,True,0,0,2000-2004,MalariaGEN Pf8
SPT50921,1132-PF-K1000G-DBS-KE-BEJON,Kenya,Kilifi,2003,SPT50921,True,90.39,sWGA,ERR4634341,K,K_only,True,0,0,2000-2004,MalariaGEN Pf8
SPT50922,1132-PF-K1000G-DBS-KE-BEJON,Kenya,Kilifi,2003,SPT50922,True,91.02,sWGA,ERR4609693,K,K_only,True,0,0,2000-2004,MalariaGEN Pf8
SPT50923,1132-PF-K1000G-DBS-KE-BEJON,Kenya,Kilifi,2003,SPT50923,True,90.1,sWGA,ERR4634337,K,K_only,True,0,0,2000-2004,MalariaGEN Pf8
SPT50924,1132-PF-K1000G-DBS-KE-BEJON,Kenya,Kilifi,2003,SPT50924,True,90.72,sWGA,ERR4609656,K,K_only,True,0,0,2000-2004,MalariaGEN Pf8
SPT50925,1132-PF-K1000G-DBS-KE-BEJON,Kenya,Kilifi,2003,SPT50925,True,90.74,sWGA,ERR4609688,K,K_only,True,0,0,2000-2004,MalariaGEN Pf8
SPT50926,1132-PF-K1000G-DBS-KE-BEJON,Kenya,Kilifi,2003,SPT50926,True,91.03,sWGA,ERR4609664,K,K_only,True,0,0,2000-2004,MalariaGEN Pf8
SPT50927,1132-PF-K1000G-DBS-KE-BEJON,Kenya,Kilifi,2003,SPT50927,True,87.35,sWGA,ERR4609691,K,K_only,True,0,0,2000-2004,MalariaGEN Pf8
SPT50928,1132-PF-K1000G-DBS-KE-BEJON,Kenya,Kilifi,2003,SPT50928,True,90.86,sWGA,ERR4609675,K,K_only,True,0,0,2000-2004,MalariaGEN Pf8
SPT50929,1132-PF-K1000G-DBS-KE-BEJON,Kenya,Kilifi,2003,SPT50929,True,90.91,sWGA,ERR4634327,K,K_only,True,0,0,2000-2004,MalariaGEN Pf8
SPT50930,1132-PF-K1000G-DBS-KE-BEJON,Kenya,Kilifi,2003,SPT50930,True,90.86,sWGA,ERR4609653,T,T_only,True,1,1,2000-2004,MalariaGEN Pf8
SPT50931,1132-PF-K1000G-DBS-KE-BEJON,Kenya,Kilifi,2003,SPT50931,True,90.01,sWGA,ERR4634323,T,T_only,True,1,1,2000-2004,MalariaGEN Pf8
SPT50932,1132-PF-K1000G-DBS-KE-BEJON,Kenya,Kilifi,2003,SPT50932,True,90.84,sWGA,ERR4609660,T,T_only,True,1,1,2000-2004,MalariaGEN Pf8
SPT50933,1132-PF-K1000G-DBS-KE-BEJON,Kenya,Kilifi,2003,SPT50933,True,90.44,sWGA,ERR4609686,T,T_only,True,1,1,2000-2004,MalariaGEN Pf8
SPT50934,1132-PF-K1000G-DBS-KE-BEJON,Kenya,Kilifi,2003,SPT50934,True,89.93,sWGA,ERR4634322,K,K_only,True,0,0,2000-2004,MalariaGEN Pf8
SPT50935,1132-PF-K1000G-DBS-KE-BEJON,Kenya,Kilifi,2003,SPT50935,True,90.88,sWGA,ERR4609680,T,T_only,True,1,1,2000-2004,MalariaGEN Pf8
SPT50936,1132-PF-K1000G-DBS-KE-BEJON,Kenya,Kilifi,2003,SPT50936,True,90.79,sWGA,ERR4609652,T,T_only,True,1,1,2000-2004,MalariaGEN Pf8
SPT50937,1132-PF-K1000G-DBS-KE-BEJON,Kenya,Kilifi,2003,SPT50937,True,90.46,sWGA,ERR4634331,T,T_only,True,1,1,2000-2004,MalariaGEN Pf8
SPT50938,1132-PF-K1000G-DBS-KE-BEJON,Kenya,Kilifi,2003,SPT50938,True,87.88,sWGA,ERR4594717,K,K_only,True,0,0,2000-2004,MalariaGEN Pf8
SPT50939,1132-PF-K1000G-DBS-KE-BEJON,Kenya,Kilifi,2003,SPT50939,True,90.37,sWGA,ERR4634336,T,T_only,True,1,1,2000-2004,MalariaGEN Pf8
SPT50940,1132-PF-K1000G-DBS-KE-BEJON,Kenya,Kilifi,2003,SPT50940,True,90.71,sWGA,ERR4609658,"T,K",mixed_KT,True,1,,2000-2004,MalariaGEN Pf8
SPT50941,1132-PF-K1000G-DBS-KE-BEJON,Kenya,Kilifi,2003,SPT50941,True,90.7,sWGA,ERR4609696,T,T_only,True,1,1,2000-2004,MalariaGEN Pf8
SPT50942,1132-PF-K1000G-DBS-KE-BEJON,Kenya,Kilifi,2003,SPT50942,True,90.62,sWGA,ERR4634339,T,T_only,True,1,1,2000-2004,MalariaGEN Pf8
SPT50943,1132-PF-K1000G-DBS-KE-BEJON,Kenya,Kilifi,2003,SPT50943,True,90.7,sWGA,ERR4634332,K,K_only,True,0,0,2000-2004,MalariaGEN Pf8
SPT50944,1132-PF-K1000G-DBS-KE-BEJON,Kenya,Kilifi,2003,SPT50944,True,90.66,sWGA,ERR4609650,K,K_only,True,0,0,2000-2004,MalariaGEN Pf8
SPT50945,1132-PF-K1000G-DBS-KE-BEJON,Kenya,Kilifi,2003,SPT50945,True,90.07,sWGA,ERR4609672,K,K_only,True,0,0,2000-2004,MalariaGEN Pf8
PC4049-C,1132-PF-K1000G-DBS-KE-BEJON,Kenya,Kilifi,2004,PC4049-C,True,85.88,gDNA,ERR1818226,T,T_only,True,1,1,2000-2004,MalariaGEN Pf8
PC4055-C,1132-PF-K1000G-DBS-KE-BEJON,Kenya,Kilifi,2004,PC4055-C,True,82.99,gDNA,ERR1818231,T,T_only,True,1,1,2000-2004,MalariaGEN Pf8
SPT42954,1132-PF-K1000G-DBS-KE-BEJON,Kenya,Kilifi,2004,SPT42954,True,53.3,gDNA,ERR3467361,"T,K",mixed_KT,True,1,,2000-2004,MalariaGEN Pf8
SPT42955,1132-PF-K1000G-DBS-KE-BEJON,Kenya,Kilifi,2004,SPT42955,True,71.22,gDNA,ERR3467382,"T,K",mixed_KT,True,1,,2000-2004,MalariaGEN Pf8
SPT42956,1132-PF-K1000G-DBS-KE-BEJON,Kenya,Kilifi,2004,SPT42956,True,87.07,gDNA,"ERR3467299,ERR3486325","T,K",mixed_KT,True,1,,2000-2004,MalariaGEN Pf8
SPT42957,1132-PF-K1000G-DBS-KE-BEJON,Kenya,Kilifi,2004,SPT42957,True,90.08,sWGA,ERR3457000,T,T_only,True,1,1,2000-2004,MalariaGEN Pf8
SPT42958,1132-PF-K1000G-DBS-KE-BEJON,Kenya,Kilifi,2004,SPT42958,True,90.23,sWGA,ERR3456956,"T,K",mixed_KT,True,1,,2000-2004,MalariaGEN Pf8
SPT42959,1132-PF-K1000G-DBS-KE-BEJON,Kenya,Kilifi,2004,SPT42959,True,51.3,gDNA,ERR3467367,K,K_only,True,0,0,2000-2004,MalariaGEN Pf8
SPT42960,1132-PF-K1000G-DBS-KE-BEJON,Kenya,Kilifi,2004,SPT42960,True,90.18,sWGA,ERR3456977,K,K_only,True,0,0,2000-2004,MalariaGEN Pf8
SPT42961,1132-PF-K1000G-DBS-KE-BEJON,Kenya,Kilifi,2004,SPT42961,True,89.79,sWGA,ERR3456985,T,T_only,True,1,1,2000-2004,MalariaGEN Pf8
SPT50167,1132-PF-K1000G-DBS-KE-BEJON,Kenya,Kilifi,2004,SPT50167,True,90.47,sWGA,ERR4594602,K,K_only,True,0,0,2000-2004,MalariaGEN Pf8
SPT50287,1132-PF-K1000G-DBS-KE-BEJON,Kenya,Kilifi,2004,SPT50287,True,91.86,sWGA,ERR4661236,"T,K",mixed_KT,True,1,,2000-2004,MalariaGEN Pf8
SPT50288,1132-PF-K1000G-DBS-KE-BEJON,Kenya,Kilifi,2004,SPT50288,True,90.99,sWGA,ERR4661227,K,K_only,True,0,0,2000-2004,MalariaGEN Pf8
SPT50289,1132-PF-K1000G-DBS-KE-BEJON,Kenya,Kilifi,2004,SPT50289,True,90.83,sWGA,ERR4594637,K,K_only,True,0,0,2000-2004,MalariaGEN Pf8
SPT50290,1132-PF-K1000G-DBS-KE-BEJON,Kenya,Kilifi,2004,SPT50290,True,90.9,sWGA,ERR4661189,T,T_only,True,1,1,2000-2004,MalariaGEN Pf8
SPT50551,1132-PF-K1000G-DBS-KE-BEJON,Kenya,Kilifi,2004,SPT50551,True,91.21,sWGA,ERR4609760,"T,K",mixed_KT,True,1,,2000-2004,MalariaGEN Pf8
SPT50552,1132-PF-K1000G-DBS-KE-BEJON,Kenya,Kilifi,2004,SPT50552,True,90.72,sWGA,ERR4609745,K,K_only,True,0,0,2000-2004,MalariaGEN Pf8
SPT50553,1132-PF-K1000G-DBS-KE-BEJON,Kenya,Kilifi,2004,SPT50553,True,90.75,sWGA,ERR4609822,K,K_only,True,0,0,2000-2004,MalariaGEN Pf8
SPT50554,1132-PF-K1000G-DBS-KE-BEJON,Kenya,Kilifi,2004,SPT50554,True,91.08,sWGA,ERR4609754,T,T_only,True,1,1,2000-2004,MalariaGEN Pf8
SPT50555,1132-PF-K1000G-DBS-KE-BEJON,Kenya,Kilifi,2004,SPT50555,True,91.15,sWGA,ERR4609753,"T,K",mixed_KT,True,1,,2000-2004,MalariaGEN Pf8
SPT50556,1132-PF-K1000G-DBS-KE-BEJON,Kenya,Kilifi,2004,SPT50556,True,90.8,sWGA,ERR4609848,T,T_only,True,1,1,2000-2004,MalariaGEN Pf8
SPT50557,1132-PF-K1000G-DBS-KE-BEJON,Kenya,Kilifi,2004,SPT50557,True,90.62,sWGA,ERR4609746,K,K_only,True,0,0,2000-2004,MalariaGEN Pf8
SPT50558,1132-PF-K1000G-DBS-KE-BEJON,Kenya,Kilifi,2004,SPT50558,True,90.43,sWGA,ERR4609742,"T,K",mixed_KT,True,1,,2000-2004,MalariaGEN Pf8
SPT50559,1132-PF-K1000G-DBS-KE-BEJON,Kenya,Kilifi,2004,SPT50559,True,89.76,sWGA,ERR4609813,K,K_only,True,0,0,2000-2004,MalariaGEN Pf8
SPT50561,1132-PF-K1000G-DBS-KE-BEJON,Kenya,Kilifi,2004,SPT50561,True,90.87,sWGA,ERR4609714,T,T_only,True,1,1,2000-2004,MalariaGEN Pf8
SPT50562,1132-PF-K1000G-DBS-KE-BEJON,Kenya,Kilifi,2004,SPT50562,True,89.37,sWGA,ERR4609850,T,T_only,True,1,1,2000-2004,MalariaGEN Pf8
SPT50563,1132-PF-K1000G-DBS-KE-BEJON,Kenya,Kilifi,2004,SPT50563,True,91.38,sWGA,ERR4609766,K,K_only,True,0,0,2000-2004,MalariaGEN Pf8
SPT50564,1132-PF-K1000G-DBS-KE-BEJON,Kenya,Kilifi,2004,SPT50564,True,89.47,sWGA,ERR4609812,K,K_only,True,0,0,2000-2004,MalariaGEN Pf8
SPT50565,1132-PF-K1000G-DBS-KE-BEJON,Kenya,Kilifi,2004,SPT50565,True,90.27,sWGA,ERR4609817,K,K_only,True,0,0,2000-2004,MalariaGEN Pf8
SPT50566,1132-PF-K1000G-DBS-KE-BEJON,Kenya,Kilifi,2004,SPT50566,True,91.63,sWGA,ERR4609757,K,K_only,True,0,0,2000-2004,MalariaGEN Pf8
SPT50567,1132-PF-K1000G-DBS-KE-BEJON,Kenya,Kilifi,2004,SPT50567,True,89.45,sWGA,ERR4609849,T,T_only,True,1,1,2000-2004,MalariaGEN Pf8
SPT50568,1132-PF-K1000G-DBS-KE-BEJON,Kenya,Kilifi,2004,SPT50568,True,90.19,sWGA,ERR4609815,K,K_only,True,0,0,2000-2004,MalariaGEN Pf8
SPT50569,1132-PF-K1000G-DBS-KE-BEJON,Kenya,Kilifi,2004,SPT50569,True,90.92,sWGA,ERR4609715,T,T_only,True,1,1,2000-2004,MalariaGEN Pf8
SPT50570,1132-PF-K1000G-DBS-KE-BEJON,Kenya,Kilifi,2004,SPT50570,True,91.33,sWGA,ERR4609723,K,K_only,True,0,0,2000-2004,MalariaGEN Pf8
SPT50571,1132-PF-K1000G-DBS-KE-BEJON,Kenya,Kilifi,2004,SPT50571,True,90.63,sWGA,ERR4609864,"T,K",mixed_KT,True,1,,2000-2004,MalariaGEN Pf8
SPT50572,1132-PF-K1000G-DBS-KE-BEJON,Kenya,Kilifi,2004,SPT50572,True,90.58,sWGA,ERR4609854,K,K_only,True,0,0,2000-2004,MalariaGEN Pf8
SPT50573,1132-PF-K1000G-DBS-KE-BEJON,Kenya,Kilifi,2004,SPT50573,True,91.63,sWGA,ERR4609761,"K,T",mixed_KT,True,1,,2000-2004,MalariaGEN Pf8
SPT50574,1132-PF-K1000G-DBS-KE-BEJON,Kenya,Kilifi,2004,SPT50574,True,90.94,sWGA,ERR4609702,T,T_only,True,1,1,2000-2004,MalariaGEN Pf8
SPT50575,1132-PF-K1000G-DBS-KE-BEJON,Kenya,Kilifi,2004,SPT50575,True,90.29,sWGA,ERR4609751,T,T_only,True,1,1,2000-2004,MalariaGEN Pf8
SPT50576,1132-PF-K1000G-DBS-KE-BEJON,Kenya,Kilifi,2004,SPT50576,True,89.94,sWGA,ERR4609846,K,K_only,True,0,0,2000-2004,MalariaGEN Pf8
SPT50577,1132-PF-K1000G-DBS-KE-BEJON,Kenya,Kilifi,2004,SPT50577,True,90.58,sWGA,ERR4609859,K,K_only,True,0,0,2000-2004,MalariaGEN Pf8
SPT50578,1132-PF-K1000G-DBS-KE-BEJON,Kenya,Kilifi,2004,SPT50578,True,90.86,sWGA,ERR4609759,"K,T",mixed_KT,True,1,,2000-2004,MalariaGEN Pf8
SPT50579,1132-PF-K1000G-DBS-KE-BEJON,Kenya,Kilifi,2004,SPT50579,True,90.19,sWGA,ERR4609814,T,T_only,True,1,1,2000-2004,MalariaGEN Pf8
SPT50580,1132-PF-K1000G-DBS-KE-BEJON,Kenya,Kilifi,2004,SPT50580,True,90.67,sWGA,ERR4609856,K,K_only,True,0,0,2000-2004,MalariaGEN Pf8
SPT50581,1132-PF-K1000G-DBS-KE-BEJON,Kenya,Kilifi,2004,SPT50581,True,91.41,sWGA,ERR4609712,T,T_only,True,1,1,2000-2004,MalariaGEN Pf8
SPT50582,1132-PF-K1000G-DBS-KE-BEJON,Kenya,Kilifi,2004,SPT50582,True,90.73,sWGA,ERR4609857,T,T_only,True,1,1,2000-2004,MalariaGEN Pf8
SPT50583,1132-PF-K1000G-DBS-KE-BEJON,Kenya,Kilifi,2004,SPT50583,True,90.54,sWGA,ERR4609851,K,K_only,True,0,0,2000-2004,MalariaGEN Pf8
SPT50584,1132-PF-K1000G-DBS-KE-BEJON,Kenya,Kilifi,2004,SPT50584,True,91.18,sWGA,ERR4609845,"K,T",mixed_KT,True,1,,2000-2004,MalariaGEN Pf8
SPT50585,1132-PF-K1000G-DBS-KE-BEJON,Kenya,Kilifi,2004,SPT50585,True,90.97,sWGA,ERR4609858,"K,T",mixed_KT,True,1,,2000-2004,MalariaGEN Pf8
SPT50586,1132-PF-K1000G-DBS-KE-BEJON,Kenya,Kilifi,2004,SPT50586,True,90.84,sWGA,ERR4609868,K,K_only,True,0,0,2000-2004,MalariaGEN Pf8
SPT50587,1132-PF-K1000G-DBS-KE-BEJON,Kenya,Kilifi,2004,SPT50587,True,90.88,sWGA,ERR4609824,K,K_only,True,0,0,2000-2004,MalariaGEN Pf8
SPT50588,1132-PF-K1000G-DBS-KE-BEJON,Kenya,Kilifi,2004,SPT50588,True,91.56,sWGA,ERR4609755,T,T_only,True,1,1,2000-2004,MalariaGEN Pf8
SPT50589,1132-PF-K1000G-DBS-KE-BEJON,Kenya,Kilifi,2004,SPT50589,True,91.35,sWGA,ERR4609764,K,K_only,True,0,0,2000-2004,MalariaGEN Pf8
SPT50590,1132-PF-K1000G-DBS-KE-BEJON,Kenya,Kilifi,2004,SPT50590,True,91.44,sWGA,ERR4609744,"K,T",mixed_KT,True,1,,2000-2004,MalariaGEN Pf8
SPT50591,1132-PF-K1000G-DBS-KE-BEJON,Kenya,Kilifi,2004,SPT50591,True,90.81,sWGA,ERR4609743,K,K_only,True,0,0,2000-2004,MalariaGEN Pf8
SPT50592,1132-PF-K1000G-DBS-KE-BEJON,Kenya,Kilifi,2004,SPT50592,True,91.32,sWGA,ERR4609748,K,K_only,True,0,0,2000-2004,MalariaGEN Pf8
SPT50593,1132-PF-K1000G-DBS-KE-BEJON,Kenya,Kilifi,2004,SPT50593,True,91.21,sWGA,ERR4609719,T,T_only,True,1,1,2000-2004,MalariaGEN Pf8
SPT50594,1132-PF-K1000G-DBS-KE-BEJON,Kenya,Kilifi,2004,SPT50594,True,90.74,sWGA,ERR4609863,T,T_only,True,1,1,2000-2004,MalariaGEN Pf8
SPT50595,1132-PF-K1000G-DBS-KE-BEJON,Kenya,Kilifi,2004,SPT50595,True,89.53,sWGA,ERR4609818,T,T_only,True,1,1,2000-2004,MalariaGEN Pf8
SPT50811,1132-PF-K1000G-DBS-KE-BEJON,Kenya,Kilifi,2004,SPT50811,True,89.01,sWGA,ERR4634302,K,K_only,True,0,0,2000-2004,MalariaGEN Pf8
SPT50812,1132-PF-K1000G-DBS-KE-BEJON,Kenya,Kilifi,2004,SPT50812,True,90.62,sWGA,ERR4634315,K,K_only,True,0,0,2000-2004,MalariaGEN Pf8
SPT50813,1132-PF-K1000G-DBS-KE-BEJON,Kenya,Kilifi,2004,SPT50813,True,90.62,sWGA,ERR4609802,K,K_only,True,0,0,2000-2004,MalariaGEN Pf8
SPT50814,1132-PF-K1000G-DBS-KE-BEJON,Kenya,Kilifi,2004,SPT50814,True,89.52,sWGA,ERR4609805,K,K_only,True,0,0,2000-2004,MalariaGEN Pf8
SPT50815,1132-PF-K1000G-DBS-KE-BEJON,Kenya,Kilifi,2004,SPT50815,True,89.65,sWGA,ERR4609798,K,K_only,True,0,0,2000-2004,MalariaGEN Pf8
SPT50947,1132-PF-K1000G-DBS-KE-BEJON,Kenya,Kilifi,2004,SPT50947,True,90.22,sWGA,ERR4634335,K,K_only,True,0,0,2000-2004,MalariaGEN Pf8
PC4083-C,1132-PF-K1000G-DBS-KE-BEJON,Kenya,Kilifi,2005,PC4083-C,True,87.14,gDNA,ERR1818242,K,K_only,True,0,0,2005-2009,MalariaGEN Pf8
SPT42962,1132-PF-K1000G-DBS-KE-BEJON,Kenya,Kilifi,2005,SPT42962,True,89.89,sWGA,ERR3456953,K,K_only,True,0,0,2005-2009,MalariaGEN Pf8
SPT42963,1132-PF-K1000G-DBS-KE-BEJON,Kenya,Kilifi,2005,SPT42963,True,90.18,sWGA,ERR3456960,"K,T",mixed_KT,True,1,,2005-2009,MalariaGEN Pf8
SPT42964,1132-PF-K1000G-DBS-KE-BEJON,Kenya,Kilifi,2005,SPT42964,True,90.06,sWGA,ERR3456948,K,K_only,True,0,0,2005-2009,MalariaGEN Pf8
SPT42965,1132-PF-K1000G-DBS-KE-BEJON,Kenya,Kilifi,2005,SPT42965,True,81.72,gDNA,ERR3467342,T,T_only,True,1,1,2005-2009,MalariaGEN Pf8
SPT42966,1132-PF-K1000G-DBS-KE-BEJON,Kenya,Kilifi,2005,SPT42966,True,90.24,sWGA,ERR3456944,K,K_only,True,0,0,2005-2009,MalariaGEN Pf8
SPT42967,1132-PF-K1000G-DBS-KE-BEJON,Kenya,Kilifi,2005,SPT42967,True,90.27,sWGA,ERR3456967,K,K_only,True,0,0,2005-2009,MalariaGEN Pf8
SPT42968,1132-PF-K1000G-DBS-KE-BEJON,Kenya,Kilifi,2005,SPT42968,True,89.68,sWGA,ERR3457005,T,T_only,True,1,1,2005-2009,MalariaGEN Pf8
SPT42969,1132-PF-K1000G-DBS-KE-BEJON,Kenya,Kilifi,2005,SPT42969,True,90.59,sWGA,ERR3457203,"K,T",mixed_KT,True,1,,2005-2009,MalariaGEN Pf8
SPT42970,1132-PF-K1000G-DBS-KE-BEJON,Kenya,Kilifi,2005,SPT42970,True,77.9,gDNA,ERR3467409,K,K_only,True,0,0,2005-2009,MalariaGEN Pf8
SPT42971,1132-PF-K1000G-DBS-KE-BEJON,Kenya,Kilifi,2005,SPT42971,True,90.76,sWGA,ERR3457226,"K,T",mixed_KT,True,1,,2005-2009,MalariaGEN Pf8
SPT42972,1132-PF-K1000G-DBS-KE-BEJON,Kenya,Kilifi,2005,SPT42972,True,90.43,sWGA,ERR3457219,T,T_only,True,1,1,2005-2009,MalariaGEN Pf8
SPT42973,1132-PF-K1000G-DBS-KE-BEJON,Kenya,Kilifi,2005,SPT42973,True,90.19,sWGA,ERR3457235,T,T_only,True,1,1,2005-2009,MalariaGEN Pf8
SPT42974,1132-PF-K1000G-DBS-KE-BEJON,Kenya,Kilifi,2005,SPT42974,True,89.99,sWGA,ERR3457212,K,K_only,True,0,0,2005-2009,MalariaGEN Pf8
SPT42975,1132-PF-K1000G-DBS-KE-BEJON,Kenya,Kilifi,2005,SPT42975,True,89.34,sWGA,ERR3457237,T,T_only,True,1,1,2005-2009,MalariaGEN Pf8
SPT42976,1132-PF-K1000G-DBS-KE-BEJON,Kenya,Kilifi,2005,SPT42976,True,83.44,gDNA,ERR3467323,K,K_only,True,0,0,2005-2009,MalariaGEN Pf8
SPT42977,1132-PF-K1000G-DBS-KE-BEJON,Kenya,Kilifi,2005,SPT42977,True,90.49,sWGA,ERR3457273,"T,K",mixed_KT,True,1,,2005-2009,MalariaGEN Pf8
SPT42978,1132-PF-K1000G-DBS-KE-BEJON,Kenya,Kilifi,2005,SPT42978,True,90.17,sWGA,ERR3457276,T,T_only,True,1,1,2005-2009,MalariaGEN Pf8
SPT42979,1132-PF-K1000G-DBS-KE-BEJON,Kenya,Kilifi,2005,SPT42979,True,89.83,sWGA,ERR3457279,K,K_only,True,0,0,2005-2009,MalariaGEN Pf8
SPT42980,1132-PF-K1000G-DBS-KE-BEJON,Kenya,Kilifi,2005,SPT42980,True,91.38,sWGA,ERR3457222,"K,T",mixed_KT,True,1,,2005-2009,MalariaGEN Pf8
SPT42981,1132-PF-K1000G-DBS-KE-BEJON,Kenya,Kilifi,2005,SPT42981,True,90.22,sWGA,ERR3457249,T,T_only,True,1,1,2005-2009,MalariaGEN Pf8
SPT42982,1132-PF-K1000G-DBS-KE-BEJON,Kenya,Kilifi,2005,SPT42982,True,90.53,sWGA,ERR3457264,"T,K",mixed_KT,True,1,,2005-2009,MalariaGEN Pf8
SPT42983,1132-PF-K1000G-DBS-KE-BEJON,Kenya,Kilifi,2005,SPT42983,True,90.08,sWGA,ERR3457248,K,K_only,True,0,0,2005-2009,MalariaGEN Pf8
SPT42984,1132-PF-K1000G-DBS-KE-BEJON,Kenya,Kilifi,2005,SPT42984,True,90.24,sWGA,ERR3457245,K,K_only,True,0,0,2005-2009,MalariaGEN Pf8
SPT42985,1132-PF-K1000G-DBS-KE-BEJON,Kenya,Kilifi,2005,SPT42985,True,89.53,sWGA,ERR3795129,"T,K",mixed_KT,True,1,,2005-2009,MalariaGEN Pf8
SPT42986,1132-PF-K1000G-DBS-KE-BEJON,Kenya,Kilifi,2005,SPT42986,True,89.64,sWGA,ERR3457045,T,T_only,True,1,1,2005-2009,MalariaGEN Pf8
SPT42987,1132-PF-K1000G-DBS-KE-BEJON,Kenya,Kilifi,2005,SPT42987,True,90.97,sWGA,ERR3457236,K,K_only,True,0,0,2005-2009,MalariaGEN Pf8
SPT42988,1132-PF-K1000G-DBS-KE-BEJON,Kenya,Kilifi,2005,SPT42988,True,90.82,sWGA,ERR3457246,T,T_only,True,1,1,2005-2009,MalariaGEN Pf8
SPT42989,1132-PF-K1000G-DBS-KE-BEJON,Kenya,Kilifi,2005,SPT42989,True,90.08,sWGA,ERR3457274,T,T_only,True,1,1,2005-2009,MalariaGEN Pf8
SPT42990,1132-PF-K1000G-DBS-KE-BEJON,Kenya,Kilifi,2005,SPT42990,True,90.25,sWGA,ERR3457282,K,K_only,True,0,0,2005-2009,MalariaGEN Pf8
SPT42991,1132-PF-K1000G-DBS-KE-BEJON,Kenya,Kilifi,2005,SPT42991,True,90.62,sWGA,ERR3457257,K,K_only,True,0,0,2005-2009,MalariaGEN Pf8
SPT42992,1132-PF-K1000G-DBS-KE-BEJON,Kenya,Kilifi,2005,SPT42992,True,90.56,sWGA,ERR3457232,"T,K",mixed_KT,True,1,,2005-2009,MalariaGEN Pf8
SPT42993,1132-PF-K1000G-DBS-KE-BEJON,Kenya,Kilifi,2005,SPT42993,True,90.32,sWGA,ERR3457254,K,K_only,True,0,0,2005-2009,MalariaGEN Pf8
SPT42994,1132-PF-K1000G-DBS-KE-BEJON,Kenya,Kilifi,2005,SPT42994,True,90.79,sWGA,ERR3457244,T,T_only,True,1,1,2005-2009,MalariaGEN Pf8
SPT50168,1132-PF-K1000G-DBS-KE-BEJON,Kenya,Kilifi,2005,SPT50168,True,91.09,sWGA,ERR4661181,"K,T",mixed_KT,True,1,,2005-2009,MalariaGEN Pf8
SPT50291,1132-PF-K1000G-DBS-KE-BEJON,Kenya,Kilifi,2005,SPT50291,True,90.85,sWGA,ERR4661190,T,T_only,True,1,1,2005-2009,MalariaGEN Pf8
SPT50293,1132-PF-K1000G-DBS-KE-BEJON,Kenya,Kilifi,2005,SPT50293,True,90.34,sWGA,ERR4661187,K,K_only,True,0,0,2005-2009,MalariaGEN Pf8
SPT50596,1132-PF-K1000G-DBS-KE-BEJON,Kenya,Kilifi,2005,SPT50596,True,90.91,sWGA,ERR4609749,K,K_only,True,0,0,2005-2009,MalariaGEN Pf8
SPT50597,1132-PF-K1000G-DBS-KE-BEJON,Kenya,Kilifi,2005,SPT50597,True,90.61,sWGA,ERR4609770,T,T_only,True,1,1,2005-2009,MalariaGEN Pf8
SPT50598,1132-PF-K1000G-DBS-KE-BEJON,Kenya,Kilifi,2005,SPT50598,True,90.4,sWGA,ERR4609860,"T,K",mixed_KT,True,1,,2005-2009,MalariaGEN Pf8
SPT50599,1132-PF-K1000G-DBS-KE-BEJON,Kenya,Kilifi,2005,SPT50599,True,90.45,sWGA,ERR4609853,K,K_only,True,0,0,2005-2009,MalariaGEN Pf8
SPT50600,1132-PF-K1000G-DBS-KE-BEJON,Kenya,Kilifi,2005,SPT50600,True,90.72,sWGA,ERR4609852,K,K_only,True,0,0,2005-2009,MalariaGEN Pf8
SPT50601,1132-PF-K1000G-DBS-KE-BEJON,Kenya,Kilifi,2005,SPT50601,True,89.6,sWGA,ERR4594683,T,T_only,True,1,1,2005-2009,MalariaGEN Pf8
SPT50602,1132-PF-K1000G-DBS-KE-BEJON,Kenya,Kilifi,2005,SPT50602,True,90.29,sWGA,ERR4594550,T,T_only,True,1,1,2005-2009,MalariaGEN Pf8
SPT50603,1132-PF-K1000G-DBS-KE-BEJON,Kenya,Kilifi,2005,SPT50603,True,90.6,sWGA,ERR4609614,T,T_only,True,1,1,2005-2009,MalariaGEN Pf8
SPT50604,1132-PF-K1000G-DBS-KE-BEJON,Kenya,Kilifi,2005,SPT50604,True,90.98,sWGA,ERR4594714,K,K_only,True,0,0,2005-2009,MalariaGEN Pf8
SPT50749,1132-PF-K1000G-DBS-KE-BEJON,Kenya,Kilifi,2005,SPT50749,True,89.05,sWGA,ERR4609884,T,T_only,True,1,1,2005-2009,MalariaGEN Pf8
SPT50750,1132-PF-K1000G-DBS-KE-BEJON,Kenya,Kilifi,2005,SPT50750,True,89.97,sWGA,ERR4609894,K,K_only,True,0,0,2005-2009,MalariaGEN Pf8
SPT50751,1132-PF-K1000G-DBS-KE-BEJON,Kenya,Kilifi,2005,SPT50751,True,89.71,sWGA,ERR4609844,"K,T",mixed_KT,True,1,,2005-2009,MalariaGEN Pf8
SPT50752,1132-PF-K1000G-DBS-KE-BEJON,Kenya,Kilifi,2005,SPT50752,True,90.11,sWGA,ERR4609871,K,K_only,True,0,0,2005-2009,MalariaGEN Pf8
SPT50753,1132-PF-K1000G-DBS-KE-BEJON,Kenya,Kilifi,2005,SPT50753,True,89.19,sWGA,ERR4609838,K,K_only,True,0,0,2005-2009,MalariaGEN Pf8
SPT50754,1132-PF-K1000G-DBS-KE-BEJON,Kenya,Kilifi,2005,SPT50754,True,88.52,sWGA,ERR4609836,K,K_only,True,0,0,2005-2009,MalariaGEN Pf8
SPT50816,1132-PF-K1000G-DBS-KE-BEJON,Kenya,Kilifi,2005,SPT50816,True,89.43,sWGA,ERR4609698,K,K_only,True,0,0,2005-2009,MalariaGEN Pf8
SPT50817,1132-PF-K1000G-DBS-KE-BEJON,Kenya,Kilifi,2005,SPT50817,True,90.03,sWGA,ERR4594737,K,K_only,True,0,0,2005-2009,MalariaGEN Pf8
SPT50818,1132-PF-K1000G-DBS-KE-BEJON,Kenya,Kilifi,2005,SPT50818,True,89.65,sWGA,ERR4634301,K,K_only,True,0,0,2005-2009,MalariaGEN Pf8
SPT50819,1132-PF-K1000G-DBS-KE-BEJON,Kenya,Kilifi,2005,SPT50819,True,90.43,sWGA,ERR4594728,K,K_only,True,0,0,2005-2009,MalariaGEN Pf8
SPT50820,1132-PF-K1000G-DBS-KE-BEJON,Kenya,Kilifi,2005,SPT50820,True,90.1,sWGA,ERR4594727,K,K_only,True,0,0,2005-2009,MalariaGEN Pf8
SPT50821,1132-PF-K1000G-DBS-KE-BEJON,Kenya,Kilifi,2005,SPT50821,True,89.78,sWGA,ERR4594739,K,K_only,True,0,0,2005-2009,MalariaGEN Pf8
SPT50822,1132-PF-K1000G-DBS-KE-BEJON,Kenya,Kilifi,2005,SPT50822,True,88.89,sWGA,ERR4634317,K,K_only,True,0,0,2005-2009,MalariaGEN Pf8
PC4060-C,1132-PF-K1000G-DBS-KE-BEJON,Kenya,Kilifi,2006,PC4060-C,True,91.25,gDNA,ERR1818234,T,T_only,True,1,1,2005-2009,MalariaGEN Pf8
PC4061-C,1132-PF-K1000G-DBS-KE-BEJON,Kenya,Kilifi,2006,PC4061-C,True,87.03,gDNA,ERR1818235,T,T_only,True,1,1,2005-2009,MalariaGEN Pf8
PC4062-C,1132-PF-K1000G-DBS-KE-BEJON,Kenya,Kilifi,2006,PC4062-C,True,85.77,gDNA,ERR1818236,K,K_only,True,0,0,2005-2009,MalariaGEN Pf8
PC4084-C,1132-PF-K1000G-DBS-KE-BEJON,Kenya,Kilifi,2006,PC4084-C,True,85.02,gDNA,ERR1818243,"T,K",mixed_KT,True,1,,2005-2009,MalariaGEN Pf8
PC4085-C,1132-PF-K1000G-DBS-KE-BEJON,Kenya,Kilifi,2006,PC4085-C,True,88.65,gDNA,ERR1818244,K,K_only,True,0,0,2005-2009,MalariaGEN Pf8
PC4086-C,1132-PF-K1000G-DBS-KE-BEJON,Kenya,Kilifi,2006,PC4086-C,True,76.31,gDNA,ERR1818245,T,T_only,True,1,1,2005-2009,MalariaGEN Pf8
PC4088-C,1132-PF-K1000G-DBS-KE-BEJON,Kenya,Kilifi,2006,PC4088-C,True,77.88,gDNA,ERR1818246,"T,K",mixed_KT,True,1,,2005-2009,MalariaGEN Pf8
SPT42995,1132-PF-K1000G-DBS-KE-BEJON,Kenya,Kilifi,2006,SPT42995,True,78.53,gDNA,"ERR3467286,ERR3486312",T,T_only,True,1,1,2005-2009,MalariaGEN Pf8
SPT42996,1132-PF-K1000G-DBS-KE-BEJON,Kenya,Kilifi,2006,SPT42996,True,76.39,gDNA,ERR3467398,"T,K",mixed_KT,True,1,,2005-2009,MalariaGEN Pf8
SPT42997,1132-PF-K1000G-DBS-KE-BEJON,Kenya,Kilifi,2006,SPT42997,True,90.4,sWGA,ERR3457258,T,T_only,True,1,1,2005-2009,MalariaGEN Pf8
SPT42998,1132-PF-K1000G-DBS-KE-BEJON,Kenya,Kilifi,2006,SPT42998,True,75.12,gDNA,ERR3467389,"K,T",mixed_KT,True,1,,2005-2009,MalariaGEN Pf8
SPT42999,1132-PF-K1000G-DBS-KE-BEJON,Kenya,Kilifi,2006,SPT42999,True,90.42,sWGA,ERR3457268,T,T_only,True,1,1,2005-2009,MalariaGEN Pf8
SPT43000,1132-PF-K1000G-DBS-KE-BEJON,Kenya,Kilifi,2006,SPT43000,True,90.31,sWGA,ERR3457260,T,T_only,True,1,1,2005-2009,MalariaGEN Pf8
SPT43001,1132-PF-K1000G-DBS-KE-BEJON,Kenya,Kilifi,2006,SPT43001,True,90.06,sWGA,ERR3457247,T,T_only,True,1,1,2005-2009,MalariaGEN Pf8
SPT43002,1132-PF-K1000G-DBS-KE-BEJON,Kenya,Kilifi,2006,SPT43002,True,90.29,sWGA,ERR3457255,T,T_only,True,1,1,2005-2009,MalariaGEN Pf8
SPT43003,1132-PF-K1000G-DBS-KE-BEJON,Kenya,Kilifi,2006,SPT43003,True,90.28,sWGA,ERR3457252,K,K_only,True,0,0,2005-2009,MalariaGEN Pf8
SPT43004,1132-PF-K1000G-DBS-KE-BEJON,Kenya,Kilifi,2006,SPT43004,True,89.96,sWGA,ERR3457266,T,T_only,True,1,1,2005-2009,MalariaGEN Pf8
SPT43005,1132-PF-K1000G-DBS-KE-BEJON,Kenya,Kilifi,2006,SPT43005,True,90.16,sWGA,ERR3457256,T,T_only,True,1,1,2005-2009,MalariaGEN Pf8
SPT43006,1132-PF-K1000G-DBS-KE-BEJON,Kenya,Kilifi,2006,SPT43006,True,89.75,sWGA,ERR3457033,T,T_only,True,1,1,2005-2009,MalariaGEN Pf8
SPT43007,1132-PF-K1000G-DBS-KE-BEJON,Kenya,Kilifi,2006,SPT43007,True,90.8,sWGA,ERR3457223,K,K_only,True,0,0,2005-2009,MalariaGEN Pf8
SPT43008,1132-PF-K1000G-DBS-KE-BEJON,Kenya,Kilifi,2006,SPT43008,True,89.66,sWGA,ERR3795128,K,K_only,True,0,0,2005-2009,MalariaGEN Pf8
SPT43009,1132-PF-K1000G-DBS-KE-BEJON,Kenya,Kilifi,2006,SPT43009,True,66.21,gDNA,ERR3467386,T,T_only,True,1,1,2005-2009,MalariaGEN Pf8
SPT43010,1132-PF-K1000G-DBS-KE-BEJON,Kenya,Kilifi,2006,SPT43010,True,90.23,sWGA,ERR3457283,T,T_only,True,1,1,2005-2009,MalariaGEN Pf8
SPT43011,1132-PF-K1000G-DBS-KE-BEJON,Kenya,Kilifi,2006,SPT43011,True,90.32,sWGA,ERR3457269,T,T_only,True,1,1,2005-2009,MalariaGEN Pf8
SPT43012,1132-PF-K1000G-DBS-KE-BEJON,Kenya,Kilifi,2006,SPT43012,True,90.4,sWGA,ERR3457280,T,T_only,True,1,1,2005-2009,MalariaGEN Pf8
SPT43013,1132-PF-K1000G-DBS-KE-BEJON,Kenya,Kilifi,2006,SPT43013,True,90.38,sWGA,ERR3457228,T,T_only,True,1,1,2005-2009,MalariaGEN Pf8
SPT43014,1132-PF-K1000G-DBS-KE-BEJON,Kenya,Kilifi,2006,SPT43014,True,90.41,sWGA,ERR3457233,K,K_only,True,0,0,2005-2009,MalariaGEN Pf8
SPT43015,1132-PF-K1000G-DBS-KE-BEJON,Kenya,Kilifi,2006,SPT43015,True,90.61,sWGA,ERR3457243,T,T_only,True,1,1,2005-2009,MalariaGEN Pf8
SPT43016,1132-PF-K1000G-DBS-KE-BEJON,Kenya,Kilifi,2006,SPT43016,True,90.56,sWGA,ERR3457272,K,K_only,True,0,0,2005-2009,MalariaGEN Pf8
SPT43019,1132-PF-K1000G-DBS-KE-BEJON,Kenya,Kilifi,2006,SPT43019,True,90.42,sWGA,ERR3457225,T,T_only,True,1,1,2005-2009,MalariaGEN Pf8
SPT43021,1132-PF-K1000G-DBS-KE-BEJON,Kenya,Kilifi,2006,SPT43021,True,90.38,sWGA,ERR3457267,T,T_only,True,1,1,2005-2009,MalariaGEN Pf8
SPT43022,1132-PF-K1000G-DBS-KE-BEJON,Kenya,Kilifi,2006,SPT43022,True,71.03,gDNA,ERR3467381,K,K_only,True,0,0,2005-2009,MalariaGEN Pf8
SPT43023,1132-PF-K1000G-DBS-KE-BEJON,Kenya,Kilifi,2006,SPT43023,True,90.16,sWGA,ERR3457278,T,T_only,True,1,1,2005-2009,MalariaGEN Pf8
SPT43026,1132-PF-K1000G-DBS-KE-BEJON,Kenya,Kilifi,2006,SPT43026,True,89.01,sWGA,ERR3457042,T,T_only,True,1,1,2005-2009,MalariaGEN Pf8
SPT43028,1132-PF-K1000G-DBS-KE-BEJON,Kenya,Kilifi,2006,SPT43028,True,90.61,sWGA,ERR3457265,K,K_only,True,0,0,2005-2009,MalariaGEN Pf8
SPT43029,1132-PF-K1000G-DBS-KE-BEJON,Kenya,Kilifi,2006,SPT43029,True,90.29,sWGA,ERR3457231,T,T_only,True,1,1,2005-2009,MalariaGEN Pf8
SPT43030,1132-PF-K1000G-DBS-KE-BEJON,Kenya,Kilifi,2006,SPT43030,True,90.35,sWGA,ERR3457262,"K,T",mixed_KT,True,1,,2005-2009,MalariaGEN Pf8
SPT43031,1132-PF-K1000G-DBS-KE-BEJON,Kenya,Kilifi,2006,SPT43031,True,90.09,sWGA,ERR3457277,T,T_only,True,1,1,2005-2009,MalariaGEN Pf8
SPT43032,1132-PF-K1000G-DBS-KE-BEJON,Kenya,Kilifi,2006,SPT43032,True,89.55,gDNA,ERR3421839,"T,K",mixed_KT,True,1,,2005-2009,MalariaGEN Pf8
SPT43035,1132-PF-K1000G-DBS-KE-BEJON,Kenya,Kilifi,2006,SPT43035,True,89.94,sWGA,ERR3457263,T,T_only,True,1,1,2005-2009,MalariaGEN Pf8
SPT43036,1132-PF-K1000G-DBS-KE-BEJON,Kenya,Kilifi,2006,SPT43036,True,90.33,sWGA,ERR3457271,K,K_only,True,0,0,2005-2009,MalariaGEN Pf8
SPT43037,1132-PF-K1000G-DBS-KE-BEJON,Kenya,Kilifi,2006,SPT43037,True,90.19,sWGA,ERR3457205,T,T_only,True,1,1,2005-2009,MalariaGEN Pf8
SPT43038,1132-PF-K1000G-DBS-KE-BEJON,Kenya,Kilifi,2006,SPT43038,True,90.13,sWGA,ERR3457250,K,K_only,True,0,0,2005-2009,MalariaGEN Pf8
SPT50605,1132-PF-K1000G-DBS-KE-BEJON,Kenya,Kilifi,2006,SPT50605,True,90.6,sWGA,ERR4594686,T,T_only,True,1,1,2005-2009,MalariaGEN Pf8
SPT50606,1132-PF-K1000G-DBS-KE-BEJON,Kenya,Kilifi,2006,SPT50606,True,90.39,sWGA,ERR4594707,K,K_only,True,0,0,2005-2009,MalariaGEN Pf8
SPT50607,1132-PF-K1000G-DBS-KE-BEJON,Kenya,Kilifi,2006,SPT50607,True,90.58,sWGA,ERR4609637,T,T_only,True,1,1,2005-2009,MalariaGEN Pf8
SPT50608,1132-PF-K1000G-DBS-KE-BEJON,Kenya,Kilifi,2006,SPT50608,True,90.23,sWGA,ERR4594716,K,K_only,True,0,0,2005-2009,MalariaGEN Pf8
SPT50609,1132-PF-K1000G-DBS-KE-BEJON,Kenya,Kilifi,2006,SPT50609,True,90.82,sWGA,ERR4594696,"T,K",mixed_KT,True,1,,2005-2009,MalariaGEN Pf8
SPT50610,1132-PF-K1000G-DBS-KE-BEJON,Kenya,Kilifi,2006,SPT50610,True,89.82,sWGA,ERR4594701,K,K_only,True,0,0,2005-2009,MalariaGEN Pf8
SPT50823,1132-PF-K1000G-DBS-KE-BEJON,Kenya,Kilifi,2006,SPT50823,True,89.96,sWGA,ERR4594725,K,K_only,True,0,0,2005-2009,MalariaGEN Pf8
SPT50825,1132-PF-K1000G-DBS-KE-BEJON,Kenya,Kilifi,2006,SPT50825,True,90.99,sWGA,ERR4609809,T,T_only,True,1,1,2005-2009,MalariaGEN Pf8
SPT50826,1132-PF-K1000G-DBS-KE-BEJON,Kenya,Kilifi,2006,SPT50826,True,91.5,sWGA,ERR4609729,"T,K",mixed_KT,True,1,,2005-2009,MalariaGEN Pf8
SPT50827,1132-PF-K1000G-DBS-KE-BEJON,Kenya,Kilifi,2006,SPT50827,True,90.25,sWGA,ERR4609730,T,T_only,True,1,1,2005-2009,MalariaGEN Pf8
PC0001-C,1015-PF-KE-NZILA,Kenya,Kilifi,2007,PC0001-C,True,69.89,gDNA,"ERR012650,ERR012727,ERR012765,ERR012861",K,K_only,True,0,0,2005-2009,MalariaGEN Pf8
PC0003-02,1015-PF-KE-NZILA,Kenya,Kilifi,2007,"PC0003-01,PC0003-02",True,75.59,gDNA,"ERR012257,ERR012334,ERR012359,ERR012498",K,K_only,True,0,0,2005-2009,MalariaGEN Pf8
PC0004-01,1015-PF-KE-NZILA,Kenya,Kilifi,2007,"PC0004-01,PC0004-02",True,80.67,gDNA,"ERR012226,ERR012380,ERR012509",T,T_only,True,1,1,2005-2009,MalariaGEN Pf8
PC0005-Cx,1015-PF-KE-NZILA,Kenya,Kilifi,2007,PC0005-Cx,True,72.64,gDNA,ERR199976,K,K_only,True,0,0,2005-2009,MalariaGEN Pf8
PC0007-C,1015-PF-KE-NZILA,Kenya,Kilifi,2007,PC0007-C,True,82.39,gDNA,"ERR012228,ERR012237,ERR012277",T,T_only,True,1,1,2005-2009,MalariaGEN Pf8
PC0008-01,1015-PF-KE-NZILA,Kenya,Kilifi,2007,"PC0008-01,PC0008-02",True,82.81,gDNA,"ERR012448,ERR012469",T,T_only,True,1,1,2005-2009,MalariaGEN Pf8
PC0009-C,1015-PF-KE-NZILA,Kenya,Kilifi,2007,PC0009-C,True,72.71,gDNA,ERR012409,T,T_only,True,1,1,2005-2009,MalariaGEN Pf8
PC0011-C,1015-PF-KE-NZILA,Kenya,Kilifi,2007,PC0011-C,True,82.19,gDNA,"ERR012330,ERR012446,ERR012475",K,K_only,True,0,0,2005-2009,MalariaGEN Pf8
PC0012-C,1015-PF-KE-NZILA,Kenya,Kilifi,2007,"PC0012-01,PC0012-C",True,75.85,gDNA,"ERR012260,ERR012311,ERR012368","T,K",mixed_KT,True,1,,2005-2009,MalariaGEN Pf8
PC0013-C,1015-PF-KE-NZILA,Kenya,Kilifi,2007,PC0013-C,True,78.25,gDNA,"ERR012274,ERR012346,ERR012493",T,T_only,True,1,1,2005-2009,MalariaGEN Pf8
PC0019-C,1015-PF-KE-NZILA,Kenya,Kilifi,2007,PC0019-C,True,77.48,gDNA,ERR012227,K,K_only,True,0,0,2005-2009,MalariaGEN Pf8
PC0023-C,1015-PF-KE-NZILA,Kenya,Kilifi,2007,PC0023-C,True,79.43,gDNA,ERR012317,K,K_only,True,0,0,2005-2009,MalariaGEN Pf8
PC0026-C,1015-PF-KE-NZILA,Kenya,Kilifi,2007,PC0026-C,True,61.26,gDNA,ERR012519,K,K_only,True,0,0,2005-2009,MalariaGEN Pf8
PC0030-C,1015-PF-KE-NZILA,Kenya,Kilifi,2007,PC0030-C,True,77.47,gDNA,ERR012762,K,K_only,True,0,0,2005-2009,MalariaGEN Pf8
PC0031-C,1015-PF-KE-NZILA,Kenya,Kilifi,2007,PC0031-C,True,75.46,gDNA,ERR012425,K,K_only,True,0,0,2005-2009,MalariaGEN Pf8
PC0032-C,1015-PF-KE-NZILA,Kenya,Kilifi,2007,PC0032-C,True,71.02,gDNA,ERR012494,T,T_only,True,1,1,2005-2009,MalariaGEN Pf8
PC0044-C,1015-PF-KE-NZILA,Kenya,Kilifi,2007,PC0044-C,True,57.13,gDNA,ERR029094,K,K_only,True,0,0,2005-2009,MalariaGEN Pf8
PC0046-C,1015-PF-KE-NZILA,Kenya,Kilifi,2007,PC0046-C,True,68.81,gDNA,ERR029095,T,T_only,True,1,1,2005-2009,MalariaGEN Pf8
PC0047-C,1015-PF-KE-NZILA,Kenya,Kilifi,2007,PC0047-C,True,89.3,gDNA,ERR012481,T,T_only,True,1,1,2005-2009,MalariaGEN Pf8
PC0051-C,1015-PF-KE-NZILA,Kenya,Kilifi,2007,PC0051-C,True,79.26,gDNA,"ERR012456,ERR012489",K,K_only,True,0,0,2005-2009,MalariaGEN Pf8
PC0053-C,1015-PF-KE-NZILA,Kenya,Kilifi,2007,PC0053-C,True,90.05,gDNA,ERR126559,K,K_only,True,0,0,2005-2009,MalariaGEN Pf8
PC0054-C,1015-PF-KE-NZILA,Kenya,Kilifi,2007,PC0054-C,True,73.19,gDNA,ERR029083,T,T_only,True,1,1,2005-2009,MalariaGEN Pf8
PC0057-C,1015-PF-KE-NZILA,Kenya,Kilifi,2007,PC0057-C,True,80.02,gDNA,ERR029085,K,K_only,True,0,0,2005-2009,MalariaGEN Pf8
PC0058-C,1015-PF-KE-NZILA,Kenya,Kilifi,2007,PC0058-C,True,89.17,gDNA,ERR012232,K,K_only,True,0,0,2005-2009,MalariaGEN Pf8
PC0061-C,1015-PF-KE-NZILA,Kenya,Kilifi,2007,PC0061-C,True,75.04,gDNA,ERR029087,K,K_only,True,0,0,2005-2009,MalariaGEN Pf8
PC0063-C,1015-PF-KE-NZILA,Kenya,Kilifi,2007,PC0063-C,True,89.22,gDNA,"ERR012478,ERR012752",K,K_only,True,0,0,2005-2009,MalariaGEN Pf8
PC0064-C,1015-PF-KE-NZILA,Kenya,Kilifi,2007,PC0064-C,True,86.84,gDNA,ERR012428,T,T_only,True,1,1,2005-2009,MalariaGEN Pf8
PC0065-C,1015-PF-KE-NZILA,Kenya,Kilifi,2007,PC0065-C,True,89.11,gDNA,ERR012421,K,K_only,True,0,0,2005-2009,MalariaGEN Pf8
PC0066-C,1015-PF-KE-NZILA,Kenya,Kilifi,2007,PC0066-C,True,90.47,gDNA,ERR223047,K,K_only,True,0,0,2005-2009,MalariaGEN Pf8
PC0067-C,1015-PF-KE-NZILA,Kenya,Kilifi,2007,PC0067-C,True,89.96,gDNA,ERR223039,K,K_only,True,0,0,2005-2009,MalariaGEN Pf8
PC0068-C,1015-PF-KE-NZILA,Kenya,Kilifi,2007,PC0068-C,True,86.76,gDNA,"ERR012381,ERR012518",K,K_only,True,0,0,2005-2009,MalariaGEN Pf8
PC0069-C,1015-PF-KE-NZILA,Kenya,Kilifi,2007,PC0069-C,True,85.22,gDNA,ERR029413,K,K_only,True,0,0,2005-2009,MalariaGEN Pf8
PC0070-C,1015-PF-KE-NZILA,Kenya,Kilifi,2007,PC0070-C,True,88.44,gDNA,ERR205934,K,K_only,True,0,0,2005-2009,MalariaGEN Pf8
PC0071-C,1015-PF-KE-NZILA,Kenya,Kilifi,2007,PC0071-C,True,89.41,gDNA,ERR205935,K,K_only,True,0,0,2005-2009,MalariaGEN Pf8
PC0073-C,1015-PF-KE-NZILA,Kenya,Kilifi,2007,PC0073-C,True,76.47,gDNA,ERR029414,K,K_only,True,0,0,2005-2009,MalariaGEN Pf8
PC0074-C,1015-PF-KE-NZILA,Kenya,Kilifi,2007,PC0074-C,True,70.13,gDNA,ERR029411,K,K_only,True,0,0,2005-2009,MalariaGEN Pf8
PC0075-C,1015-PF-KE-NZILA,Kenya,Kilifi,2007,PC0075-C,True,76.73,gDNA,ERR029412,T,T_only,True,1,1,2005-2009,MalariaGEN Pf8
PC0077-C,1015-PF-KE-NZILA,Kenya,Kilifi,2007,PC0077-C,True,63.22,gDNA,ERR029088,K,K_only,True,0,0,2005-2009,MalariaGEN Pf8
PC0078-C,1015-PF-KE-NZILA,Kenya,Kilifi,2007,PC0078-C,True,73.29,gDNA,ERR029089,K,K_only,True,0,0,2005-2009,MalariaGEN Pf8
PC0079-C,1015-PF-KE-NZILA,Kenya,Kilifi,2007,PC0079-C,True,68.25,gDNA,ERR029104,K,K_only,True,0,0,2005-2009,MalariaGEN Pf8
PC0085-C,1027-PF-KE-BULL,Kenya,Kilifi,2007,PC0085-C,True,88.52,gDNA,ERR205956,K,K_only,True,0,0,2005-2009,MalariaGEN Pf8
PC0097-C,1027-PF-KE-BULL,Kenya,Kilifi,2007,PC0097-C,True,79.09,gDNA,ERR205958,T,T_only,True,1,1,2005-2009,MalariaGEN Pf8
PC0103-C,1027-PF-KE-BULL,Kenya,Kilifi,2007,PC0103-C,True,77.93,gDNA,ERR205959,K,K_only,True,0,0,2005-2009,MalariaGEN Pf8
PC0104-C,1027-PF-KE-BULL,Kenya,Kilifi,2007,PC0104-C,True,89.92,gDNA,ERR205951,K,K_only,True,0,0,2005-2009,MalariaGEN Pf8
PC0107-C,1027-PF-KE-BULL,Kenya,Kilifi,2007,PC0107-C,True,89.77,gDNA,ERR205952,T,T_only,True,1,1,2005-2009,MalariaGEN Pf8
PC0113-C,1027-PF-KE-BULL,Kenya,Kilifi,2007,PC0113-C,True,89.67,gDNA,ERR205953,"T,K",mixed_KT,True,1,,2005-2009,MalariaGEN Pf8
PC0118-C,1027-PF-KE-BULL,Kenya,Kilifi,2007,PC0118-C,True,78.12,gDNA,ERR205954,T,T_only,True,1,1,2005-2009,MalariaGEN Pf8
PC0122-C,1027-PF-KE-BULL,Kenya,Kilifi,2007,PC0122-C,True,79.9,gDNA,ERR205955,T,T_only,True,1,1,2005-2009,MalariaGEN Pf8
PC4066-C,1132-PF-K1000G-DBS-KE-BEJON,Kenya,Kilifi,2007,PC4066-C,True,65.02,gDNA,ERR1818238,K,K_only,True,0,0,2005-2009,MalariaGEN Pf8
PC4068-C,1132-PF-K1000G-DBS-KE-BEJON,Kenya,Kilifi,2007,PC4068-C,True,82.5,gDNA,ERR1818239,"T,K",mixed_KT,True,1,,2005-2009,MalariaGEN Pf8
PC4074-C,1132-PF-K1000G-DBS-KE-BEJON,Kenya,Kilifi,2007,PC4074-C,True,63.48,gDNA,ERR1818240,"K,T",mixed_KT,True,1,,2005-2009,MalariaGEN Pf8
PC4079-C,1132-PF-K1000G-DBS-KE-BEJON,Kenya,Kilifi,2007,PC4079-C,True,56.3,gDNA,ERR1818241,T,T_only,True,1,1,2005-2009,MalariaGEN Pf8
PC4095-C,1132-PF-K1000G-DBS-KE-BEJON,Kenya,Kilifi,2007,PC4095-C,True,62.49,gDNA,ERR1818247,T,T_only,True,1,1,2005-2009,MalariaGEN Pf8
PC4098-C,1132-PF-K1000G-DBS-KE-BEJON,Kenya,Kilifi,2007,PC4098-C,True,70.88,gDNA,ERR1818249,T,T_only,True,1,1,2005-2009,MalariaGEN Pf8
PC4104-C,1132-PF-K1000G-DBS-KE-BEJON,Kenya,Kilifi,2007,PC4104-C,True,81.88,gDNA,ERR1818250,T,T_only,True,1,1,2005-2009,MalariaGEN Pf8
PC4114-C,1132-PF-K1000G-DBS-KE-BEJON,Kenya,Kilifi,2007,PC4114-C,True,80.64,gDNA,ERR1818251,T,T_only,True,1,1,2005-2009,MalariaGEN Pf8
PC4116-C,1132-PF-K1000G-DBS-KE-BEJON,Kenya,Kilifi,2007,PC4116-C,True,85.12,gDNA,ERR1818252,T,T_only,True,1,1,2005-2009,MalariaGEN Pf8
PC4117-C,1132-PF-K1000G-DBS-KE-BEJON,Kenya,Kilifi,2007,PC4117-C,True,82.99,gDNA,ERR1818253,T,T_only,True,1,1,2005-2009,MalariaGEN Pf8
PC4118-C,1132-PF-K1000G-DBS-KE-BEJON,Kenya,Kilifi,2007,PC4118-C,True,59.08,gDNA,ERR1818254,K,K_only,True,0,0,2005-2009,MalariaGEN Pf8
SPT43041,1132-PF-K1000G-DBS-KE-BEJON,Kenya,Kilifi,2007,SPT43041,True,90.11,sWGA,ERR3457281,T,T_only,True,1,1,2005-2009,MalariaGEN Pf8
SPT43043,1132-PF-K1000G-DBS-KE-BEJON,Kenya,Kilifi,2007,SPT43043,True,90.26,sWGA,ERR3457229,K,K_only,True,0,0,2005-2009,MalariaGEN Pf8
SPT43044,1132-PF-K1000G-DBS-KE-BEJON,Kenya,Kilifi,2007,SPT43044,True,90.41,sWGA,ERR3457251,K,K_only,True,0,0,2005-2009,MalariaGEN Pf8
SPT43045,1132-PF-K1000G-DBS-KE-BEJON,Kenya,Kilifi,2007,SPT43045,True,90.49,sWGA,ERR3457261,K,K_only,True,0,0,2005-2009,MalariaGEN Pf8
SPT43046,1132-PF-K1000G-DBS-KE-BEJON,Kenya,Kilifi,2007,SPT43046,True,90.1,sWGA,ERR3457259,K,K_only,True,0,0,2005-2009,MalariaGEN Pf8
SPT43047,1132-PF-K1000G-DBS-KE-BEJON,Kenya,Kilifi,2007,SPT43047,True,89.92,sWGA,ERR3457253,T,T_only,True,1,1,2005-2009,MalariaGEN Pf8
SPT43048,1132-PF-K1000G-DBS-KE-BEJON,Kenya,Kilifi,2007,SPT43048,True,90.03,sWGA,ERR3457241,T,T_only,True,1,1,2005-2009,MalariaGEN Pf8
SPT43049,1132-PF-K1000G-DBS-KE-BEJON,Kenya,Kilifi,2007,SPT43049,True,90.45,sWGA,ERR3457201,K,K_only,True,0,0,2005-2009,MalariaGEN Pf8
SPT43050,1132-PF-K1000G-DBS-KE-BEJON,Kenya,Kilifi,2007,SPT43050,True,90.15,sWGA,ERR3457238,K,K_only,True,0,0,2005-2009,MalariaGEN Pf8
SPT43051,1132-PF-K1000G-DBS-KE-BEJON,Kenya,Kilifi,2007,SPT43051,True,88.9,gDNA,ERR3421835,T,T_only,True,1,1,2005-2009,MalariaGEN Pf8
SPT43052,1132-PF-K1000G-DBS-KE-BEJON,Kenya,Kilifi,2007,SPT43052,True,90.07,sWGA,ERR3457206,T,T_only,True,1,1,2005-2009,MalariaGEN Pf8
SPT43053,1132-PF-K1000G-DBS-KE-BEJON,Kenya,Kilifi,2007,SPT43053,True,90.36,sWGA,ERR3457221,T,T_only,True,1,1,2005-2009,MalariaGEN Pf8
SPT43054,1132-PF-K1000G-DBS-KE-BEJON,Kenya,Kilifi,2007,SPT43054,True,90.13,sWGA,ERR3457275,K,K_only,True,0,0,2005-2009,MalariaGEN Pf8
SPT43056,1132-PF-K1000G-DBS-KE-BEJON,Kenya,Kilifi,2007,SPT43056,True,90.37,sWGA,ERR3457227,T,T_only,True,1,1,2005-2009,MalariaGEN Pf8
SPT50294,1132-PF-K1000G-DBS-KE-BEJON,Kenya,Kilifi,2007,SPT50294,True,90.9,sWGA,ERR4594661,T,T_only,True,1,1,2005-2009,MalariaGEN Pf8
SPT50298,1132-PF-K1000G-DBS-KE-BEJON,Kenya,Kilifi,2007,SPT50298,True,90.81,sWGA,ERR4594657,T,T_only,True,1,1,2005-2009,MalariaGEN Pf8
SPT50611,1132-PF-K1000G-DBS-KE-BEJON,Kenya,Kilifi,2007,SPT50611,True,90.36,sWGA,ERR4594681,K,K_only,True,0,0,2005-2009,MalariaGEN Pf8
SPT50612,1132-PF-K1000G-DBS-KE-BEJON,Kenya,Kilifi,2007,SPT50612,True,90.44,sWGA,ERR4594684,T,T_only,True,1,1,2005-2009,MalariaGEN Pf8
SPT50613,1132-PF-K1000G-DBS-KE-BEJON,Kenya,Kilifi,2007,SPT50613,True,90.0,sWGA,ERR4594690,K,K_only,True,0,0,2005-2009,MalariaGEN Pf8
SPT50614,1132-PF-K1000G-DBS-KE-BEJON,Kenya,Kilifi,2007,SPT50614,True,90.55,sWGA,ERR4594715,K,K_only,True,0,0,2005-2009,MalariaGEN Pf8
SPT50615,1132-PF-K1000G-DBS-KE-BEJON,Kenya,Kilifi,2007,SPT50615,True,91.16,sWGA,ERR4609612,T,T_only,True,1,1,2005-2009,MalariaGEN Pf8
SPT50616,1132-PF-K1000G-DBS-KE-BEJON,Kenya,Kilifi,2007,SPT50616,True,90.77,sWGA,ERR4594698,"T,K",mixed_KT,True,1,,2005-2009,MalariaGEN Pf8
SPT50617,1132-PF-K1000G-DBS-KE-BEJON,Kenya,Kilifi,2007,SPT50617,True,90.39,sWGA,ERR4594691,T,T_only,True,1,1,2005-2009,MalariaGEN Pf8
SPT50618,1132-PF-K1000G-DBS-KE-BEJON,Kenya,Kilifi,2007,SPT50618,True,90.4,sWGA,ERR4594699,K,K_only,True,0,0,2005-2009,MalariaGEN Pf8
SPT50828,1132-PF-K1000G-DBS-KE-BEJON,Kenya,Kilifi,2007,SPT50828,True,90.59,sWGA,ERR4609725,K,K_only,True,0,0,2005-2009,MalariaGEN Pf8
SPT50829,1132-PF-K1000G-DBS-KE-BEJON,Kenya,Kilifi,2007,SPT50829,True,90.8,sWGA,ERR4609700,K,K_only,True,0,0,2005-2009,MalariaGEN Pf8
SPT50830,1132-PF-K1000G-DBS-KE-BEJON,Kenya,Kilifi,2007,SPT50830,True,90.97,sWGA,ERR4609727,K,K_only,True,0,0,2005-2009,MalariaGEN Pf8
SPT50831,1132-PF-K1000G-DBS-KE-BEJON,Kenya,Kilifi,2007,SPT50831,True,91.62,sWGA,ERR4609735,"T,K",mixed_KT,True,1,,2005-2009,MalariaGEN Pf8
SPT50832,1132-PF-K1000G-DBS-KE-BEJON,Kenya,Kilifi,2007,SPT50832,True,89.94,sWGA,ERR4634303,T,T_only,True,1,1,2005-2009,MalariaGEN Pf8
SPT50833,1132-PF-K1000G-DBS-KE-BEJON,Kenya,Kilifi,2007,SPT50833,True,90.17,sWGA,ERR4594733,K,K_only,True,0,0,2005-2009,MalariaGEN Pf8
SPT50834,1132-PF-K1000G-DBS-KE-BEJON,Kenya,Kilifi,2007,SPT50834,True,90.01,sWGA,ERR4634311,K,K_only,True,0,0,2005-2009,MalariaGEN Pf8
SPT50835,1132-PF-K1000G-DBS-KE-BEJON,Kenya,Kilifi,2007,SPT50835,True,90.4,sWGA,ERR4634316,K,K_only,True,0,0,2005-2009,MalariaGEN Pf8
SPT50836,1132-PF-K1000G-DBS-KE-BEJON,Kenya,Kilifi,2007,SPT50836,True,90.87,sWGA,ERR4609804,K,K_only,True,0,0,2005-2009,MalariaGEN Pf8
SPT50837,1132-PF-K1000G-DBS-KE-BEJON,Kenya,Kilifi,2007,SPT50837,True,91.37,sWGA,ERR4609739,K,K_only,True,0,0,2005-2009,MalariaGEN Pf8
SPT50838,1132-PF-K1000G-DBS-KE-BEJON,Kenya,Kilifi,2007,SPT50838,True,91.62,sWGA,ERR4609732,"K,T",mixed_KT,True,1,,2005-2009,MalariaGEN Pf8
SPT50839,1132-PF-K1000G-DBS-KE-BEJON,Kenya,Kilifi,2007,SPT50839,True,91.11,sWGA,ERR4609726,K,K_only,True,0,0,2005-2009,MalariaGEN Pf8
SPT50840,1132-PF-K1000G-DBS-KE-BEJON,Kenya,Kilifi,2007,SPT50840,True,89.88,sWGA,ERR4594742,K,K_only,True,0,0,2005-2009,MalariaGEN Pf8
SPT50841,1132-PF-K1000G-DBS-KE-BEJON,Kenya,Kilifi,2007,SPT50841,True,90.8,sWGA,ERR4609801,T,T_only,True,1,1,2005-2009,MalariaGEN Pf8
SPT50842,1132-PF-K1000G-DBS-KE-BEJON,Kenya,Kilifi,2007,SPT50842,True,90.06,sWGA,ERR4634304,K,K_only,True,0,0,2005-2009,MalariaGEN Pf8
SPT50843,1132-PF-K1000G-DBS-KE-BEJON,Kenya,Kilifi,2007,SPT50843,True,91.06,sWGA,ERR4609728,T,T_only,True,1,1,2005-2009,MalariaGEN Pf8
SPT50844,1132-PF-K1000G-DBS-KE-BEJON,Kenya,Kilifi,2007,SPT50844,True,90.4,sWGA,ERR4634318,"K,T",mixed_KT,True,1,,2005-2009,MalariaGEN Pf8
SPT50845,1132-PF-K1000G-DBS-KE-BEJON,Kenya,Kilifi,2007,SPT50845,True,91.13,sWGA,ERR4609810,K,K_only,True,0,0,2005-2009,MalariaGEN Pf8
SPT50846,1132-PF-K1000G-DBS-KE-BEJON,Kenya,Kilifi,2007,SPT50846,True,90.99,sWGA,ERR4609807,T,T_only,True,1,1,2005-2009,MalariaGEN Pf8
SPT50847,1132-PF-K1000G-DBS-KE-BEJON,Kenya,Kilifi,2007,SPT50847,True,91.06,sWGA,ERR4609731,K,K_only,True,0,0,2005-2009,MalariaGEN Pf8
SPT50848,1132-PF-K1000G-DBS-KE-BEJON,Kenya,Kilifi,2007,SPT50848,True,90.37,sWGA,ERR4609797,T,T_only,True,1,1,2005-2009,MalariaGEN Pf8
SPT50849,1132-PF-K1000G-DBS-KE-BEJON,Kenya,Kilifi,2007,SPT50849,True,90.73,sWGA,ERR4594741,K,K_only,True,0,0,2005-2009,MalariaGEN Pf8
SPT50850,1132-PF-K1000G-DBS-KE-BEJON,Kenya,Kilifi,2007,SPT50850,True,90.1,sWGA,ERR4634296,T,T_only,True,1,1,2005-2009,MalariaGEN Pf8
SPT50851,1132-PF-K1000G-DBS-KE-BEJON,Kenya,Kilifi,2007,SPT50851,True,82.59,sWGA,ERR4594726,K,K_only,True,0,0,2005-2009,MalariaGEN Pf8
PC4126-C,1132-PF-K1000G-DBS-KE-BEJON,Kenya,Kilifi,2008,PC4126-C,True,74.97,gDNA,ERR1818255,K,K_only,True,0,0,2005-2009,MalariaGEN Pf8
PC4128-C,1132-PF-K1000G-DBS-KE-BEJON,Kenya,Kilifi,2008,PC4128-C,True,78.03,gDNA,ERR1818256,T,T_only,True,1,1,2005-2009,MalariaGEN Pf8
PC4129-C,1132-PF-K1000G-DBS-KE-BEJON,Kenya,Kilifi,2008,PC4129-C,True,75.49,gDNA,ERR1818257,T,T_only,True,1,1,2005-2009,MalariaGEN Pf8
PC4130-C,1132-PF-K1000G-DBS-KE-BEJON,Kenya,Kilifi,2008,PC4130-C,True,85.91,gDNA,ERR1818258,K,K_only,True,0,0,2005-2009,MalariaGEN Pf8
SPT43057,1132-PF-K1000G-DBS-KE-BEJON,Kenya,Kilifi,2008,SPT43057,True,90.71,sWGA,ERR3457240,"K,T",mixed_KT,True,1,,2005-2009,MalariaGEN Pf8
SPT43058,1132-PF-K1000G-DBS-KE-BEJON,Kenya,Kilifi,2008,SPT43058,True,90.32,sWGA,ERR3457234,K,K_only,True,0,0,2005-2009,MalariaGEN Pf8
SPT43059,1132-PF-K1000G-DBS-KE-BEJON,Kenya,Kilifi,2008,SPT43059,True,90.6,sWGA,ERR3457224,T,T_only,True,1,1,2005-2009,MalariaGEN Pf8
SPT43060,1132-PF-K1000G-DBS-KE-BEJON,Kenya,Kilifi,2008,SPT43060,True,90.35,sWGA,ERR3457220,T,T_only,True,1,1,2005-2009,MalariaGEN Pf8
SPT43061,1132-PF-K1000G-DBS-KE-BEJON,Kenya,Kilifi,2008,SPT43061,True,90.28,sWGA,ERR3457230,K,K_only,True,0,0,2005-2009,MalariaGEN Pf8
SPT43062,1132-PF-K1000G-DBS-KE-BEJON,Kenya,Kilifi,2008,SPT43062,True,90.72,sWGA,ERR3457215,"T,K",mixed_KT,True,1,,2005-2009,MalariaGEN Pf8
SPT43063,1132-PF-K1000G-DBS-KE-BEJON,Kenya,Kilifi,2008,SPT43063,True,90.57,sWGA,ERR3457242,K,K_only,True,0,0,2005-2009,MalariaGEN Pf8
SPT43065,1132-PF-K1000G-DBS-KE-BEJON,Kenya,Kilifi,2008,SPT43065,True,86.71,gDNA,ERR3421841,K,K_only,True,0,0,2005-2009,MalariaGEN Pf8
SPT43066,1132-PF-K1000G-DBS-KE-BEJON,Kenya,Kilifi,2008,SPT43066,True,81.83,gDNA,ERR3467336,T,T_only,True,1,1,2005-2009,MalariaGEN Pf8
SPT43067,1132-PF-K1000G-DBS-KE-BEJON,Kenya,Kilifi,2008,SPT43067,True,77.07,gDNA,ERR3467325,K,K_only,True,0,0,2005-2009,MalariaGEN Pf8
SPT43068,1132-PF-K1000G-DBS-KE-BEJON,Kenya,Kilifi,2008,SPT43068,True,73.64,gDNA,ERR3467357,K,K_only,True,0,0,2005-2009,MalariaGEN Pf8
SPT43069,1132-PF-K1000G-DBS-KE-BEJON,Kenya,Kilifi,2008,SPT43069,True,90.44,sWGA,ERR3457218,K,K_only,True,0,0,2005-2009,MalariaGEN Pf8
SPT43070,1132-PF-K1000G-DBS-KE-BEJON,Kenya,Kilifi,2008,SPT43070,True,90.38,sWGA,ERR3457214,K,K_only,True,0,0,2005-2009,MalariaGEN Pf8
SPT43071,1132-PF-K1000G-DBS-KE-BEJON,Kenya,Kilifi,2008,SPT43071,True,71.58,gDNA,ERR3467377,K,K_only,True,0,0,2005-2009,MalariaGEN Pf8
SPT43072,1132-PF-K1000G-DBS-KE-BEJON,Kenya,Kilifi,2008,SPT43072,True,90.64,sWGA,ERR3457239,"T,K",mixed_KT,True,1,,2005-2009,MalariaGEN Pf8
SPT43075,1132-PF-K1000G-DBS-KE-BEJON,Kenya,Kilifi,2008,SPT43075,True,90.73,sWGA,ERR3457208,"T,K",mixed_KT,True,1,,2005-2009,MalariaGEN Pf8
SPT43076,1132-PF-K1000G-DBS-KE-BEJON,Kenya,Kilifi,2008,SPT43076,True,71.02,gDNA,ERR3467353,K,K_only,True,0,0,2005-2009,MalariaGEN Pf8
SPT43077,1132-PF-K1000G-DBS-KE-BEJON,Kenya,Kilifi,2008,SPT43077,True,61.31,gDNA,ERR3467370,K,K_only,True,0,0,2005-2009,MalariaGEN Pf8
SPT43078,1132-PF-K1000G-DBS-KE-BEJON,Kenya,Kilifi,2008,SPT43078,True,86.18,gDNA,ERR3467320,T,T_only,True,1,1,2005-2009,MalariaGEN Pf8
SPT43079,1132-PF-K1000G-DBS-KE-BEJON,Kenya,Kilifi,2008,SPT43079,True,90.73,sWGA,ERR3457202,"K,T",mixed_KT,True,1,,2005-2009,MalariaGEN Pf8
SPT43080,1132-PF-K1000G-DBS-KE-BEJON,Kenya,Kilifi,2008,SPT43080,True,70.83,gDNA,ERR3467391,T,T_only,True,1,1,2005-2009,MalariaGEN Pf8
SPT43081,1132-PF-K1000G-DBS-KE-BEJON,Kenya,Kilifi,2008,SPT43081,True,86.4,gDNA,"ERR3467290,ERR3486316",T,T_only,True,1,1,2005-2009,MalariaGEN Pf8
SPT43083,1132-PF-K1000G-DBS-KE-BEJON,Kenya,Kilifi,2008,SPT43083,True,90.23,sWGA,ERR3457217,K,K_only,True,0,0,2005-2009,MalariaGEN Pf8
SPT43084,1132-PF-K1000G-DBS-KE-BEJON,Kenya,Kilifi,2008,SPT43084,True,75.4,gDNA,ERR3467351,T,T_only,True,1,1,2005-2009,MalariaGEN Pf8
SPT43085,1132-PF-K1000G-DBS-KE-BEJON,Kenya,Kilifi,2008,SPT43085,True,90.34,sWGA,ERR3457270,T,T_only,True,1,1,2005-2009,MalariaGEN Pf8
SPT43086,1132-PF-K1000G-DBS-KE-BEJON,Kenya,Kilifi,2008,SPT43086,True,80.33,gDNA,ERR3467343,T,T_only,True,1,1,2005-2009,MalariaGEN Pf8
SPT43087,1132-PF-K1000G-DBS-KE-BEJON,Kenya,Kilifi,2008,SPT43087,True,90.28,sWGA,ERR3457211,K,K_only,True,0,0,2005-2009,MalariaGEN Pf8
SPT43088,1132-PF-K1000G-DBS-KE-BEJON,Kenya,Kilifi,2008,SPT43088,True,90.25,sWGA,ERR3457200,T,T_only,True,1,1,2005-2009,MalariaGEN Pf8
SPT43089,1132-PF-K1000G-DBS-KE-BEJON,Kenya,Kilifi,2008,SPT43089,True,89.93,sWGA,ERR3457072,T,T_only,True,1,1,2005-2009,MalariaGEN Pf8
SPT43093,1132-PF-K1000G-DBS-KE-BEJON,Kenya,Kilifi,2008,SPT43093,True,67.84,gDNA,ERR3467364,K,K_only,True,0,0,2005-2009,MalariaGEN Pf8
SPT43094,1132-PF-K1000G-DBS-KE-BEJON,Kenya,Kilifi,2008,SPT43094,True,89.96,sWGA,ERR3457094,K,K_only,True,0,0,2005-2009,MalariaGEN Pf8
SPT50169,1132-PF-K1000G-DBS-KE-BEJON,Kenya,Kilifi,2008,SPT50169,True,90.53,sWGA,ERR4594623,T,T_only,True,1,1,2005-2009,MalariaGEN Pf8
SPT50256,1132-PF-K1000G-DBS-KE-BEJON,Kenya,Kilifi,2008,SPT50256,True,90.54,sWGA,ERR4661226,T,T_only,True,1,1,2005-2009,MalariaGEN Pf8
SPT50257,1132-PF-K1000G-DBS-KE-BEJON,Kenya,Kilifi,2008,SPT50257,True,90.66,sWGA,ERR4594646,T,T_only,True,1,1,2005-2009,MalariaGEN Pf8
SPT50258,1132-PF-K1000G-DBS-KE-BEJON,Kenya,Kilifi,2008,SPT50258,True,89.87,sWGA,ERR4594652,"T,K",mixed_KT,True,1,,2005-2009,MalariaGEN Pf8
SPT50259,1132-PF-K1000G-DBS-KE-BEJON,Kenya,Kilifi,2008,SPT50259,True,89.5,sWGA,ERR4594654,K,K_only,True,0,0,2005-2009,MalariaGEN Pf8
SPT50260,1132-PF-K1000G-DBS-KE-BEJON,Kenya,Kilifi,2008,SPT50260,True,90.53,sWGA,ERR4594647,T,T_only,True,1,1,2005-2009,MalariaGEN Pf8
SPT50261,1132-PF-K1000G-DBS-KE-BEJON,Kenya,Kilifi,2008,SPT50261,True,89.74,sWGA,ERR4594639,K,K_only,True,0,0,2005-2009,MalariaGEN Pf8
SPT50262,1132-PF-K1000G-DBS-KE-BEJON,Kenya,Kilifi,2008,SPT50262,True,90.65,sWGA,ERR4594648,T,T_only,True,1,1,2005-2009,MalariaGEN Pf8
SPT50299,1132-PF-K1000G-DBS-KE-BEJON,Kenya,Kilifi,2008,SPT50299,True,90.23,sWGA,ERR4594642,T,T_only,True,1,1,2005-2009,MalariaGEN Pf8
SPT50301,1132-PF-K1000G-DBS-KE-BEJON,Kenya,Kilifi,2008,SPT50301,True,90.96,sWGA,ERR4594643,"T,K",mixed_KT,True,1,,2005-2009,MalariaGEN Pf8
SPT50302,1132-PF-K1000G-DBS-KE-BEJON,Kenya,Kilifi,2008,SPT50302,True,89.07,sWGA,ERR4661200,K,K_only,True,0,0,2005-2009,MalariaGEN Pf8
SPT50698,1132-PF-K1000G-DBS-KE-BEJON,Kenya,Kilifi,2008,SPT50698,True,89.3,sWGA,ERR4609828,K,K_only,True,0,0,2005-2009,MalariaGEN Pf8
SPT50852,1132-PF-K1000G-DBS-KE-BEJON,Kenya,Kilifi,2008,SPT50852,True,90.07,sWGA,ERR4634297,K,K_only,True,0,0,2005-2009,MalariaGEN Pf8
SPT50854,1132-PF-K1000G-DBS-KE-BEJON,Kenya,Kilifi,2008,SPT50854,True,90.96,sWGA,ERR4609736,K,K_only,True,0,0,2005-2009,MalariaGEN Pf8
SPT50855,1132-PF-K1000G-DBS-KE-BEJON,Kenya,Kilifi,2008,SPT50855,True,90.72,sWGA,ERR4609740,K,K_only,True,0,0,2005-2009,MalariaGEN Pf8
SPT50856,1132-PF-K1000G-DBS-KE-BEJON,Kenya,Kilifi,2008,SPT50856,True,90.97,sWGA,ERR4609733,K,K_only,True,0,0,2005-2009,MalariaGEN Pf8
SPT43096,1132-PF-K1000G-DBS-KE-BEJON,Kenya,Kilifi,2009,SPT43096,True,86.03,gDNA,ERR3467337,K,K_only,True,0,0,2005-2009,MalariaGEN Pf8
SPT43097,1132-PF-K1000G-DBS-KE-BEJON,Kenya,Kilifi,2009,SPT43097,True,81.25,gDNA,ERR3467339,K,K_only,True,0,0,2005-2009,MalariaGEN Pf8
SPT43098,1132-PF-K1000G-DBS-KE-BEJON,Kenya,Kilifi,2009,SPT43098,True,85.39,gDNA,"ERR3467287,ERR3486313",T,T_only,True,1,1,2005-2009,MalariaGEN Pf8
SPT43099,1132-PF-K1000G-DBS-KE-BEJON,Kenya,Kilifi,2009,SPT43099,True,90.53,sWGA,ERR3457038,K,K_only,True,0,0,2005-2009,MalariaGEN Pf8
SPT43100,1132-PF-K1000G-DBS-KE-BEJON,Kenya,Kilifi,2009,SPT43100,True,89.69,sWGA,ERR3457074,K,K_only,True,0,0,2005-2009,MalariaGEN Pf8
SPT43101,1132-PF-K1000G-DBS-KE-BEJON,Kenya,Kilifi,2009,SPT43101,True,82.37,gDNA,ERR3467334,K,K_only,True,0,0,2005-2009,MalariaGEN Pf8
SPT43102,1132-PF-K1000G-DBS-KE-BEJON,Kenya,Kilifi,2009,SPT43102,True,90.34,sWGA,ERR3457055,T,T_only,True,1,1,2005-2009,MalariaGEN Pf8
SPT43103,1132-PF-K1000G-DBS-KE-BEJON,Kenya,Kilifi,2009,SPT43103,True,90.01,sWGA,ERR3457108,K,K_only,True,0,0,2005-2009,MalariaGEN Pf8
SPT43104,1132-PF-K1000G-DBS-KE-BEJON,Kenya,Kilifi,2009,SPT43104,True,90.59,sWGA,ERR3457058,T,T_only,True,1,1,2005-2009,MalariaGEN Pf8
SPT43105,1132-PF-K1000G-DBS-KE-BEJON,Kenya,Kilifi,2009,SPT43105,True,90.02,sWGA,ERR3457112,K,K_only,True,0,0,2005-2009,MalariaGEN Pf8
SPT43106,1132-PF-K1000G-DBS-KE-BEJON,Kenya,Kilifi,2009,SPT43106,True,90.87,sWGA,ERR3457048,K,K_only,True,0,0,2005-2009,MalariaGEN Pf8
SPT43107,1132-PF-K1000G-DBS-KE-BEJON,Kenya,Kilifi,2009,SPT43107,True,90.3,sWGA,ERR3457035,K,K_only,True,0,0,2005-2009,MalariaGEN Pf8
SPT43108,1132-PF-K1000G-DBS-KE-BEJON,Kenya,Kilifi,2009,SPT43108,True,89.36,gDNA,ERR3421838,"T,K",mixed_KT,True,1,,2005-2009,MalariaGEN Pf8
SPT43109,1132-PF-K1000G-DBS-KE-BEJON,Kenya,Kilifi,2009,SPT43109,True,90.55,sWGA,ERR3457047,K,K_only,True,0,0,2005-2009,MalariaGEN Pf8
SPT43110,1132-PF-K1000G-DBS-KE-BEJON,Kenya,Kilifi,2009,SPT43110,True,89.82,sWGA,ERR3457075,T,T_only,True,1,1,2005-2009,MalariaGEN Pf8
SPT43111,1132-PF-K1000G-DBS-KE-BEJON,Kenya,Kilifi,2009,SPT43111,True,90.07,sWGA,ERR3457052,T,T_only,True,1,1,2005-2009,MalariaGEN Pf8
SPT43112,1132-PF-K1000G-DBS-KE-BEJON,Kenya,Kilifi,2009,SPT43112,True,89.94,sWGA,ERR3457081,T,T_only,True,1,1,2005-2009,MalariaGEN Pf8
SPT43113,1132-PF-K1000G-DBS-KE-BEJON,Kenya,Kilifi,2009,SPT43113,True,84.74,gDNA,"ERR3467304,ERR3486330",K,K_only,True,0,0,2005-2009,MalariaGEN Pf8
SPT43115,1132-PF-K1000G-DBS-KE-BEJON,Kenya,Kilifi,2009,SPT43115,True,90.18,sWGA,ERR3457069,K,K_only,True,0,0,2005-2009,MalariaGEN Pf8
SPT43116,1132-PF-K1000G-DBS-KE-BEJON,Kenya,Kilifi,2009,SPT43116,True,90.4,sWGA,ERR3457090,T,T_only,True,1,1,2005-2009,MalariaGEN Pf8
SPT43117,1132-PF-K1000G-DBS-KE-BEJON,Kenya,Kilifi,2009,SPT43117,True,85.11,gDNA,ERR3421840,K,K_only,True,0,0,2005-2009,MalariaGEN Pf8
SPT43118,1132-PF-K1000G-DBS-KE-BEJON,Kenya,Kilifi,2009,SPT43118,True,90.32,sWGA,ERR3457064,K,K_only,True,0,0,2005-2009,MalariaGEN Pf8
SPT43119,1132-PF-K1000G-DBS-KE-BEJON,Kenya,Kilifi,2009,SPT43119,True,89.58,sWGA,ERR3457106,K,K_only,True,0,0,2005-2009,MalariaGEN Pf8
SPT43120,1132-PF-K1000G-DBS-KE-BEJON,Kenya,Kilifi,2009,SPT43120,True,89.82,sWGA,ERR3457111,K,K_only,True,0,0,2005-2009,MalariaGEN Pf8
SPT43121,1132-PF-K1000G-DBS-KE-BEJON,Kenya,Kilifi,2009,SPT43121,True,90.21,sWGA,ERR3457030,K,K_only,True,0,0,2005-2009,MalariaGEN Pf8
SPT43122,1132-PF-K1000G-DBS-KE-BEJON,Kenya,Kilifi,2009,SPT43122,True,83.23,gDNA,"ERR3467298,ERR3486324",K,K_only,True,0,0,2005-2009,MalariaGEN Pf8
SPT43123,1132-PF-K1000G-DBS-KE-BEJON,Kenya,Kilifi,2009,SPT43123,True,90.47,sWGA,ERR3457059,T,T_only,True,1,1,2005-2009,MalariaGEN Pf8
SPT43124,1132-PF-K1000G-DBS-KE-BEJON,Kenya,Kilifi,2009,SPT43124,True,87.81,gDNA,"ERR3467303,ERR3486329",T,T_only,True,1,1,2005-2009,MalariaGEN Pf8
SPT43125,1132-PF-K1000G-DBS-KE-BEJON,Kenya,Kilifi,2009,SPT43125,True,76.67,gDNA,ERR3467331,T,T_only,True,1,1,2005-2009,MalariaGEN Pf8
SPT43126,1132-PF-K1000G-DBS-KE-BEJON,Kenya,Kilifi,2009,SPT43126,True,80.53,gDNA,"ERR3467288,ERR3486314",T,T_only,True,1,1,2005-2009,MalariaGEN Pf8
SPT43127,1132-PF-K1000G-DBS-KE-BEJON,Kenya,Kilifi,2009,SPT43127,True,80.21,gDNA,ERR3467327,K,K_only,True,0,0,2005-2009,MalariaGEN Pf8
SPT43128,1132-PF-K1000G-DBS-KE-BEJON,Kenya,Kilifi,2009,SPT43128,True,73.53,gDNA,ERR3467379,K,K_only,True,0,0,2005-2009,MalariaGEN Pf8
SPT43129,1132-PF-K1000G-DBS-KE-BEJON,Kenya,Kilifi,2009,SPT43129,True,85.33,gDNA,"ERR3467314,ERR3486340",T,T_only,True,1,1,2005-2009,MalariaGEN Pf8
SPT43130,1132-PF-K1000G-DBS-KE-BEJON,Kenya,Kilifi,2009,SPT43130,True,90.01,sWGA,ERR3457096,K,K_only,True,0,0,2005-2009,MalariaGEN Pf8
SPT43131,1132-PF-K1000G-DBS-KE-BEJON,Kenya,Kilifi,2009,SPT43131,True,89.85,sWGA,ERR3457104,"T,K",mixed_KT,True,1,,2005-2009,MalariaGEN Pf8
SPT43133,1132-PF-K1000G-DBS-KE-BEJON,Kenya,Kilifi,2009,SPT43133,True,90.31,sWGA,ERR3457053,"K,T",mixed_KT,True,1,,2005-2009,MalariaGEN Pf8
SPT43134,1132-PF-K1000G-DBS-KE-BEJON,Kenya,Kilifi,2009,SPT43134,True,84.19,gDNA,ERR3421829,K,K_only,True,0,0,2005-2009,MalariaGEN Pf8
SPT43135,1132-PF-K1000G-DBS-KE-BEJON,Kenya,Kilifi,2009,SPT43135,True,71.62,gDNA,ERR3467407,K,K_only,True,0,0,2005-2009,MalariaGEN Pf8
SPT43136,1132-PF-K1000G-DBS-KE-BEJON,Kenya,Kilifi,2009,SPT43136,True,90.15,sWGA,ERR3457044,T,T_only,True,1,1,2005-2009,MalariaGEN Pf8
SPT43137,1132-PF-K1000G-DBS-KE-BEJON,Kenya,Kilifi,2009,SPT43137,True,90.05,sWGA,ERR3457061,K,K_only,True,0,0,2005-2009,MalariaGEN Pf8
SPT43138,1132-PF-K1000G-DBS-KE-BEJON,Kenya,Kilifi,2009,SPT43138,True,90.12,sWGA,ERR3457068,K,K_only,True,0,0,2005-2009,MalariaGEN Pf8
SPT43139,1132-PF-K1000G-DBS-KE-BEJON,Kenya,Kilifi,2009,SPT43139,True,90.37,sWGA,ERR3457057,K,K_only,True,0,0,2005-2009,MalariaGEN Pf8
SPT43140,1132-PF-K1000G-DBS-KE-BEJON,Kenya,Kilifi,2009,SPT43140,True,89.96,sWGA,ERR3457078,T,T_only,True,1,1,2005-2009,MalariaGEN Pf8
SPT43141,1132-PF-K1000G-DBS-KE-BEJON,Kenya,Kilifi,2009,SPT43141,True,89.46,gDNA,ERR3421832,K,K_only,True,0,0,2005-2009,MalariaGEN Pf8
SPT43142,1132-PF-K1000G-DBS-KE-BEJON,Kenya,Kilifi,2009,SPT43142,True,68.72,gDNA,ERR3467385,T,T_only,True,1,1,2005-2009,MalariaGEN Pf8
SPT43143,1132-PF-K1000G-DBS-KE-BEJON,Kenya,Kilifi,2009,SPT43143,True,89.78,sWGA,ERR3457114,K,K_only,True,0,0,2005-2009,MalariaGEN Pf8
SPT43144,1132-PF-K1000G-DBS-KE-BEJON,Kenya,Kilifi,2009,SPT43144,True,90.71,sWGA,ERR3457097,"T,K",mixed_KT,True,1,,2005-2009,MalariaGEN Pf8
SPT50170,1132-PF-K1000G-DBS-KE-BEJON,Kenya,Kilifi,2009,SPT50170,True,90.83,sWGA,ERR4594631,"T,K",mixed_KT,True,1,,2005-2009,MalariaGEN Pf8
SPT50171,1132-PF-K1000G-DBS-KE-BEJON,Kenya,Kilifi,2009,SPT50171,True,90.64,sWGA,ERR4594619,K,K_only,True,0,0,2005-2009,MalariaGEN Pf8
SPT50172,1132-PF-K1000G-DBS-KE-BEJON,Kenya,Kilifi,2009,SPT50172,True,90.64,sWGA,ERR4594604,K,K_only,True,0,0,2005-2009,MalariaGEN Pf8
SPT50173,1132-PF-K1000G-DBS-KE-BEJON,Kenya,Kilifi,2009,SPT50173,True,90.43,sWGA,ERR4594613,T,T_only,True,1,1,2005-2009,MalariaGEN Pf8
SPT50174,1132-PF-K1000G-DBS-KE-BEJON,Kenya,Kilifi,2009,SPT50174,True,90.56,sWGA,ERR4661148,K,K_only,True,0,0,2005-2009,MalariaGEN Pf8
SPT50175,1132-PF-K1000G-DBS-KE-BEJON,Kenya,Kilifi,2009,SPT50175,True,90.22,sWGA,ERR4661145,K,K_only,True,0,0,2005-2009,MalariaGEN Pf8
SPT50176,1132-PF-K1000G-DBS-KE-BEJON,Kenya,Kilifi,2009,SPT50176,True,90.37,sWGA,ERR4594608,K,K_only,True,0,0,2005-2009,MalariaGEN Pf8
SPT50177,1132-PF-K1000G-DBS-KE-BEJON,Kenya,Kilifi,2009,SPT50177,True,90.4,sWGA,ERR4661151,K,K_only,True,0,0,2005-2009,MalariaGEN Pf8
SPT50178,1132-PF-K1000G-DBS-KE-BEJON,Kenya,Kilifi,2009,SPT50178,True,90.55,sWGA,ERR4661175,K,K_only,True,0,0,2005-2009,MalariaGEN Pf8
SPT50179,1132-PF-K1000G-DBS-KE-BEJON,Kenya,Kilifi,2009,SPT50179,True,90.82,sWGA,ERR4661149,K,K_only,True,0,0,2005-2009,MalariaGEN Pf8
SPT50180,1132-PF-K1000G-DBS-KE-BEJON,Kenya,Kilifi,2009,SPT50180,True,90.37,sWGA,ERR4594599,K,K_only,True,0,0,2005-2009,MalariaGEN Pf8
SPT50181,1132-PF-K1000G-DBS-KE-BEJON,Kenya,Kilifi,2009,SPT50181,True,90.77,sWGA,ERR4594598,K,K_only,True,0,0,2005-2009,MalariaGEN Pf8
SPT50182,1132-PF-K1000G-DBS-KE-BEJON,Kenya,Kilifi,2009,SPT50182,True,90.21,sWGA,ERR4594592,K,K_only,True,0,0,2005-2009,MalariaGEN Pf8
SPT50183,1132-PF-K1000G-DBS-KE-BEJON,Kenya,Kilifi,2009,SPT50183,True,91.05,sWGA,ERR4661160,"T,K",mixed_KT,True,1,,2005-2009,MalariaGEN Pf8
SPT50184,1132-PF-K1000G-DBS-KE-BEJON,Kenya,Kilifi,2009,SPT50184,True,90.62,sWGA,ERR4661159,K,K_only,True,0,0,2005-2009,MalariaGEN Pf8
SPT50185,1132-PF-K1000G-DBS-KE-BEJON,Kenya,Kilifi,2009,SPT50185,True,91.1,sWGA,ERR4594632,"T,K",mixed_KT,True,1,,2005-2009,MalariaGEN Pf8
SPT50857,1132-PF-K1000G-DBS-KE-BEJON,Kenya,Kilifi,2009,SPT50857,True,91.39,sWGA,ERR8481007,K,K_only,True,0,0,2005-2009,MalariaGEN Pf8
SPT50858,1132-PF-K1000G-DBS-KE-BEJON,Kenya,Kilifi,2009,SPT50858,True,91.49,sWGA,ERR4609738,K,K_only,True,0,0,2005-2009,MalariaGEN Pf8
SPT50859,1132-PF-K1000G-DBS-KE-BEJON,Kenya,Kilifi,2009,SPT50859,True,90.98,sWGA,ERR4634314,K,K_only,True,0,0,2005-2009,MalariaGEN Pf8
SPT50860,1132-PF-K1000G-DBS-KE-BEJON,Kenya,Kilifi,2009,SPT50860,True,90.91,sWGA,ERR4609741,K,K_only,True,0,0,2005-2009,MalariaGEN Pf8
SPT50861,1132-PF-K1000G-DBS-KE-BEJON,Kenya,Kilifi,2009,SPT50861,True,91.21,sWGA,ERR4609734,K,K_only,True,0,0,2005-2009,MalariaGEN Pf8
SPT50862,1132-PF-K1000G-DBS-KE-BEJON,Kenya,Kilifi,2009,SPT50862,True,91.33,sWGA,ERR4609803,K,K_only,True,0,0,2005-2009,MalariaGEN Pf8
SPT50863,1132-PF-K1000G-DBS-KE-BEJON,Kenya,Kilifi,2009,SPT50863,True,90.86,sWGA,ERR4609737,K,K_only,True,0,0,2005-2009,MalariaGEN Pf8
SPT43145,1132-PF-K1000G-DBS-KE-BEJON,Kenya,Kilifi,2010,SPT43145,True,89.95,sWGA,ERR3457082,K,K_only,True,0,0,2010-2014,MalariaGEN Pf8
SPT43146,1132-PF-K1000G-DBS-KE-BEJON,Kenya,Kilifi,2010,SPT43146,True,88.97,sWGA,ERR3457109,K,K_only,True,0,0,2010-2014,MalariaGEN Pf8
SPT43147,1132-PF-K1000G-DBS-KE-BEJON,Kenya,Kilifi,2010,SPT43147,True,89.87,sWGA,ERR3457099,T,T_only,True,1,1,2010-2014,MalariaGEN Pf8
SPT43148,1132-PF-K1000G-DBS-KE-BEJON,Kenya,Kilifi,2010,SPT43148,True,62.39,gDNA,ERR3467349,"T,K",mixed_KT,True,1,,2010-2014,MalariaGEN Pf8
SPT43149,1132-PF-K1000G-DBS-KE-BEJON,Kenya,Kilifi,2010,SPT43149,True,89.77,sWGA,ERR3457102,T,T_only,True,1,1,2010-2014,MalariaGEN Pf8
SPT43150,1132-PF-K1000G-DBS-KE-BEJON,Kenya,Kilifi,2010,SPT43150,True,90.27,sWGA,ERR3457091,K,K_only,True,0,0,2010-2014,MalariaGEN Pf8
SPT43151,1132-PF-K1000G-DBS-KE-BEJON,Kenya,Kilifi,2010,SPT43151,True,90.55,sWGA,ERR3457039,T,T_only,True,1,1,2010-2014,MalariaGEN Pf8
SPT43152,1132-PF-K1000G-DBS-KE-BEJON,Kenya,Kilifi,2010,SPT43152,True,90.33,sWGA,ERR3457046,T,T_only,True,1,1,2010-2014,MalariaGEN Pf8
SPT43153,1132-PF-K1000G-DBS-KE-BEJON,Kenya,Kilifi,2010,SPT43153,True,90.66,sWGA,ERR3457067,K,K_only,True,0,0,2010-2014,MalariaGEN Pf8
SPT43154,1132-PF-K1000G-DBS-KE-BEJON,Kenya,Kilifi,2010,SPT43154,True,73.86,gDNA,ERR3467373,K,K_only,True,0,0,2010-2014,MalariaGEN Pf8
SPT43155,1132-PF-K1000G-DBS-KE-BEJON,Kenya,Kilifi,2010,SPT43155,True,62.51,gDNA,ERR3467399,K,K_only,True,0,0,2010-2014,MalariaGEN Pf8
SPT43156,1132-PF-K1000G-DBS-KE-BEJON,Kenya,Kilifi,2010,SPT43156,True,90.09,sWGA,ERR3457051,K,K_only,True,0,0,2010-2014,MalariaGEN Pf8
SPT43157,1132-PF-K1000G-DBS-KE-BEJON,Kenya,Kilifi,2010,SPT43157,True,90.06,sWGA,ERR3457093,K,K_only,True,0,0,2010-2014,MalariaGEN Pf8
SPT43158,1132-PF-K1000G-DBS-KE-BEJON,Kenya,Kilifi,2010,SPT43158,True,68.35,gDNA,ERR3467378,K,K_only,True,0,0,2010-2014,MalariaGEN Pf8
SPT43159,1132-PF-K1000G-DBS-KE-BEJON,Kenya,Kilifi,2010,SPT43159,True,86.45,gDNA,"ERR3467293,ERR3486319",K,K_only,True,0,0,2010-2014,MalariaGEN Pf8
SPT43160,1132-PF-K1000G-DBS-KE-BEJON,Kenya,Kilifi,2010,SPT43160,True,90.34,sWGA,ERR3457062,K,K_only,True,0,0,2010-2014,MalariaGEN Pf8
SPT43161,1132-PF-K1000G-DBS-KE-BEJON,Kenya,Kilifi,2010,SPT43161,True,70.7,gDNA,ERR3467403,K,K_only,True,0,0,2010-2014,MalariaGEN Pf8
SPT43162,1132-PF-K1000G-DBS-KE-BEJON,Kenya,Kilifi,2010,SPT43162,True,71.84,gDNA,"ERR3467315,ERR3486341",K,K_only,True,0,0,2010-2014,MalariaGEN Pf8
SPT43163,1132-PF-K1000G-DBS-KE-BEJON,Kenya,Kilifi,2010,SPT43163,True,86.4,gDNA,"ERR3467311,ERR3486337",T,T_only,True,1,1,2010-2014,MalariaGEN Pf8
SPT43164,1132-PF-K1000G-DBS-KE-BEJON,Kenya,Kilifi,2010,SPT43164,True,82.82,gDNA,"ERR3467295,ERR3486321",K,K_only,True,0,0,2010-2014,MalariaGEN Pf8
SPT43165,1132-PF-K1000G-DBS-KE-BEJON,Kenya,Kilifi,2010,SPT43165,True,85.23,gDNA,"ERR3467285,ERR3486311",T,T_only,True,1,1,2010-2014,MalariaGEN Pf8
SPT43166,1132-PF-K1000G-DBS-KE-BEJON,Kenya,Kilifi,2010,SPT43166,True,90.1,sWGA,ERR3457086,"K,T",mixed_KT,True,1,,2010-2014,MalariaGEN Pf8
SPT43167,1132-PF-K1000G-DBS-KE-BEJON,Kenya,Kilifi,2010,SPT43167,True,67.46,gDNA,"ERR3467312,ERR3486338",K,K_only,True,0,0,2010-2014,MalariaGEN Pf8
SPT43168,1132-PF-K1000G-DBS-KE-BEJON,Kenya,Kilifi,2010,SPT43168,True,89.65,sWGA,ERR3457119,T,T_only,True,1,1,2010-2014,MalariaGEN Pf8
SPT43169,1132-PF-K1000G-DBS-KE-BEJON,Kenya,Kilifi,2010,SPT43169,True,89.7,sWGA,ERR3457103,T,T_only,True,1,1,2010-2014,MalariaGEN Pf8
SPT43170,1132-PF-K1000G-DBS-KE-BEJON,Kenya,Kilifi,2010,SPT43170,True,89.98,sWGA,ERR3457076,K,K_only,True,0,0,2010-2014,MalariaGEN Pf8
SPT43171,1132-PF-K1000G-DBS-KE-BEJON,Kenya,Kilifi,2010,SPT43171,True,90.41,sWGA,ERR3457054,K,K_only,True,0,0,2010-2014,MalariaGEN Pf8
SPT43172,1132-PF-K1000G-DBS-KE-BEJON,Kenya,Kilifi,2010,SPT43172,True,72.71,gDNA,ERR3467374,T,T_only,True,1,1,2010-2014,MalariaGEN Pf8
SPT43175,1132-PF-K1000G-DBS-KE-BEJON,Kenya,Kilifi,2010,SPT43175,True,90.35,sWGA,ERR3457034,K,K_only,True,0,0,2010-2014,MalariaGEN Pf8
SPT43176,1132-PF-K1000G-DBS-KE-BEJON,Kenya,Kilifi,2010,SPT43176,True,73.61,gDNA,ERR3467394,T,T_only,True,1,1,2010-2014,MalariaGEN Pf8
SPT43177,1132-PF-K1000G-DBS-KE-BEJON,Kenya,Kilifi,2010,SPT43177,True,89.72,sWGA,ERR3457089,T,T_only,True,1,1,2010-2014,MalariaGEN Pf8
SPT43178,1132-PF-K1000G-DBS-KE-BEJON,Kenya,Kilifi,2010,SPT43178,True,90.69,sWGA,ERR3457065,"K,T",mixed_KT,True,1,,2010-2014,MalariaGEN Pf8
SPT43179,1132-PF-K1000G-DBS-KE-BEJON,Kenya,Kilifi,2010,SPT43179,True,90.05,sWGA,ERR3457056,K,K_only,True,0,0,2010-2014,MalariaGEN Pf8
SPT43180,1132-PF-K1000G-DBS-KE-BEJON,Kenya,Kilifi,2010,SPT43180,True,89.97,sWGA,ERR3457092,K,K_only,True,0,0,2010-2014,MalariaGEN Pf8
SPT43183,1132-PF-K1000G-DBS-KE-BEJON,Kenya,Kilifi,2010,SPT43183,True,90.82,sWGA,ERR3457066,"K,T",mixed_KT,True,1,,2010-2014,MalariaGEN Pf8
SPT43184,1132-PF-K1000G-DBS-KE-BEJON,Kenya,Kilifi,2010,SPT43184,True,72.27,gDNA,ERR3467392,T,T_only,True,1,1,2010-2014,MalariaGEN Pf8
SPT43185,1132-PF-K1000G-DBS-KE-BEJON,Kenya,Kilifi,2010,SPT43185,True,90.19,sWGA,ERR3457063,T,T_only,True,1,1,2010-2014,MalariaGEN Pf8
SPT43186,1132-PF-K1000G-DBS-KE-BEJON,Kenya,Kilifi,2010,SPT43186,True,89.66,sWGA,ERR3457079,K,K_only,True,0,0,2010-2014,MalariaGEN Pf8
SPT43187,1132-PF-K1000G-DBS-KE-BEJON,Kenya,Kilifi,2010,SPT43187,True,90.81,sWGA,ERR3457073,K,K_only,True,0,0,2010-2014,MalariaGEN Pf8
SPT43188,1132-PF-K1000G-DBS-KE-BEJON,Kenya,Kilifi,2010,SPT43188,True,89.72,sWGA,ERR3457100,K,K_only,True,0,0,2010-2014,MalariaGEN Pf8
SPT43191,1132-PF-K1000G-DBS-KE-BEJON,Kenya,Kilifi,2010,SPT43191,True,82.15,gDNA,ERR3421833,T,T_only,True,1,1,2010-2014,MalariaGEN Pf8
SPT43192,1132-PF-K1000G-DBS-KE-BEJON,Kenya,Kilifi,2010,SPT43192,True,90.14,sWGA,ERR3457105,K,K_only,True,0,0,2010-2014,MalariaGEN Pf8
SPT43193,1132-PF-K1000G-DBS-KE-BEJON,Kenya,Kilifi,2010,SPT43193,True,90.69,sWGA,ERR3457032,K,K_only,True,0,0,2010-2014,MalariaGEN Pf8
SPT43194,1132-PF-K1000G-DBS-KE-BEJON,Kenya,Kilifi,2010,SPT43194,True,89.78,sWGA,ERR3457128,K,K_only,True,0,0,2010-2014,MalariaGEN Pf8
SPT43195,1132-PF-K1000G-DBS-KE-BEJON,Kenya,Kilifi,2010,SPT43195,True,90.04,sWGA,ERR3457125,T,T_only,True,1,1,2010-2014,MalariaGEN Pf8
SPT43196,1132-PF-K1000G-DBS-KE-BEJON,Kenya,Kilifi,2010,SPT43196,True,89.87,sWGA,ERR3457037,T,T_only,True,1,1,2010-2014,MalariaGEN Pf8
SPT43197,1132-PF-K1000G-DBS-KE-BEJON,Kenya,Kilifi,2010,SPT43197,True,89.98,sWGA,ERR3457130,K,K_only,True,0,0,2010-2014,MalariaGEN Pf8
SPT43198,1132-PF-K1000G-DBS-KE-BEJON,Kenya,Kilifi,2010,SPT43198,True,89.84,sWGA,ERR3457131,K,K_only,True,0,0,2010-2014,MalariaGEN Pf8
SPT43199,1132-PF-K1000G-DBS-KE-BEJON,Kenya,Kilifi,2010,SPT43199,True,90.1,sWGA,ERR3457122,K,K_only,True,0,0,2010-2014,MalariaGEN Pf8
SPT43200,1132-PF-K1000G-DBS-KE-BEJON,Kenya,Kilifi,2010,SPT43200,True,88.59,sWGA,ERR3457115,K,K_only,True,0,0,2010-2014,MalariaGEN Pf8
SPT43201,1132-PF-K1000G-DBS-KE-BEJON,Kenya,Kilifi,2010,SPT43201,True,89.7,sWGA,ERR3457132,K,K_only,True,0,0,2010-2014,MalariaGEN Pf8
SPT43202,1132-PF-K1000G-DBS-KE-BEJON,Kenya,Kilifi,2010,SPT43202,True,90.16,sWGA,ERR3457107,"T,K",mixed_KT,True,1,,2010-2014,MalariaGEN Pf8
SPT43203,1132-PF-K1000G-DBS-KE-BEJON,Kenya,Kilifi,2010,SPT43203,True,86.42,gDNA,"ERR3467297,ERR3486323",K,K_only,True,0,0,2010-2014,MalariaGEN Pf8
SPT43204,1132-PF-K1000G-DBS-KE-BEJON,Kenya,Kilifi,2010,SPT43204,True,90.43,sWGA,ERR3457077,"T,K",mixed_KT,True,1,,2010-2014,MalariaGEN Pf8
SPT43205,1132-PF-K1000G-DBS-KE-BEJON,Kenya,Kilifi,2010,SPT43205,True,90.09,sWGA,ERR3457070,K,K_only,True,0,0,2010-2014,MalariaGEN Pf8
SPT43206,1132-PF-K1000G-DBS-KE-BEJON,Kenya,Kilifi,2010,SPT43206,True,80.3,gDNA,"ERR3467305,ERR3486331",T,T_only,True,1,1,2010-2014,MalariaGEN Pf8
SPT43208,1132-PF-K1000G-DBS-KE-BEJON,Kenya,Kilifi,2010,SPT43208,True,89.86,sWGA,ERR3457040,K,K_only,True,0,0,2010-2014,MalariaGEN Pf8
SPT43209,1132-PF-K1000G-DBS-KE-BEJON,Kenya,Kilifi,2010,SPT43209,True,89.85,sWGA,ERR3457098,T,T_only,True,1,1,2010-2014,MalariaGEN Pf8
SPT43210,1132-PF-K1000G-DBS-KE-BEJON,Kenya,Kilifi,2010,SPT43210,True,89.98,sWGA,ERR3457080,T,T_only,True,1,1,2010-2014,MalariaGEN Pf8
SPT43211,1132-PF-K1000G-DBS-KE-BEJON,Kenya,Kilifi,2010,SPT43211,True,70.59,gDNA,ERR3467402,"K,T",mixed_KT,True,1,,2010-2014,MalariaGEN Pf8
SPT43212,1132-PF-K1000G-DBS-KE-BEJON,Kenya,Kilifi,2010,SPT43212,True,86.39,gDNA,ERR3467319,K,K_only,True,0,0,2010-2014,MalariaGEN Pf8
SPT43213,1132-PF-K1000G-DBS-KE-BEJON,Kenya,Kilifi,2010,SPT43213,True,84.08,gDNA,ERR3421828,K,K_only,True,0,0,2010-2014,MalariaGEN Pf8
SPT43214,1132-PF-K1000G-DBS-KE-BEJON,Kenya,Kilifi,2010,SPT43214,True,90.06,sWGA,ERR3457049,K,K_only,True,0,0,2010-2014,MalariaGEN Pf8
SPT43215,1132-PF-K1000G-DBS-KE-BEJON,Kenya,Kilifi,2010,SPT43215,True,90.32,sWGA,ERR3457041,"K,T",mixed_KT,True,1,,2010-2014,MalariaGEN Pf8
SPT43216,1132-PF-K1000G-DBS-KE-BEJON,Kenya,Kilifi,2010,SPT43216,True,90.17,sWGA,ERR3457095,K,K_only,True,0,0,2010-2014,MalariaGEN Pf8
SPT43217,1132-PF-K1000G-DBS-KE-BEJON,Kenya,Kilifi,2010,SPT43217,True,90.0,sWGA,ERR3457087,T,T_only,True,1,1,2010-2014,MalariaGEN Pf8
SPT43218,1132-PF-K1000G-DBS-KE-BEJON,Kenya,Kilifi,2010,SPT43218,True,90.13,sWGA,ERR3457071,T,T_only,True,1,1,2010-2014,MalariaGEN Pf8
SPT43219,1132-PF-K1000G-DBS-KE-BEJON,Kenya,Kilifi,2010,SPT43219,True,90.18,sWGA,ERR3457050,T,T_only,True,1,1,2010-2014,MalariaGEN Pf8
SPT43220,1132-PF-K1000G-DBS-KE-BEJON,Kenya,Kilifi,2010,SPT43220,True,89.81,sWGA,ERR3457101,T,T_only,True,1,1,2010-2014,MalariaGEN Pf8
SPT43222,1132-PF-K1000G-DBS-KE-BEJON,Kenya,Kilifi,2010,SPT43222,True,89.78,sWGA,ERR3457060,K,K_only,True,0,0,2010-2014,MalariaGEN Pf8
SPT43223,1132-PF-K1000G-DBS-KE-BEJON,Kenya,Kilifi,2010,SPT43223,True,90.61,sWGA,ERR3457110,T,T_only,True,1,1,2010-2014,MalariaGEN Pf8
SPT43224,1132-PF-K1000G-DBS-KE-BEJON,Kenya,Kilifi,2010,SPT43224,True,90.09,sWGA,ERR3457085,K,K_only,True,0,0,2010-2014,MalariaGEN Pf8
SPT43225,1132-PF-K1000G-DBS-KE-BEJON,Kenya,Kilifi,2010,SPT43225,True,90.6,sWGA,ERR3457084,K,K_only,True,0,0,2010-2014,MalariaGEN Pf8
SPT43226,1132-PF-K1000G-DBS-KE-BEJON,Kenya,Kilifi,2010,SPT43226,True,82.61,gDNA,"ERR3467289,ERR3486315","T,K",mixed_KT,True,1,,2010-2014,MalariaGEN Pf8
SPT43227,1132-PF-K1000G-DBS-KE-BEJON,Kenya,Kilifi,2010,SPT43227,True,90.07,sWGA,ERR3457083,K,K_only,True,0,0,2010-2014,MalariaGEN Pf8
SPT43228,1132-PF-K1000G-DBS-KE-BEJON,Kenya,Kilifi,2010,SPT43228,True,90.15,sWGA,ERR3457088,K,K_only,True,0,0,2010-2014,MalariaGEN Pf8
SPT43229,1132-PF-K1000G-DBS-KE-BEJON,Kenya,Kilifi,2010,SPT43229,True,90.19,sWGA,ERR3457129,K,K_only,True,0,0,2010-2014,MalariaGEN Pf8
SPT43230,1132-PF-K1000G-DBS-KE-BEJON,Kenya,Kilifi,2010,SPT43230,True,90.17,sWGA,ERR3457117,K,K_only,True,0,0,2010-2014,MalariaGEN Pf8
SPT43231,1132-PF-K1000G-DBS-KE-BEJON,Kenya,Kilifi,2010,SPT43231,True,89.33,sWGA,ERR3486343,K,K_only,True,0,0,2010-2014,MalariaGEN Pf8
SPT50186,1132-PF-K1000G-DBS-KE-BEJON,Kenya,Kilifi,2010,SPT50186,True,90.86,sWGA,ERR4661178,K,K_only,True,0,0,2010-2014,MalariaGEN Pf8
SPT50187,1132-PF-K1000G-DBS-KE-BEJON,Kenya,Kilifi,2010,SPT50187,True,90.4,sWGA,ERR4661161,K,K_only,True,0,0,2010-2014,MalariaGEN Pf8
SPT50188,1132-PF-K1000G-DBS-KE-BEJON,Kenya,Kilifi,2010,SPT50188,True,89.54,sWGA,ERR4594597,K,K_only,True,0,0,2010-2014,MalariaGEN Pf8
SPT50189,1132-PF-K1000G-DBS-KE-BEJON,Kenya,Kilifi,2010,SPT50189,True,90.25,sWGA,ERR4594596,K,K_only,True,0,0,2010-2014,MalariaGEN Pf8
SPT50190,1132-PF-K1000G-DBS-KE-BEJON,Kenya,Kilifi,2010,SPT50190,True,90.36,sWGA,ERR4661170,K,K_only,True,0,0,2010-2014,MalariaGEN Pf8
SPT50191,1132-PF-K1000G-DBS-KE-BEJON,Kenya,Kilifi,2010,SPT50191,True,91.11,sWGA,ERR4661154,K,K_only,True,0,0,2010-2014,MalariaGEN Pf8
SPT50192,1132-PF-K1000G-DBS-KE-BEJON,Kenya,Kilifi,2010,SPT50192,True,90.89,sWGA,ERR4594624,K,K_only,True,0,0,2010-2014,MalariaGEN Pf8
SPT50193,1132-PF-K1000G-DBS-KE-BEJON,Kenya,Kilifi,2010,SPT50193,True,91.17,sWGA,ERR4661173,K,K_only,True,0,0,2010-2014,MalariaGEN Pf8
SPT50194,1132-PF-K1000G-DBS-KE-BEJON,Kenya,Kilifi,2010,SPT50194,True,91.3,sWGA,ERR4661183,K,K_only,True,0,0,2010-2014,MalariaGEN Pf8
SPT50195,1132-PF-K1000G-DBS-KE-BEJON,Kenya,Kilifi,2010,SPT50195,True,91.25,sWGA,ERR4661144,K,K_only,True,0,0,2010-2014,MalariaGEN Pf8
SPT50196,1132-PF-K1000G-DBS-KE-BEJON,Kenya,Kilifi,2010,SPT50196,True,91.1,sWGA,ERR4594609,T,T_only,True,1,1,2010-2014,MalariaGEN Pf8
SPT43232,1132-PF-K1000G-DBS-KE-BEJON,Kenya,Kilifi,2011,SPT43232,True,90.02,sWGA,ERR3457186,T,T_only,True,1,1,2010-2014,MalariaGEN Pf8
SPT43233,1132-PF-K1000G-DBS-KE-BEJON,Kenya,Kilifi,2011,SPT43233,True,90.44,sWGA,ERR3457195,K,K_only,True,0,0,2010-2014,MalariaGEN Pf8
SPT43234,1132-PF-K1000G-DBS-KE-BEJON,Kenya,Kilifi,2011,SPT43234,True,77.81,gDNA,ERR3467366,K,K_only,True,0,0,2010-2014,MalariaGEN Pf8
SPT43235,1132-PF-K1000G-DBS-KE-BEJON,Kenya,Kilifi,2011,SPT43235,True,90.39,sWGA,ERR3457183,K,K_only,True,0,0,2010-2014,MalariaGEN Pf8
SPT43236,1132-PF-K1000G-DBS-KE-BEJON,Kenya,Kilifi,2011,SPT43236,True,83.98,gDNA,ERR3467317,K,K_only,True,0,0,2010-2014,MalariaGEN Pf8
SPT43237,1132-PF-K1000G-DBS-KE-BEJON,Kenya,Kilifi,2011,SPT43237,True,90.47,sWGA,ERR3457153,"K,T",mixed_KT,True,1,,2010-2014,MalariaGEN Pf8
SPT43238,1132-PF-K1000G-DBS-KE-BEJON,Kenya,Kilifi,2011,SPT43238,True,73.69,gDNA,ERR3467369,"T,K",mixed_KT,True,1,,2010-2014,MalariaGEN Pf8
SPT43239,1132-PF-K1000G-DBS-KE-BEJON,Kenya,Kilifi,2011,SPT43239,True,90.24,sWGA,ERR3457147,K,K_only,True,0,0,2010-2014,MalariaGEN Pf8
SPT43240,1132-PF-K1000G-DBS-KE-BEJON,Kenya,Kilifi,2011,SPT43240,True,88.54,gDNA,"ERR3467294,ERR3486320",K,K_only,True,0,0,2010-2014,MalariaGEN Pf8
SPT43241,1132-PF-K1000G-DBS-KE-BEJON,Kenya,Kilifi,2011,SPT43241,True,87.75,gDNA,ERR3467322,K,K_only,True,0,0,2010-2014,MalariaGEN Pf8
SPT43242,1132-PF-K1000G-DBS-KE-BEJON,Kenya,Kilifi,2011,SPT43242,True,86.53,gDNA,"ERR3467310,ERR3486336",K,K_only,True,0,0,2010-2014,MalariaGEN Pf8
SPT43243,1132-PF-K1000G-DBS-KE-BEJON,Kenya,Kilifi,2011,SPT43243,True,90.07,sWGA,ERR3486349,T,T_only,True,1,1,2010-2014,MalariaGEN Pf8
SPT43244,1132-PF-K1000G-DBS-KE-BEJON,Kenya,Kilifi,2011,SPT43244,True,85.89,gDNA,ERR3467329,T,T_only,True,1,1,2010-2014,MalariaGEN Pf8
SPT43246,1132-PF-K1000G-DBS-KE-BEJON,Kenya,Kilifi,2011,SPT43246,True,90.55,sWGA,ERR3486358,"K,T",mixed_KT,True,1,,2010-2014,MalariaGEN Pf8
SPT43247,1132-PF-K1000G-DBS-KE-BEJON,Kenya,Kilifi,2011,SPT43247,True,90.45,sWGA,ERR3457193,K,K_only,True,0,0,2010-2014,MalariaGEN Pf8
SPT43248,1132-PF-K1000G-DBS-KE-BEJON,Kenya,Kilifi,2011,SPT43248,True,90.08,sWGA,ERR3457150,K,K_only,True,0,0,2010-2014,MalariaGEN Pf8
SPT43249,1132-PF-K1000G-DBS-KE-BEJON,Kenya,Kilifi,2011,SPT43249,True,89.73,sWGA,ERR3457177,K,K_only,True,0,0,2010-2014,MalariaGEN Pf8
SPT43250,1132-PF-K1000G-DBS-KE-BEJON,Kenya,Kilifi,2011,SPT43250,True,90.06,sWGA,ERR3457148,K,K_only,True,0,0,2010-2014,MalariaGEN Pf8
SPT43251,1132-PF-K1000G-DBS-KE-BEJON,Kenya,Kilifi,2011,SPT43251,True,90.0,sWGA,ERR3457151,K,K_only,True,0,0,2010-2014,MalariaGEN Pf8
SPT43252,1132-PF-K1000G-DBS-KE-BEJON,Kenya,Kilifi,2011,SPT43252,True,90.0,sWGA,ERR3457172,K,K_only,True,0,0,2010-2014,MalariaGEN Pf8
SPT43253,1132-PF-K1000G-DBS-KE-BEJON,Kenya,Kilifi,2011,SPT43253,True,90.13,sWGA,ERR3486346,K,K_only,True,0,0,2010-2014,MalariaGEN Pf8
SPT43254,1132-PF-K1000G-DBS-KE-BEJON,Kenya,Kilifi,2011,SPT43254,True,89.87,sWGA,ERR3486359,K,K_only,True,0,0,2010-2014,MalariaGEN Pf8
SPT43255,1132-PF-K1000G-DBS-KE-BEJON,Kenya,Kilifi,2011,SPT43255,True,89.23,sWGA,ERR3486347,K,K_only,True,0,0,2010-2014,MalariaGEN Pf8
SPT43256,1132-PF-K1000G-DBS-KE-BEJON,Kenya,Kilifi,2011,SPT43256,True,90.42,sWGA,ERR3457146,K,K_only,True,0,0,2010-2014,MalariaGEN Pf8
SPT43257,1132-PF-K1000G-DBS-KE-BEJON,Kenya,Kilifi,2011,SPT43257,True,90.11,sWGA,ERR3457159,K,K_only,True,0,0,2010-2014,MalariaGEN Pf8
SPT43258,1132-PF-K1000G-DBS-KE-BEJON,Kenya,Kilifi,2011,SPT43258,True,57.36,gDNA,ERR3467350,K,K_only,True,0,0,2010-2014,MalariaGEN Pf8
SPT43259,1132-PF-K1000G-DBS-KE-BEJON,Kenya,Kilifi,2011,SPT43259,True,90.51,sWGA,ERR3457124,K,K_only,True,0,0,2010-2014,MalariaGEN Pf8
SPT43260,1132-PF-K1000G-DBS-KE-BEJON,Kenya,Kilifi,2011,SPT43260,True,89.52,sWGA,ERR3457168,K,K_only,True,0,0,2010-2014,MalariaGEN Pf8
SPT43261,1132-PF-K1000G-DBS-KE-BEJON,Kenya,Kilifi,2011,SPT43261,True,87.78,gDNA,ERR3467330,K,K_only,True,0,0,2010-2014,MalariaGEN Pf8
SPT43262,1132-PF-K1000G-DBS-KE-BEJON,Kenya,Kilifi,2011,SPT43262,True,74.98,gDNA,ERR3467384,K,K_only,True,0,0,2010-2014,MalariaGEN Pf8
SPT43263,1132-PF-K1000G-DBS-KE-BEJON,Kenya,Kilifi,2011,SPT43263,True,71.32,gDNA,ERR3467401,T,T_only,True,1,1,2010-2014,MalariaGEN Pf8
SPT43264,1132-PF-K1000G-DBS-KE-BEJON,Kenya,Kilifi,2011,SPT43264,True,69.08,gDNA,ERR3467404,K,K_only,True,0,0,2010-2014,MalariaGEN Pf8
SPT43265,1132-PF-K1000G-DBS-KE-BEJON,Kenya,Kilifi,2011,SPT43265,True,90.0,sWGA,ERR3457156,T,T_only,True,1,1,2010-2014,MalariaGEN Pf8
SPT43266,1132-PF-K1000G-DBS-KE-BEJON,Kenya,Kilifi,2011,SPT43266,True,90.47,sWGA,ERR3457189,"T,K",mixed_KT,True,1,,2010-2014,MalariaGEN Pf8
SPT43267,1132-PF-K1000G-DBS-KE-BEJON,Kenya,Kilifi,2011,SPT43267,True,90.2,sWGA,ERR3486355,K,K_only,True,0,0,2010-2014,MalariaGEN Pf8
SPT43268,1132-PF-K1000G-DBS-KE-BEJON,Kenya,Kilifi,2011,SPT43268,True,89.78,sWGA,ERR3457185,K,K_only,True,0,0,2010-2014,MalariaGEN Pf8
SPT43269,1132-PF-K1000G-DBS-KE-BEJON,Kenya,Kilifi,2011,SPT43269,True,90.29,sWGA,ERR3457165,T,T_only,True,1,1,2010-2014,MalariaGEN Pf8
SPT43270,1132-PF-K1000G-DBS-KE-BEJON,Kenya,Kilifi,2011,SPT43270,True,89.59,sWGA,ERR3457188,K,K_only,True,0,0,2010-2014,MalariaGEN Pf8
SPT43271,1132-PF-K1000G-DBS-KE-BEJON,Kenya,Kilifi,2011,SPT43271,True,90.48,sWGA,ERR3457137,T,T_only,True,1,1,2010-2014,MalariaGEN Pf8
SPT43272,1132-PF-K1000G-DBS-KE-BEJON,Kenya,Kilifi,2011,SPT43272,True,90.36,sWGA,ERR3457170,"T,K",mixed_KT,True,1,,2010-2014,MalariaGEN Pf8
SPT43273,1132-PF-K1000G-DBS-KE-BEJON,Kenya,Kilifi,2011,SPT43273,True,90.62,sWGA,ERR3457174,K,K_only,True,0,0,2010-2014,MalariaGEN Pf8
SPT43274,1132-PF-K1000G-DBS-KE-BEJON,Kenya,Kilifi,2011,SPT43274,True,90.67,sWGA,ERR3457116,K,K_only,True,0,0,2010-2014,MalariaGEN Pf8
SPT43275,1132-PF-K1000G-DBS-KE-BEJON,Kenya,Kilifi,2011,SPT43275,True,67.72,gDNA,ERR3467359,K,K_only,True,0,0,2010-2014,MalariaGEN Pf8
SPT43276,1132-PF-K1000G-DBS-KE-BEJON,Kenya,Kilifi,2011,SPT43276,True,89.2,gDNA,ERR3421834,K,K_only,True,0,0,2010-2014,MalariaGEN Pf8
SPT43277,1132-PF-K1000G-DBS-KE-BEJON,Kenya,Kilifi,2011,SPT43277,True,89.86,sWGA,ERR3486350,K,K_only,True,0,0,2010-2014,MalariaGEN Pf8
SPT43279,1132-PF-K1000G-DBS-KE-BEJON,Kenya,Kilifi,2011,SPT43279,True,90.42,sWGA,ERR3457166,K,K_only,True,0,0,2010-2014,MalariaGEN Pf8
SPT43280,1132-PF-K1000G-DBS-KE-BEJON,Kenya,Kilifi,2011,SPT43280,True,90.27,sWGA,ERR3457139,K,K_only,True,0,0,2010-2014,MalariaGEN Pf8
SPT43281,1132-PF-K1000G-DBS-KE-BEJON,Kenya,Kilifi,2011,SPT43281,True,70.31,gDNA,ERR3467400,K,K_only,True,0,0,2010-2014,MalariaGEN Pf8
SPT43282,1132-PF-K1000G-DBS-KE-BEJON,Kenya,Kilifi,2011,SPT43282,True,90.11,sWGA,ERR3457171,K,K_only,True,0,0,2010-2014,MalariaGEN Pf8
SPT43283,1132-PF-K1000G-DBS-KE-BEJON,Kenya,Kilifi,2011,SPT43283,True,90.2,sWGA,ERR3457180,K,K_only,True,0,0,2010-2014,MalariaGEN Pf8
SPT43284,1132-PF-K1000G-DBS-KE-BEJON,Kenya,Kilifi,2011,SPT43284,True,89.71,sWGA,ERR3486361,T,T_only,True,1,1,2010-2014,MalariaGEN Pf8
SPT43285,1132-PF-K1000G-DBS-KE-BEJON,Kenya,Kilifi,2011,SPT43285,True,80.82,gDNA,"ERR3467300,ERR3486326",K,K_only,True,0,0,2010-2014,MalariaGEN Pf8
SPT43286,1132-PF-K1000G-DBS-KE-BEJON,Kenya,Kilifi,2011,SPT43286,True,72.77,gDNA,ERR3467375,K,K_only,True,0,0,2010-2014,MalariaGEN Pf8
SPT43287,1132-PF-K1000G-DBS-KE-BEJON,Kenya,Kilifi,2011,SPT43287,True,90.0,sWGA,ERR3457161,K,K_only,True,0,0,2010-2014,MalariaGEN Pf8
SPT43288,1132-PF-K1000G-DBS-KE-BEJON,Kenya,Kilifi,2011,SPT43288,True,73.68,gDNA,ERR3467362,K,K_only,True,0,0,2010-2014,MalariaGEN Pf8
SPT43289,1132-PF-K1000G-DBS-KE-BEJON,Kenya,Kilifi,2011,SPT43289,True,84.48,gDNA,ERR3467345,"T,K",mixed_KT,True,1,,2010-2014,MalariaGEN Pf8
SPT43290,1132-PF-K1000G-DBS-KE-BEJON,Kenya,Kilifi,2011,SPT43290,True,52.22,gDNA,ERR3467355,K,K_only,True,0,0,2010-2014,MalariaGEN Pf8
SPT43291,1132-PF-K1000G-DBS-KE-BEJON,Kenya,Kilifi,2011,SPT43291,True,89.79,sWGA,ERR3457149,K,K_only,True,0,0,2010-2014,MalariaGEN Pf8
SPT43292,1132-PF-K1000G-DBS-KE-BEJON,Kenya,Kilifi,2011,SPT43292,True,89.89,sWGA,ERR3486357,K,K_only,True,0,0,2010-2014,MalariaGEN Pf8
SPT43293,1132-PF-K1000G-DBS-KE-BEJON,Kenya,Kilifi,2011,SPT43293,True,89.55,sWGA,ERR3486354,T,T_only,True,1,1,2010-2014,MalariaGEN Pf8
SPT50197,1132-PF-K1000G-DBS-KE-BEJON,Kenya,Kilifi,2011,SPT50197,True,90.72,sWGA,ERR4594607,K,K_only,True,0,0,2010-2014,MalariaGEN Pf8
SPT50198,1132-PF-K1000G-DBS-KE-BEJON,Kenya,Kilifi,2011,SPT50198,True,91.27,sWGA,ERR4661162,K,K_only,True,0,0,2010-2014,MalariaGEN Pf8
SPT50199,1132-PF-K1000G-DBS-KE-BEJON,Kenya,Kilifi,2011,SPT50199,True,90.02,sWGA,ERR4594590,K,K_only,True,0,0,2010-2014,MalariaGEN Pf8
SPT50200,1132-PF-K1000G-DBS-KE-BEJON,Kenya,Kilifi,2011,SPT50200,True,89.71,sWGA,ERR4594591,K,K_only,True,0,0,2010-2014,MalariaGEN Pf8
SPT50201,1132-PF-K1000G-DBS-KE-BEJON,Kenya,Kilifi,2011,SPT50201,True,91.43,sWGA,ERR4594630,"K,T",mixed_KT,True,1,,2010-2014,MalariaGEN Pf8
SPT50202,1132-PF-K1000G-DBS-KE-BEJON,Kenya,Kilifi,2011,SPT50202,True,91.16,sWGA,ERR4594634,K,K_only,True,0,0,2010-2014,MalariaGEN Pf8
SPT50203,1132-PF-K1000G-DBS-KE-BEJON,Kenya,Kilifi,2011,SPT50203,True,91.03,sWGA,ERR4661143,K,K_only,True,0,0,2010-2014,MalariaGEN Pf8
SPT50204,1132-PF-K1000G-DBS-KE-BEJON,Kenya,Kilifi,2011,SPT50204,True,91.22,sWGA,ERR4594614,T,T_only,True,1,1,2010-2014,MalariaGEN Pf8
SPT50205,1132-PF-K1000G-DBS-KE-BEJON,Kenya,Kilifi,2011,SPT50205,True,90.41,sWGA,ERR4661168,K,K_only,True,0,0,2010-2014,MalariaGEN Pf8
SPT50206,1132-PF-K1000G-DBS-KE-BEJON,Kenya,Kilifi,2011,SPT50206,True,90.5,sWGA,ERR4661167,K,K_only,True,0,0,2010-2014,MalariaGEN Pf8
SPT50207,1132-PF-K1000G-DBS-KE-BEJON,Kenya,Kilifi,2011,SPT50207,True,91.32,sWGA,ERR4661152,"T,K",mixed_KT,True,1,,2010-2014,MalariaGEN Pf8
SPT50208,1132-PF-K1000G-DBS-KE-BEJON,Kenya,Kilifi,2011,SPT50208,True,90.35,sWGA,ERR4661150,T,T_only,True,1,1,2010-2014,MalariaGEN Pf8
SPT43294,1132-PF-K1000G-DBS-KE-BEJON,Kenya,Kilifi,2012,SPT43294,True,75.06,gDNA,ERR3467396,K,K_only,True,0,0,2010-2014,MalariaGEN Pf8
SPT43295,1132-PF-K1000G-DBS-KE-BEJON,Kenya,Kilifi,2012,SPT43295,True,90.13,sWGA,ERR3457173,K,K_only,True,0,0,2010-2014,MalariaGEN Pf8
SPT43296,1132-PF-K1000G-DBS-KE-BEJON,Kenya,Kilifi,2012,SPT43296,True,90.4,sWGA,ERR3457142,"K,T",mixed_KT,True,1,,2010-2014,MalariaGEN Pf8
SPT43297,1132-PF-K1000G-DBS-KE-BEJON,Kenya,Kilifi,2012,SPT43297,True,82.46,gDNA,"ERR3467292,ERR3486318",K,K_only,True,0,0,2010-2014,MalariaGEN Pf8
SPT43298,1132-PF-K1000G-DBS-KE-BEJON,Kenya,Kilifi,2012,SPT43298,True,68.88,gDNA,ERR3467387,T,T_only,True,1,1,2010-2014,MalariaGEN Pf8
SPT43299,1132-PF-K1000G-DBS-KE-BEJON,Kenya,Kilifi,2012,SPT43299,True,89.97,sWGA,ERR3457160,K,K_only,True,0,0,2010-2014,MalariaGEN Pf8
SPT43300,1132-PF-K1000G-DBS-KE-BEJON,Kenya,Kilifi,2012,SPT43300,True,90.03,sWGA,ERR3457135,K,K_only,True,0,0,2010-2014,MalariaGEN Pf8
SPT43301,1132-PF-K1000G-DBS-KE-BEJON,Kenya,Kilifi,2012,SPT43301,True,83.11,gDNA,"ERR3467291,ERR3486317",K,K_only,True,0,0,2010-2014,MalariaGEN Pf8
SPT43302,1132-PF-K1000G-DBS-KE-BEJON,Kenya,Kilifi,2012,SPT43302,True,89.77,sWGA,ERR3457187,K,K_only,True,0,0,2010-2014,MalariaGEN Pf8
SPT43303,1132-PF-K1000G-DBS-KE-BEJON,Kenya,Kilifi,2012,SPT43303,True,90.22,sWGA,ERR3457134,T,T_only,True,1,1,2010-2014,MalariaGEN Pf8
SPT43304,1132-PF-K1000G-DBS-KE-BEJON,Kenya,Kilifi,2012,SPT43304,True,89.73,sWGA,ERR3486352,K,K_only,True,0,0,2010-2014,MalariaGEN Pf8
SPT43305,1132-PF-K1000G-DBS-KE-BEJON,Kenya,Kilifi,2012,SPT43305,True,90.47,sWGA,ERR3486360,"K,T",mixed_KT,True,1,,2010-2014,MalariaGEN Pf8
SPT43306,1132-PF-K1000G-DBS-KE-BEJON,Kenya,Kilifi,2012,SPT43306,True,90.18,sWGA,ERR3457169,K,K_only,True,0,0,2010-2014,MalariaGEN Pf8
SPT43307,1132-PF-K1000G-DBS-KE-BEJON,Kenya,Kilifi,2012,SPT43307,True,89.6,sWGA,ERR3486342,K,K_only,True,0,0,2010-2014,MalariaGEN Pf8
SPT43308,1132-PF-K1000G-DBS-KE-BEJON,Kenya,Kilifi,2012,SPT43308,True,87.27,gDNA,ERR3421827,K,K_only,True,0,0,2010-2014,MalariaGEN Pf8
SPT43310,1132-PF-K1000G-DBS-KE-BEJON,Kenya,Kilifi,2012,SPT43310,True,90.46,sWGA,ERR3457163,K,K_only,True,0,0,2010-2014,MalariaGEN Pf8
SPT43311,1132-PF-K1000G-DBS-KE-BEJON,Kenya,Kilifi,2012,SPT43311,True,89.89,sWGA,ERR3457190,K,K_only,True,0,0,2010-2014,MalariaGEN Pf8
SPT43312,1132-PF-K1000G-DBS-KE-BEJON,Kenya,Kilifi,2012,SPT43312,True,89.89,sWGA,ERR3457194,K,K_only,True,0,0,2010-2014,MalariaGEN Pf8
SPT43313,1132-PF-K1000G-DBS-KE-BEJON,Kenya,Kilifi,2012,SPT43313,True,90.11,sWGA,ERR3457155,T,T_only,True,1,1,2010-2014,MalariaGEN Pf8
SPT43314,1132-PF-K1000G-DBS-KE-BEJON,Kenya,Kilifi,2012,SPT43314,True,89.67,sWGA,ERR3486344,T,T_only,True,1,1,2010-2014,MalariaGEN Pf8
SPT43315,1132-PF-K1000G-DBS-KE-BEJON,Kenya,Kilifi,2012,SPT43315,True,90.22,sWGA,ERR3486345,"T,K",mixed_KT,True,1,,2010-2014,MalariaGEN Pf8
SPT43316,1132-PF-K1000G-DBS-KE-BEJON,Kenya,Kilifi,2012,SPT43316,True,89.75,sWGA,ERR3457175,K,K_only,True,0,0,2010-2014,MalariaGEN Pf8
SPT43317,1132-PF-K1000G-DBS-KE-BEJON,Kenya,Kilifi,2012,SPT43317,True,83.99,gDNA,ERR3421830,K,K_only,True,0,0,2010-2014,MalariaGEN Pf8
SPT43318,1132-PF-K1000G-DBS-KE-BEJON,Kenya,Kilifi,2012,SPT43318,True,89.86,sWGA,ERR3457164,K,K_only,True,0,0,2010-2014,MalariaGEN Pf8
SPT43319,1132-PF-K1000G-DBS-KE-BEJON,Kenya,Kilifi,2012,SPT43319,True,90.33,sWGA,ERR3457179,"T,K",mixed_KT,True,1,,2010-2014,MalariaGEN Pf8
SPT43320,1132-PF-K1000G-DBS-KE-BEJON,Kenya,Kilifi,2012,SPT43320,True,69.73,gDNA,ERR3467356,K,K_only,True,0,0,2010-2014,MalariaGEN Pf8
SPT43321,1132-PF-K1000G-DBS-KE-BEJON,Kenya,Kilifi,2012,SPT43321,True,90.43,sWGA,ERR3457145,T,T_only,True,1,1,2010-2014,MalariaGEN Pf8
SPT43322,1132-PF-K1000G-DBS-KE-BEJON,Kenya,Kilifi,2012,SPT43322,True,90.6,sWGA,ERR3457136,T,T_only,True,1,1,2010-2014,MalariaGEN Pf8
SPT43323,1132-PF-K1000G-DBS-KE-BEJON,Kenya,Kilifi,2012,SPT43323,True,83.16,gDNA,ERR3467347,K,K_only,True,0,0,2010-2014,MalariaGEN Pf8
SPT43324,1132-PF-K1000G-DBS-KE-BEJON,Kenya,Kilifi,2012,SPT43324,True,89.63,sWGA,ERR3457181,K,K_only,True,0,0,2010-2014,MalariaGEN Pf8
SPT43325,1132-PF-K1000G-DBS-KE-BEJON,Kenya,Kilifi,2012,SPT43325,True,90.32,sWGA,ERR3457178,K,K_only,True,0,0,2010-2014,MalariaGEN Pf8
SPT43326,1132-PF-K1000G-DBS-KE-BEJON,Kenya,Kilifi,2012,SPT43326,True,90.15,sWGA,ERR3486348,K,K_only,True,0,0,2010-2014,MalariaGEN Pf8
SPT43328,1132-PF-K1000G-DBS-KE-BEJON,Kenya,Kilifi,2012,SPT43328,True,90.01,sWGA,ERR3457176,T,T_only,True,1,1,2010-2014,MalariaGEN Pf8
SPT43329,1132-PF-K1000G-DBS-KE-BEJON,Kenya,Kilifi,2012,SPT43329,True,90.27,sWGA,ERR3457157,K,K_only,True,0,0,2010-2014,MalariaGEN Pf8
SPT43330,1132-PF-K1000G-DBS-KE-BEJON,Kenya,Kilifi,2012,SPT43330,True,89.6,sWGA,ERR3457198,T,T_only,True,1,1,2010-2014,MalariaGEN Pf8
SPT43331,1132-PF-K1000G-DBS-KE-BEJON,Kenya,Kilifi,2012,SPT43331,True,90.13,sWGA,ERR3457197,"K,T",mixed_KT,True,1,,2010-2014,MalariaGEN Pf8
SPT43333,1132-PF-K1000G-DBS-KE-BEJON,Kenya,Kilifi,2012,SPT43333,True,89.76,sWGA,ERR3457192,K,K_only,True,0,0,2010-2014,MalariaGEN Pf8
SPT43334,1132-PF-K1000G-DBS-KE-BEJON,Kenya,Kilifi,2012,SPT43334,True,90.23,sWGA,ERR3457196,K,K_only,True,0,0,2010-2014,MalariaGEN Pf8
SPT43335,1132-PF-K1000G-DBS-KE-BEJON,Kenya,Kilifi,2012,SPT43335,True,90.22,sWGA,ERR3457167,K,K_only,True,0,0,2010-2014,MalariaGEN Pf8
SPT43336,1132-PF-K1000G-DBS-KE-BEJON,Kenya,Kilifi,2012,SPT43336,True,90.01,sWGA,ERR3457162,K,K_only,True,0,0,2010-2014,MalariaGEN Pf8
SPT43337,1132-PF-K1000G-DBS-KE-BEJON,Kenya,Kilifi,2012,SPT43337,True,90.28,sWGA,ERR3457182,T,T_only,True,1,1,2010-2014,MalariaGEN Pf8
SPT43338,1132-PF-K1000G-DBS-KE-BEJON,Kenya,Kilifi,2012,SPT43338,True,90.26,sWGA,ERR3457158,K,K_only,True,0,0,2010-2014,MalariaGEN Pf8
SPT43339,1132-PF-K1000G-DBS-KE-BEJON,Kenya,Kilifi,2012,SPT43339,True,89.85,sWGA,ERR3457154,K,K_only,True,0,0,2010-2014,MalariaGEN Pf8
SPT43340,1132-PF-K1000G-DBS-KE-BEJON,Kenya,Kilifi,2012,SPT43340,True,90.14,sWGA,ERR3457140,T,T_only,True,1,1,2010-2014,MalariaGEN Pf8
SPT43341,1132-PF-K1000G-DBS-KE-BEJON,Kenya,Kilifi,2012,SPT43341,True,90.58,sWGA,ERR3457143,K,K_only,True,0,0,2010-2014,MalariaGEN Pf8
SPT43342,1132-PF-K1000G-DBS-KE-BEJON,Kenya,Kilifi,2012,SPT43342,True,90.52,sWGA,ERR3457144,K,K_only,True,0,0,2010-2014,MalariaGEN Pf8
SPT43343,1132-PF-K1000G-DBS-KE-BEJON,Kenya,Kilifi,2012,SPT43343,True,89.75,sWGA,ERR3457184,T,T_only,True,1,1,2010-2014,MalariaGEN Pf8
SPT43344,1132-PF-K1000G-DBS-KE-BEJON,Kenya,Kilifi,2012,SPT43344,True,90.88,sWGA,ERR3457121,K,K_only,True,0,0,2010-2014,MalariaGEN Pf8
SPT43345,1132-PF-K1000G-DBS-KE-BEJON,Kenya,Kilifi,2012,SPT43345,True,90.99,sWGA,ERR3457118,K,K_only,True,0,0,2010-2014,MalariaGEN Pf8
SPT43346,1132-PF-K1000G-DBS-KE-BEJON,Kenya,Kilifi,2012,SPT43346,True,89.95,sWGA,ERR3457138,T,T_only,True,1,1,2010-2014,MalariaGEN Pf8
SPT43347,1132-PF-K1000G-DBS-KE-BEJON,Kenya,Kilifi,2012,SPT43347,True,90.28,sWGA,ERR3457127,K,K_only,True,0,0,2010-2014,MalariaGEN Pf8
SPT43348,1132-PF-K1000G-DBS-KE-BEJON,Kenya,Kilifi,2012,SPT43348,True,69.19,gDNA,ERR3467368,K,K_only,True,0,0,2010-2014,MalariaGEN Pf8
SPT43349,1132-PF-K1000G-DBS-KE-BEJON,Kenya,Kilifi,2012,SPT43349,True,91.47,sWGA,ERR3457113,K,K_only,True,0,0,2010-2014,MalariaGEN Pf8
SPT43350,1132-PF-K1000G-DBS-KE-BEJON,Kenya,Kilifi,2012,SPT43350,True,90.27,sWGA,ERR3457152,K,K_only,True,0,0,2010-2014,MalariaGEN Pf8
SPT43351,1132-PF-K1000G-DBS-KE-BEJON,Kenya,Kilifi,2012,SPT43351,True,90.57,sWGA,ERR3457133,K,K_only,True,0,0,2010-2014,MalariaGEN Pf8
SPT43352,1132-PF-K1000G-DBS-KE-BEJON,Kenya,Kilifi,2012,SPT43352,True,90.22,sWGA,ERR3457191,K,K_only,True,0,0,2010-2014,MalariaGEN Pf8
SPT43355,1132-PF-K1000G-DBS-KE-BEJON,Kenya,Kilifi,2012,SPT43355,True,89.92,sWGA,ERR3457141,K,K_only,True,0,0,2010-2014,MalariaGEN Pf8
SPT43356,1132-PF-K1000G-DBS-KE-BEJON,Kenya,Kilifi,2012,SPT43356,True,89.87,sWGA,ERR3486367,K,K_only,True,0,0,2010-2014,MalariaGEN Pf8
SPT43357,1132-PF-K1000G-DBS-KE-BEJON,Kenya,Kilifi,2012,SPT43357,True,89.7,sWGA,ERR3486380,K,K_only,True,0,0,2010-2014,MalariaGEN Pf8
SPT43358,1132-PF-K1000G-DBS-KE-BEJON,Kenya,Kilifi,2012,SPT43358,True,90.11,sWGA,ERR3486382,K,K_only,True,0,0,2010-2014,MalariaGEN Pf8
SPT43359,1132-PF-K1000G-DBS-KE-BEJON,Kenya,Kilifi,2012,SPT43359,True,77.53,gDNA,ERR3467393,K,K_only,True,0,0,2010-2014,MalariaGEN Pf8
SPT43360,1132-PF-K1000G-DBS-KE-BEJON,Kenya,Kilifi,2012,SPT43360,True,85.39,gDNA,ERR3467344,K,K_only,True,0,0,2010-2014,MalariaGEN Pf8
SPT43361,1132-PF-K1000G-DBS-KE-BEJON,Kenya,Kilifi,2012,SPT43361,True,90.02,sWGA,ERR3486371,K,K_only,True,0,0,2010-2014,MalariaGEN Pf8
SPT43362,1132-PF-K1000G-DBS-KE-BEJON,Kenya,Kilifi,2012,SPT43362,True,90.18,sWGA,ERR3486362,K,K_only,True,0,0,2010-2014,MalariaGEN Pf8
SPT43363,1132-PF-K1000G-DBS-KE-BEJON,Kenya,Kilifi,2012,SPT43363,True,89.26,sWGA,ERR3486398,K,K_only,True,0,0,2010-2014,MalariaGEN Pf8
SPT43364,1132-PF-K1000G-DBS-KE-BEJON,Kenya,Kilifi,2012,SPT43364,True,90.23,sWGA,ERR3486373,K,K_only,True,0,0,2010-2014,MalariaGEN Pf8
SPT43365,1132-PF-K1000G-DBS-KE-BEJON,Kenya,Kilifi,2012,SPT43365,True,87.36,gDNA,"ERR3467307,ERR3486333",T,T_only,True,1,1,2010-2014,MalariaGEN Pf8
SPT43366,1132-PF-K1000G-DBS-KE-BEJON,Kenya,Kilifi,2012,SPT43366,True,73.11,gDNA,ERR3467365,K,K_only,True,0,0,2010-2014,MalariaGEN Pf8
SPT43367,1132-PF-K1000G-DBS-KE-BEJON,Kenya,Kilifi,2012,SPT43367,True,89.48,sWGA,ERR3486364,T,T_only,True,1,1,2010-2014,MalariaGEN Pf8
SPT43368,1132-PF-K1000G-DBS-KE-BEJON,Kenya,Kilifi,2012,SPT43368,True,89.84,sWGA,ERR3486393,K,K_only,True,0,0,2010-2014,MalariaGEN Pf8
SPT43369,1132-PF-K1000G-DBS-KE-BEJON,Kenya,Kilifi,2012,SPT43369,True,89.89,sWGA,ERR3486401,K,K_only,True,0,0,2010-2014,MalariaGEN Pf8
SPT43370,1132-PF-K1000G-DBS-KE-BEJON,Kenya,Kilifi,2012,SPT43370,True,65.63,gDNA,ERR3467352,K,K_only,True,0,0,2010-2014,MalariaGEN Pf8
SPT43371,1132-PF-K1000G-DBS-KE-BEJON,Kenya,Kilifi,2012,SPT43371,True,90.41,sWGA,ERR3486372,K,K_only,True,0,0,2010-2014,MalariaGEN Pf8
SPT43372,1132-PF-K1000G-DBS-KE-BEJON,Kenya,Kilifi,2012,SPT43372,True,90.07,sWGA,ERR3486376,K,K_only,True,0,0,2010-2014,MalariaGEN Pf8
SPT43373,1132-PF-K1000G-DBS-KE-BEJON,Kenya,Kilifi,2012,SPT43373,True,90.13,sWGA,ERR3486363,K,K_only,True,0,0,2010-2014,MalariaGEN Pf8
SPT43374,1132-PF-K1000G-DBS-KE-BEJON,Kenya,Kilifi,2012,SPT43374,True,90.03,sWGA,ERR3486377,K,K_only,True,0,0,2010-2014,MalariaGEN Pf8
SPT43375,1132-PF-K1000G-DBS-KE-BEJON,Kenya,Kilifi,2012,SPT43375,True,88.82,sWGA,ERR3486388,"K,T",mixed_KT,True,1,,2010-2014,MalariaGEN Pf8
SPT43376,1132-PF-K1000G-DBS-KE-BEJON,Kenya,Kilifi,2012,SPT43376,True,90.82,sWGA,ERR3486356,K,K_only,True,0,0,2010-2014,MalariaGEN Pf8
SPT50209,1132-PF-K1000G-DBS-KE-BEJON,Kenya,Kilifi,2012,SPT50209,True,91.25,sWGA,ERR4661164,K,K_only,True,0,0,2010-2014,MalariaGEN Pf8
SPT50210,1132-PF-K1000G-DBS-KE-BEJON,Kenya,Kilifi,2012,SPT50210,True,90.74,sWGA,ERR4594627,K,K_only,True,0,0,2010-2014,MalariaGEN Pf8
SPT50878,1132-PF-K1000G-DBS-KE-BEJON,Kenya,Kilifi,2012,SPT50878,True,88.47,sWGA,ERR4609697,T,T_only,True,1,1,2010-2014,MalariaGEN Pf8
SPT50879,1132-PF-K1000G-DBS-KE-BEJON,Kenya,Kilifi,2012,SPT50879,True,90.14,sWGA,ERR4634321,T,T_only,True,1,1,2010-2014,MalariaGEN Pf8
SPT50880,1132-PF-K1000G-DBS-KE-BEJON,Kenya,Kilifi,2012,SPT50880,True,90.79,sWGA,ERR4609668,"T,K",mixed_KT,True,1,,2010-2014,MalariaGEN Pf8
SPT50881,1132-PF-K1000G-DBS-KE-BEJON,Kenya,Kilifi,2012,SPT50881,True,90.56,sWGA,ERR4634333,"T,K",mixed_KT,True,1,,2010-2014,MalariaGEN Pf8
SPT50211,1132-PF-K1000G-DBS-KE-BEJON,Kenya,Kilifi,2013,SPT50211,True,90.91,sWGA,ERR4661155,K,K_only,True,0,0,2010-2014,MalariaGEN Pf8
SPT50212,1132-PF-K1000G-DBS-KE-BEJON,Kenya,Kilifi,2013,SPT50212,True,90.06,sWGA,ERR4594594,K,K_only,True,0,0,2010-2014,MalariaGEN Pf8
SPT50213,1132-PF-K1000G-DBS-KE-BEJON,Kenya,Kilifi,2013,SPT50213,True,91.28,sWGA,ERR4594617,K,K_only,True,0,0,2010-2014,MalariaGEN Pf8
SPT50214,1132-PF-K1000G-DBS-KE-BEJON,Kenya,Kilifi,2013,SPT50214,True,91.12,sWGA,ERR4594606,K,K_only,True,0,0,2010-2014,MalariaGEN Pf8
SPT50215,1132-PF-K1000G-DBS-KE-BEJON,Kenya,Kilifi,2013,SPT50215,True,90.14,sWGA,ERR4594588,K,K_only,True,0,0,2010-2014,MalariaGEN Pf8
SPT50216,1132-PF-K1000G-DBS-KE-BEJON,Kenya,Kilifi,2013,SPT50216,True,90.85,sWGA,ERR4594593,K,K_only,True,0,0,2010-2014,MalariaGEN Pf8
SPT50217,1132-PF-K1000G-DBS-KE-BEJON,Kenya,Kilifi,2013,SPT50217,True,90.93,sWGA,ERR4594612,K,K_only,True,0,0,2010-2014,MalariaGEN Pf8
SPT50218,1132-PF-K1000G-DBS-KE-BEJON,Kenya,Kilifi,2013,SPT50218,True,90.71,sWGA,ERR4594628,K,K_only,True,0,0,2010-2014,MalariaGEN Pf8
SPT50219,1132-PF-K1000G-DBS-KE-BEJON,Kenya,Kilifi,2013,SPT50219,True,91.16,sWGA,ERR4594586,K,K_only,True,0,0,2010-2014,MalariaGEN Pf8
SPT50303,1132-PF-K1000G-DBS-KE-BEJON,Kenya,Kilifi,2013,SPT50303,True,87.11,sWGA,ERR4661246,K,K_only,True,0,0,2010-2014,MalariaGEN Pf8
SPT50304,1132-PF-K1000G-DBS-KE-BEJON,Kenya,Kilifi,2013,SPT50304,True,90.97,sWGA,ERR4594665,K,K_only,True,0,0,2010-2014,MalariaGEN Pf8
SPT50305,1132-PF-K1000G-DBS-KE-BEJON,Kenya,Kilifi,2013,SPT50305,True,89.79,sWGA,ERR4594636,K,K_only,True,0,0,2010-2014,MalariaGEN Pf8
SPT50306,1132-PF-K1000G-DBS-KE-BEJON,Kenya,Kilifi,2013,SPT50306,True,90.31,sWGA,ERR4661208,K,K_only,True,0,0,2010-2014,MalariaGEN Pf8
SPT50307,1132-PF-K1000G-DBS-KE-BEJON,Kenya,Kilifi,2013,SPT50307,True,87.96,sWGA,ERR4594641,K,K_only,True,0,0,2010-2014,MalariaGEN Pf8
SPT50308,1132-PF-K1000G-DBS-KE-BEJON,Kenya,Kilifi,2013,SPT50308,True,90.18,sWGA,ERR4594640,K,K_only,True,0,0,2010-2014,MalariaGEN Pf8
SPT50309,1132-PF-K1000G-DBS-KE-BEJON,Kenya,Kilifi,2013,SPT50309,True,90.64,sWGA,ERR4661201,K,K_only,True,0,0,2010-2014,MalariaGEN Pf8
SPT50310,1132-PF-K1000G-DBS-KE-BEJON,Kenya,Kilifi,2013,SPT50310,True,91.07,sWGA,ERR4594655,K,K_only,True,0,0,2010-2014,MalariaGEN Pf8
SPT50311,1132-PF-K1000G-DBS-KE-BEJON,Kenya,Kilifi,2013,SPT50311,True,90.15,sWGA,ERR4594653,K,K_only,True,0,0,2010-2014,MalariaGEN Pf8
SPT50312,1132-PF-K1000G-DBS-KE-BEJON,Kenya,Kilifi,2013,SPT50312,True,90.03,sWGA,ERR4661233,K,K_only,True,0,0,2010-2014,MalariaGEN Pf8
SPT50313,1132-PF-K1000G-DBS-KE-BEJON,Kenya,Kilifi,2013,SPT50313,True,90.18,sWGA,ERR4661188,K,K_only,True,0,0,2010-2014,MalariaGEN Pf8
SPT50315,1132-PF-K1000G-DBS-KE-BEJON,Kenya,Kilifi,2013,SPT50315,True,90.76,sWGA,ERR4661197,K,K_only,True,0,0,2010-2014,MalariaGEN Pf8
SPT50323,1132-PF-K1000G-DBS-KE-BEJON,Kenya,Kilifi,2013,SPT50323,True,90.28,sWGA,ERR4661095,K,K_only,True,0,0,2010-2014,MalariaGEN Pf8
SPT50324,1132-PF-K1000G-DBS-KE-BEJON,Kenya,Kilifi,2013,SPT50324,True,90.16,sWGA,ERR4661127,K,K_only,True,0,0,2010-2014,MalariaGEN Pf8
SPT50325,1132-PF-K1000G-DBS-KE-BEJON,Kenya,Kilifi,2013,SPT50325,True,90.78,sWGA,ERR4661120,K,K_only,True,0,0,2010-2014,MalariaGEN Pf8
SPT50326,1132-PF-K1000G-DBS-KE-BEJON,Kenya,Kilifi,2013,SPT50326,True,91.33,sWGA,ERR4661138,K,K_only,True,0,0,2010-2014,MalariaGEN Pf8
SPT50327,1132-PF-K1000G-DBS-KE-BEJON,Kenya,Kilifi,2013,SPT50327,True,90.76,sWGA,ERR4661126,K,K_only,True,0,0,2010-2014,MalariaGEN Pf8
SPT50619,1132-PF-K1000G-DBS-KE-BEJON,Kenya,Kilifi,2013,SPT50619,True,90.0,sWGA,ERR4594685,K,K_only,True,0,0,2010-2014,MalariaGEN Pf8
SPT50620,1132-PF-K1000G-DBS-KE-BEJON,Kenya,Kilifi,2013,SPT50620,True,90.73,sWGA,ERR4594675,K,K_only,True,0,0,2010-2014,MalariaGEN Pf8
SPT50621,1132-PF-K1000G-DBS-KE-BEJON,Kenya,Kilifi,2013,SPT50621,True,91.08,sWGA,ERR4609628,K,K_only,True,0,0,2010-2014,MalariaGEN Pf8
SPT50622,1132-PF-K1000G-DBS-KE-BEJON,Kenya,Kilifi,2013,SPT50622,True,90.56,sWGA,ERR4594549,K,K_only,True,0,0,2010-2014,MalariaGEN Pf8
SPT50623,1132-PF-K1000G-DBS-KE-BEJON,Kenya,Kilifi,2013,SPT50623,True,90.49,sWGA,ERR4594709,K,K_only,True,0,0,2010-2014,MalariaGEN Pf8
SPT50624,1132-PF-K1000G-DBS-KE-BEJON,Kenya,Kilifi,2013,SPT50624,True,90.38,sWGA,ERR4594708,K,K_only,True,0,0,2010-2014,MalariaGEN Pf8
SPT50625,1132-PF-K1000G-DBS-KE-BEJON,Kenya,Kilifi,2013,SPT50625,True,90.8,sWGA,ERR4609607,K,K_only,True,0,0,2010-2014,MalariaGEN Pf8
SPT50626,1132-PF-K1000G-DBS-KE-BEJON,Kenya,Kilifi,2013,SPT50626,True,90.61,sWGA,ERR4594689,K,K_only,True,0,0,2010-2014,MalariaGEN Pf8
SPT50627,1132-PF-K1000G-DBS-KE-BEJON,Kenya,Kilifi,2013,SPT50627,True,90.5,sWGA,ERR4594682,K,K_only,True,0,0,2010-2014,MalariaGEN Pf8
SPT50628,1132-PF-K1000G-DBS-KE-BEJON,Kenya,Kilifi,2013,SPT50628,True,91.08,sWGA,ERR4609640,K,K_only,True,0,0,2010-2014,MalariaGEN Pf8
SPT50728,1132-PF-K1000G-DBS-KE-BEJON,Kenya,Kilifi,2013,SPT50728,True,88.14,sWGA,ERR4609832,K,K_only,True,0,0,2010-2014,MalariaGEN Pf8
SPT50729,1132-PF-K1000G-DBS-KE-BEJON,Kenya,Kilifi,2013,SPT50729,True,90.04,sWGA,ERR4609893,K,K_only,True,0,0,2010-2014,MalariaGEN Pf8
SPT50730,1132-PF-K1000G-DBS-KE-BEJON,Kenya,Kilifi,2013,SPT50730,True,88.46,sWGA,ERR4609837,T,T_only,True,1,1,2010-2014,MalariaGEN Pf8
SPT50731,1132-PF-K1000G-DBS-KE-BEJON,Kenya,Kilifi,2013,SPT50731,True,90.42,sWGA,ERR4609887,"K,T",mixed_KT,True,1,,2010-2014,MalariaGEN Pf8
SPT50732,1132-PF-K1000G-DBS-KE-BEJON,Kenya,Kilifi,2013,SPT50732,True,90.18,sWGA,ERR4609925,K,K_only,True,0,0,2010-2014,MalariaGEN Pf8
SPT50733,1132-PF-K1000G-DBS-KE-BEJON,Kenya,Kilifi,2013,SPT50733,True,89.72,sWGA,ERR4609911,K,K_only,True,0,0,2010-2014,MalariaGEN Pf8
SPT50734,1132-PF-K1000G-DBS-KE-BEJON,Kenya,Kilifi,2013,SPT50734,True,90.37,sWGA,ERR4609885,"K,T",mixed_KT,True,1,,2010-2014,MalariaGEN Pf8
SPT50735,1132-PF-K1000G-DBS-KE-BEJON,Kenya,Kilifi,2013,SPT50735,True,89.75,sWGA,ERR4609897,T,T_only,True,1,1,2010-2014,MalariaGEN Pf8
SPT50736,1132-PF-K1000G-DBS-KE-BEJON,Kenya,Kilifi,2013,SPT50736,True,90.26,sWGA,ERR4609872,K,K_only,True,0,0,2010-2014,MalariaGEN Pf8
SPT50737,1132-PF-K1000G-DBS-KE-BEJON,Kenya,Kilifi,2013,SPT50737,True,89.26,sWGA,ERR4609843,T,T_only,True,1,1,2010-2014,MalariaGEN Pf8
SPT50738,1132-PF-K1000G-DBS-KE-BEJON,Kenya,Kilifi,2013,SPT50738,True,89.96,sWGA,ERR4609895,"K,T",mixed_KT,True,1,,2010-2014,MalariaGEN Pf8
SPT50739,1132-PF-K1000G-DBS-KE-BEJON,Kenya,Kilifi,2013,SPT50739,True,89.66,sWGA,ERR4609891,K,K_only,True,0,0,2010-2014,MalariaGEN Pf8
SPT50740,1132-PF-K1000G-DBS-KE-BEJON,Kenya,Kilifi,2013,SPT50740,True,89.6,sWGA,ERR4609869,"K,T",mixed_KT,True,1,,2010-2014,MalariaGEN Pf8
SPT50741,1132-PF-K1000G-DBS-KE-BEJON,Kenya,Kilifi,2013,SPT50741,True,89.92,sWGA,ERR4609892,T,T_only,True,1,1,2010-2014,MalariaGEN Pf8
SPT50742,1132-PF-K1000G-DBS-KE-BEJON,Kenya,Kilifi,2013,SPT50742,True,90.14,sWGA,ERR4609904,T,T_only,True,1,1,2010-2014,MalariaGEN Pf8
SPT50743,1132-PF-K1000G-DBS-KE-BEJON,Kenya,Kilifi,2013,SPT50743,True,90.3,sWGA,ERR4609922,T,T_only,True,1,1,2010-2014,MalariaGEN Pf8
SPT50744,1132-PF-K1000G-DBS-KE-BEJON,Kenya,Kilifi,2013,SPT50744,True,90.07,sWGA,ERR4609881,K,K_only,True,0,0,2010-2014,MalariaGEN Pf8
SPT50745,1132-PF-K1000G-DBS-KE-BEJON,Kenya,Kilifi,2013,SPT50745,True,88.47,sWGA,ERR4609839,T,T_only,True,1,1,2010-2014,MalariaGEN Pf8
SPT50746,1132-PF-K1000G-DBS-KE-BEJON,Kenya,Kilifi,2013,SPT50746,True,87.31,sWGA,ERR4609833,T,T_only,True,1,1,2010-2014,MalariaGEN Pf8
SPT50756,1132-PF-K1000G-DBS-KE-BEJON,Kenya,Kilifi,2013,SPT50756,True,90.19,sWGA,ERR4609915,T,T_only,True,1,1,2010-2014,MalariaGEN Pf8
SPT50757,1132-PF-K1000G-DBS-KE-BEJON,Kenya,Kilifi,2013,SPT50757,True,89.54,sWGA,ERR4609882,T,T_only,True,1,1,2010-2014,MalariaGEN Pf8
SPT50758,1132-PF-K1000G-DBS-KE-BEJON,Kenya,Kilifi,2013,SPT50758,True,89.97,sWGA,ERR4609916,T,T_only,True,1,1,2010-2014,MalariaGEN Pf8
SPT50759,1132-PF-K1000G-DBS-KE-BEJON,Kenya,Kilifi,2013,SPT50759,True,90.73,sWGA,ERR4609876,"K,T",mixed_KT,True,1,,2010-2014,MalariaGEN Pf8
SPT50760,1132-PF-K1000G-DBS-KE-BEJON,Kenya,Kilifi,2013,SPT50760,True,90.22,sWGA,ERR4609870,"T,K",mixed_KT,True,1,,2010-2014,MalariaGEN Pf8
SPT50761,1132-PF-K1000G-DBS-KE-BEJON,Kenya,Kilifi,2013,SPT50761,True,88.89,sWGA,ERR4609842,K,K_only,True,0,0,2010-2014,MalariaGEN Pf8
SPT50762,1132-PF-K1000G-DBS-KE-BEJON,Kenya,Kilifi,2013,SPT50762,True,88.32,sWGA,ERR4609840,K,K_only,True,0,0,2010-2014,MalariaGEN Pf8
SPT50882,1132-PF-K1000G-DBS-KE-BEJON,Kenya,Kilifi,2013,SPT50882,True,90.24,sWGA,ERR4594723,K,K_only,True,0,0,2010-2014,MalariaGEN Pf8
SPT50883,1132-PF-K1000G-DBS-KE-BEJON,Kenya,Kilifi,2013,SPT50883,True,90.65,sWGA,ERR4594721,T,T_only,True,1,1,2010-2014,MalariaGEN Pf8
SPT50884,1132-PF-K1000G-DBS-KE-BEJON,Kenya,Kilifi,2013,SPT50884,True,90.78,sWGA,ERR4594722,T,T_only,True,1,1,2010-2014,MalariaGEN Pf8
SPT50885,1132-PF-K1000G-DBS-KE-BEJON,Kenya,Kilifi,2013,SPT50885,True,90.58,sWGA,ERR4594720,T,T_only,True,1,1,2010-2014,MalariaGEN Pf8
SPT50886,1132-PF-K1000G-DBS-KE-BEJON,Kenya,Kilifi,2013,SPT50886,True,90.44,sWGA,ERR4634320,K,K_only,True,0,0,2010-2014,MalariaGEN Pf8
SPT50887,1132-PF-K1000G-DBS-KE-BEJON,Kenya,Kilifi,2013,SPT50887,True,90.08,sWGA,ERR4634338,K,K_only,True,0,0,2010-2014,MalariaGEN Pf8
SPT50888,1132-PF-K1000G-DBS-KE-BEJON,Kenya,Kilifi,2013,SPT50888,True,91.25,sWGA,ERR4634343,T,T_only,True,1,1,2010-2014,MalariaGEN Pf8
SPT50889,1132-PF-K1000G-DBS-KE-BEJON,Kenya,Kilifi,2013,SPT50889,True,91.15,sWGA,ERR4609667,T,T_only,True,1,1,2010-2014,MalariaGEN Pf8
SPT50890,1132-PF-K1000G-DBS-KE-BEJON,Kenya,Kilifi,2013,SPT50890,True,90.74,sWGA,ERR4609661,K,K_only,True,0,0,2010-2014,MalariaGEN Pf8
SPT50891,1132-PF-K1000G-DBS-KE-BEJON,Kenya,Kilifi,2013,SPT50891,True,90.5,sWGA,ERR4609695,T,T_only,True,1,1,2010-2014,MalariaGEN Pf8
SPT50892,1132-PF-K1000G-DBS-KE-BEJON,Kenya,Kilifi,2013,SPT50892,True,90.41,sWGA,ERR4594719,"K,T",mixed_KT,True,1,,2010-2014,MalariaGEN Pf8
SPT50893,1132-PF-K1000G-DBS-KE-BEJON,Kenya,Kilifi,2013,SPT50893,True,90.91,sWGA,ERR4594724,T,T_only,True,1,1,2010-2014,MalariaGEN Pf8
SPT50894,1132-PF-K1000G-DBS-KE-BEJON,Kenya,Kilifi,2013,SPT50894,True,90.46,sWGA,ERR4634340,T,T_only,True,1,1,2010-2014,MalariaGEN Pf8
SPT50895,1132-PF-K1000G-DBS-KE-BEJON,Kenya,Kilifi,2013,SPT50895,True,91.12,sWGA,ERR4609662,T,T_only,True,1,1,2010-2014,MalariaGEN Pf8
SPT50896,1132-PF-K1000G-DBS-KE-BEJON,Kenya,Kilifi,2013,SPT50896,True,91.79,sWGA,ERR4609671,T,T_only,True,1,1,2010-2014,MalariaGEN Pf8
SPT50897,1132-PF-K1000G-DBS-KE-BEJON,Kenya,Kilifi,2013,SPT50897,True,89.36,sWGA,ERR4634328,T,T_only,True,1,1,2010-2014,MalariaGEN Pf8
SPT50898,1132-PF-K1000G-DBS-KE-BEJON,Kenya,Kilifi,2013,SPT50898,True,90.74,sWGA,ERR4609676,T,T_only,True,1,1,2010-2014,MalariaGEN Pf8
SPT50899,1132-PF-K1000G-DBS-KE-BEJON,Kenya,Kilifi,2013,SPT50899,True,90.17,sWGA,ERR4634330,T,T_only,True,1,1,2010-2014,MalariaGEN Pf8
SPT50900,1132-PF-K1000G-DBS-KE-BEJON,Kenya,Kilifi,2013,SPT50900,True,91.2,sWGA,ERR4609674,T,T_only,True,1,1,2010-2014,MalariaGEN Pf8
SPT50901,1132-PF-K1000G-DBS-KE-BEJON,Kenya,Kilifi,2013,SPT50901,True,90.15,sWGA,ERR4634325,T,T_only,True,1,1,2010-2014,MalariaGEN Pf8
PC4008-C,1132-PF-K1000G-DBS-KE-BEJON,Kenya,Kilifi,2014,"PC4008-C,PC4008-Cx",True,89.53,gDNA,ERR1818186,K,K_only,True,0,0,2010-2014,MalariaGEN Pf8
PC4009-C,1132-PF-K1000G-DBS-KE-BEJON,Kenya,Kilifi,2014,"PC4009-C,PC4009-Cx",True,89.32,gDNA,ERR1818187,T,T_only,True,1,1,2010-2014,MalariaGEN Pf8
PC4011-C,1132-PF-K1000G-DBS-KE-BEJON,Kenya,Kilifi,2014,PC4011-C,True,86.77,gDNA,ERR1818189,K,K_only,True,0,0,2010-2014,MalariaGEN Pf8
PC4013-C,1132-PF-K1000G-DBS-KE-BEJON,Kenya,Kilifi,2014,PC4013-C,True,86.23,gDNA,ERR1818193,K,K_only,True,0,0,2010-2014,MalariaGEN Pf8
SPT50220,1132-PF-K1000G-DBS-KE-BEJON,Kenya,Kilifi,2014,SPT50220,True,90.19,sWGA,ERR4594589,K,K_only,True,0,0,2010-2014,MalariaGEN Pf8
SPT50221,1132-PF-K1000G-DBS-KE-BEJON,Kenya,Kilifi,2014,SPT50221,True,90.77,sWGA,ERR4594595,K,K_only,True,0,0,2010-2014,MalariaGEN Pf8
SPT50222,1132-PF-K1000G-DBS-KE-BEJON,Kenya,Kilifi,2014,SPT50222,True,90.41,sWGA,ERR4594615,K,K_only,True,0,0,2010-2014,MalariaGEN Pf8
SPT50223,1132-PF-K1000G-DBS-KE-BEJON,Kenya,Kilifi,2014,SPT50223,True,90.91,sWGA,ERR4594610,T,T_only,True,1,1,2010-2014,MalariaGEN Pf8
SPT50224,1132-PF-K1000G-DBS-KE-BEJON,Kenya,Kilifi,2014,SPT50224,True,90.49,sWGA,ERR4594587,K,K_only,True,0,0,2010-2014,MalariaGEN Pf8
SPT50225,1132-PF-K1000G-DBS-KE-BEJON,Kenya,Kilifi,2014,"PC4010-C,PC4010-Cx,SPT50225",True,90.86,sWGA,ERR4594638,K,K_only,True,0,0,2010-2014,MalariaGEN Pf8
SPT50226,1132-PF-K1000G-DBS-KE-BEJON,Kenya,Kilifi,2014,SPT50226,True,90.37,sWGA,ERR4594664,K,K_only,True,0,0,2010-2014,MalariaGEN Pf8
SPT50227,1132-PF-K1000G-DBS-KE-BEJON,Kenya,Kilifi,2014,SPT50227,True,90.6,sWGA,ERR4661242,K,K_only,True,0,0,2010-2014,MalariaGEN Pf8
SPT50228,1132-PF-K1000G-DBS-KE-BEJON,Kenya,Kilifi,2014,SPT50228,True,91.52,sWGA,ERR4661237,K,K_only,True,0,0,2010-2014,MalariaGEN Pf8
SPT50229,1132-PF-K1000G-DBS-KE-BEJON,Kenya,Kilifi,2014,SPT50229,True,91.04,sWGA,ERR4661244,"K,T",mixed_KT,True,1,,2010-2014,MalariaGEN Pf8
SPT50230,1132-PF-K1000G-DBS-KE-BEJON,Kenya,Kilifi,2014,SPT50230,True,90.68,sWGA,ERR4661215,K,K_only,True,0,0,2010-2014,MalariaGEN Pf8
SPT50231,1132-PF-K1000G-DBS-KE-BEJON,Kenya,Kilifi,2014,SPT50231,True,90.54,sWGA,ERR4661238,K,K_only,True,0,0,2010-2014,MalariaGEN Pf8
SPT50232,1132-PF-K1000G-DBS-KE-BEJON,Kenya,Kilifi,2014,SPT50232,True,90.7,sWGA,ERR4594666,K,K_only,True,0,0,2010-2014,MalariaGEN Pf8
SPT50233,1132-PF-K1000G-DBS-KE-BEJON,Kenya,Kilifi,2014,SPT50233,True,90.2,sWGA,ERR4594660,K,K_only,True,0,0,2010-2014,MalariaGEN Pf8
SPT50234,1132-PF-K1000G-DBS-KE-BEJON,Kenya,Kilifi,2014,SPT50234,True,90.23,sWGA,ERR4661240,T,T_only,True,1,1,2010-2014,MalariaGEN Pf8
SPT50235,1132-PF-K1000G-DBS-KE-BEJON,Kenya,Kilifi,2014,SPT50235,True,90.46,sWGA,ERR4594662,K,K_only,True,0,0,2010-2014,MalariaGEN Pf8
SPT50236,1132-PF-K1000G-DBS-KE-BEJON,Kenya,Kilifi,2014,SPT50236,True,90.43,sWGA,ERR4661224,K,K_only,True,0,0,2010-2014,MalariaGEN Pf8
SPT50237,1132-PF-K1000G-DBS-KE-BEJON,Kenya,Kilifi,2014,SPT50237,True,91.78,sWGA,ERR4661232,K,K_only,True,0,0,2010-2014,MalariaGEN Pf8
SPT50329,1132-PF-K1000G-DBS-KE-BEJON,Kenya,Kilifi,2014,SPT50329,True,90.08,sWGA,ERR4661124,K,K_only,True,0,0,2010-2014,MalariaGEN Pf8
SPT50330,1132-PF-K1000G-DBS-KE-BEJON,Kenya,Kilifi,2014,SPT50330,True,90.89,sWGA,ERR4661142,K,K_only,True,0,0,2010-2014,MalariaGEN Pf8
SPT50331,1132-PF-K1000G-DBS-KE-BEJON,Kenya,Kilifi,2014,SPT50331,True,90.4,sWGA,ERR4661110,K,K_only,True,0,0,2010-2014,MalariaGEN Pf8
SPT50332,1132-PF-K1000G-DBS-KE-BEJON,Kenya,Kilifi,2014,SPT50332,True,90.44,sWGA,ERR4661122,K,K_only,True,0,0,2010-2014,MalariaGEN Pf8
SPT50333,1132-PF-K1000G-DBS-KE-BEJON,Kenya,Kilifi,2014,SPT50333,True,90.12,sWGA,ERR4661132,K,K_only,True,0,0,2010-2014,MalariaGEN Pf8
SPT50334,1132-PF-K1000G-DBS-KE-BEJON,Kenya,Kilifi,2014,SPT50334,True,90.4,sWGA,ERR4661136,K,K_only,True,0,0,2010-2014,MalariaGEN Pf8
SPT50335,1132-PF-K1000G-DBS-KE-BEJON,Kenya,Kilifi,2014,SPT50335,True,91.33,sWGA,ERR4661109,K,K_only,True,0,0,2010-2014,MalariaGEN Pf8
SPT50336,1132-PF-K1000G-DBS-KE-BEJON,Kenya,Kilifi,2014,SPT50336,True,90.03,sWGA,ERR4609951,K,K_only,True,0,0,2010-2014,MalariaGEN Pf8
SPT50337,1132-PF-K1000G-DBS-KE-BEJON,Kenya,Kilifi,2014,SPT50337,True,90.79,sWGA,ERR4609960,K,K_only,True,0,0,2010-2014,MalariaGEN Pf8
SPT50338,1132-PF-K1000G-DBS-KE-BEJON,Kenya,Kilifi,2014,SPT50338,True,89.71,sWGA,ERR4661108,K,K_only,True,0,0,2010-2014,MalariaGEN Pf8
SPT50339,1132-PF-K1000G-DBS-KE-BEJON,Kenya,Kilifi,2014,SPT50339,True,90.06,sWGA,ERR4661103,K,K_only,True,0,0,2010-2014,MalariaGEN Pf8
SPT50340,1132-PF-K1000G-DBS-KE-BEJON,Kenya,Kilifi,2014,SPT50340,True,91.05,sWGA,ERR4609959,K,K_only,True,0,0,2010-2014,MalariaGEN Pf8
SPT50341,1132-PF-K1000G-DBS-KE-BEJON,Kenya,Kilifi,2014,SPT50341,True,88.47,sWGA,ERR4609943,K,K_only,True,0,0,2010-2014,MalariaGEN Pf8
SPT50342,1132-PF-K1000G-DBS-KE-BEJON,Kenya,Kilifi,2014,SPT50342,True,90.47,sWGA,ERR4661121,K,K_only,True,0,0,2010-2014,MalariaGEN Pf8
SPT50343,1132-PF-K1000G-DBS-KE-BEJON,Kenya,Kilifi,2014,SPT50343,True,88.64,sWGA,ERR4661111,K,K_only,True,0,0,2010-2014,MalariaGEN Pf8
SPT50344,1132-PF-K1000G-DBS-KE-BEJON,Kenya,Kilifi,2014,SPT50344,True,89.68,sWGA,ERR4594583,K,K_only,True,0,0,2010-2014,MalariaGEN Pf8
SPT50345,1132-PF-K1000G-DBS-KE-BEJON,Kenya,Kilifi,2014,SPT50345,True,90.91,sWGA,ERR4609953,"T,K",mixed_KT,True,1,,2010-2014,MalariaGEN Pf8
SPT50346,1132-PF-K1000G-DBS-KE-BEJON,Kenya,Kilifi,2014,SPT50346,True,90.93,sWGA,ERR4661134,K,K_only,True,0,0,2010-2014,MalariaGEN Pf8
SPT50347,1132-PF-K1000G-DBS-KE-BEJON,Kenya,Kilifi,2014,SPT50347,True,90.97,sWGA,ERR4661141,K,K_only,True,0,0,2010-2014,MalariaGEN Pf8
SPT50348,1132-PF-K1000G-DBS-KE-BEJON,Kenya,Kilifi,2014,SPT50348,True,90.82,sWGA,ERR4661129,K,K_only,True,0,0,2010-2014,MalariaGEN Pf8
SPT50349,1132-PF-K1000G-DBS-KE-BEJON,Kenya,Kilifi,2014,SPT50349,True,90.85,sWGA,ERR4661135,K,K_only,True,0,0,2010-2014,MalariaGEN Pf8
SPT50350,1132-PF-K1000G-DBS-KE-BEJON,Kenya,Kilifi,2014,SPT50350,True,90.26,sWGA,ERR4661104,K,K_only,True,0,0,2010-2014,MalariaGEN Pf8
SPT50351,1132-PF-K1000G-DBS-KE-BEJON,Kenya,Kilifi,2014,SPT50351,True,90.77,sWGA,ERR4661100,K,K_only,True,0,0,2010-2014,MalariaGEN Pf8
SPT50352,1132-PF-K1000G-DBS-KE-BEJON,Kenya,Kilifi,2014,SPT50352,True,90.07,sWGA,ERR4609948,T,T_only,True,1,1,2010-2014,MalariaGEN Pf8
SPT50353,1132-PF-K1000G-DBS-KE-BEJON,Kenya,Kilifi,2014,SPT50353,True,90.95,sWGA,ERR4661118,K,K_only,True,0,0,2010-2014,MalariaGEN Pf8
SPT50354,1132-PF-K1000G-DBS-KE-BEJON,Kenya,Kilifi,2014,SPT50354,True,90.46,sWGA,ERR4594585,K,K_only,True,0,0,2010-2014,MalariaGEN Pf8
SPT50355,1132-PF-K1000G-DBS-KE-BEJON,Kenya,Kilifi,2014,SPT50355,True,90.75,sWGA,ERR4609941,K,K_only,True,0,0,2010-2014,MalariaGEN Pf8
SPT50629,1132-PF-K1000G-DBS-KE-BEJON,Kenya,Kilifi,2014,SPT50629,True,91.14,sWGA,ERR4609636,K,K_only,True,0,0,2010-2014,MalariaGEN Pf8
SPT50630,1132-PF-K1000G-DBS-KE-BEJON,Kenya,Kilifi,2014,SPT50630,True,90.46,sWGA,ERR4609634,K,K_only,True,0,0,2010-2014,MalariaGEN Pf8
SPT50631,1132-PF-K1000G-DBS-KE-BEJON,Kenya,Kilifi,2014,SPT50631,True,91.05,sWGA,ERR4609649,K,K_only,True,0,0,2010-2014,MalariaGEN Pf8
SPT50632,1132-PF-K1000G-DBS-KE-BEJON,Kenya,Kilifi,2014,SPT50632,True,90.95,sWGA,ERR4609643,K,K_only,True,0,0,2010-2014,MalariaGEN Pf8
SPT50633,1132-PF-K1000G-DBS-KE-BEJON,Kenya,Kilifi,2014,SPT50633,True,90.71,sWGA,ERR4609609,K,K_only,True,0,0,2010-2014,MalariaGEN Pf8
SPT50634,1132-PF-K1000G-DBS-KE-BEJON,Kenya,Kilifi,2014,SPT50634,True,90.11,sWGA,ERR4609610,K,K_only,True,0,0,2010-2014,MalariaGEN Pf8
SPT50635,1132-PF-K1000G-DBS-KE-BEJON,Kenya,Kilifi,2014,SPT50635,True,91.03,sWGA,ERR4609616,K,K_only,True,0,0,2010-2014,MalariaGEN Pf8
SPT50636,1132-PF-K1000G-DBS-KE-BEJON,Kenya,Kilifi,2014,SPT50636,True,90.5,sWGA,ERR4594711,K,K_only,True,0,0,2010-2014,MalariaGEN Pf8
SPT50637,1132-PF-K1000G-DBS-KE-BEJON,Kenya,Kilifi,2014,SPT50637,True,87.54,sWGA,ERR4609633,K,K_only,True,0,0,2010-2014,MalariaGEN Pf8
SPT50638,1132-PF-K1000G-DBS-KE-BEJON,Kenya,Kilifi,2014,SPT50638,True,89.99,sWGA,ERR4594697,K,K_only,True,0,0,2010-2014,MalariaGEN Pf8
SPT50902,1132-PF-K1000G-DBS-KE-BEJON,Kenya,Kilifi,2014,SPT50902,True,91.13,sWGA,ERR4609683,T,T_only,True,1,1,2010-2014,MalariaGEN Pf8
SPT50903,1132-PF-K1000G-DBS-KE-BEJON,Kenya,Kilifi,2014,SPT50903,True,90.1,sWGA,ERR4609681,T,T_only,True,1,1,2010-2014,MalariaGEN Pf8
SPT50238,1132-PF-K1000G-DBS-KE-BEJON,Kenya,Kilifi,2015,SPT50238,True,90.65,sWGA,ERR4661243,K,K_only,True,0,0,2015-2020,MalariaGEN Pf8
SPT50239,1132-PF-K1000G-DBS-KE-BEJON,Kenya,Kilifi,2015,SPT50239,True,91.13,sWGA,ERR4661222,"K,T",mixed_KT,True,1,,2015-2020,MalariaGEN Pf8
SPT50240,1132-PF-K1000G-DBS-KE-BEJON,Kenya,Kilifi,2015,SPT50240,True,89.71,sWGA,ERR4661216,K,K_only,True,0,0,2015-2020,MalariaGEN Pf8
SPT50241,1132-PF-K1000G-DBS-KE-BEJON,Kenya,Kilifi,2015,SPT50241,True,91.59,sWGA,ERR4661229,K,K_only,True,0,0,2015-2020,MalariaGEN Pf8
SPT50242,1132-PF-K1000G-DBS-KE-BEJON,Kenya,Kilifi,2015,SPT50242,True,90.41,sWGA,ERR4661241,K,K_only,True,0,0,2015-2020,MalariaGEN Pf8
SPT50243,1132-PF-K1000G-DBS-KE-BEJON,Kenya,Kilifi,2015,SPT50243,True,90.89,sWGA,ERR4661228,K,K_only,True,0,0,2015-2020,MalariaGEN Pf8
SPT50245,1132-PF-K1000G-DBS-KE-BEJON,Kenya,Kilifi,2015,SPT50245,True,90.45,sWGA,ERR4661234,K,K_only,True,0,0,2015-2020,MalariaGEN Pf8
SPT50246,1132-PF-K1000G-DBS-KE-BEJON,Kenya,Kilifi,2015,SPT50246,True,90.4,sWGA,ERR4661217,K,K_only,True,0,0,2015-2020,MalariaGEN Pf8
SPT50247,1132-PF-K1000G-DBS-KE-BEJON,Kenya,Kilifi,2015,SPT50247,True,91.09,sWGA,ERR4661235,K,K_only,True,0,0,2015-2020,MalariaGEN Pf8
SPT50248,1132-PF-K1000G-DBS-KE-BEJON,Kenya,Kilifi,2015,SPT50248,True,91.54,sWGA,ERR4661231,K,K_only,True,0,0,2015-2020,MalariaGEN Pf8
SPT50356,1132-PF-K1000G-DBS-KE-BEJON,Kenya,Kilifi,2015,SPT50356,True,90.85,sWGA,ERR4661101,K,K_only,True,0,0,2015-2020,MalariaGEN Pf8
SPT50357,1132-PF-K1000G-DBS-KE-BEJON,Kenya,Kilifi,2015,SPT50357,True,90.92,sWGA,ERR4661116,K,K_only,True,0,0,2015-2020,MalariaGEN Pf8
SPT50358,1132-PF-K1000G-DBS-KE-BEJON,Kenya,Kilifi,2015,SPT50358,True,89.21,sWGA,ERR4661113,K,K_only,True,0,0,2015-2020,MalariaGEN Pf8
SPT50359,1132-PF-K1000G-DBS-KE-BEJON,Kenya,Kilifi,2015,SPT50359,True,90.73,sWGA,ERR4594584,K,K_only,True,0,0,2015-2020,MalariaGEN Pf8
SPT50360,1132-PF-K1000G-DBS-KE-BEJON,Kenya,Kilifi,2015,SPT50360,True,90.1,sWGA,ERR4594582,T,T_only,True,1,1,2015-2020,MalariaGEN Pf8
SPT50361,1132-PF-K1000G-DBS-KE-BEJON,Kenya,Kilifi,2015,SPT50361,True,90.82,sWGA,ERR4609937,K,K_only,True,0,0,2015-2020,MalariaGEN Pf8
SPT50362,1132-PF-K1000G-DBS-KE-BEJON,Kenya,Kilifi,2015,SPT50362,True,91.1,sWGA,ERR4661099,K,K_only,True,0,0,2015-2020,MalariaGEN Pf8
SPT50363,1132-PF-K1000G-DBS-KE-BEJON,Kenya,Kilifi,2015,SPT50363,True,90.29,sWGA,ERR4609939,K,K_only,True,0,0,2015-2020,MalariaGEN Pf8
SPT50364,1132-PF-K1000G-DBS-KE-BEJON,Kenya,Kilifi,2015,SPT50364,True,89.95,sWGA,ERR4661112,K,K_only,True,0,0,2015-2020,MalariaGEN Pf8
SPT50365,1132-PF-K1000G-DBS-KE-BEJON,Kenya,Kilifi,2015,SPT50365,True,90.86,sWGA,ERR4661096,K,K_only,True,0,0,2015-2020,MalariaGEN Pf8
SPT50366,1132-PF-K1000G-DBS-KE-BEJON,Kenya,Kilifi,2015,SPT50366,True,90.5,sWGA,ERR4661102,K,K_only,True,0,0,2015-2020,MalariaGEN Pf8
SPT50367,1132-PF-K1000G-DBS-KE-BEJON,Kenya,Kilifi,2015,SPT50367,True,90.95,sWGA,ERR4661131,K,K_only,True,0,0,2015-2020,MalariaGEN Pf8
SPT50368,1132-PF-K1000G-DBS-KE-BEJON,Kenya,Kilifi,2015,SPT50368,True,91.15,sWGA,ERR4609964,"T,K",mixed_KT,True,1,,2015-2020,MalariaGEN Pf8
SPT50369,1132-PF-K1000G-DBS-KE-BEJON,Kenya,Kilifi,2015,SPT50369,True,89.46,sWGA,ERR4609947,K,K_only,True,0,0,2015-2020,MalariaGEN Pf8
SPT50371,1132-PF-K1000G-DBS-KE-BEJON,Kenya,Kilifi,2015,SPT50371,True,90.85,sWGA,ERR4609935,K,K_only,True,0,0,2015-2020,MalariaGEN Pf8
SPT50372,1132-PF-K1000G-DBS-KE-BEJON,Kenya,Kilifi,2015,SPT50372,True,90.44,sWGA,ERR4661128,K,K_only,True,0,0,2015-2020,MalariaGEN Pf8
SPT50373,1132-PF-K1000G-DBS-KE-BEJON,Kenya,Kilifi,2015,SPT50373,True,90.61,sWGA,ERR4661115,K,K_only,True,0,0,2015-2020,MalariaGEN Pf8
SPT50374,1132-PF-K1000G-DBS-KE-BEJON,Kenya,Kilifi,2015,SPT50374,True,90.8,sWGA,ERR4661105,K,K_only,True,0,0,2015-2020,MalariaGEN Pf8
SPT50639,1132-PF-K1000G-DBS-KE-BEJON,Kenya,Kilifi,2015,SPT50639,True,91.22,sWGA,ERR4594713,K,K_only,True,0,0,2015-2020,MalariaGEN Pf8
SPT50640,1132-PF-K1000G-DBS-KE-BEJON,Kenya,Kilifi,2015,SPT50640,True,91.43,sWGA,ERR4609641,K,K_only,True,0,0,2015-2020,MalariaGEN Pf8
SPT50641,1132-PF-K1000G-DBS-KE-BEJON,Kenya,Kilifi,2015,SPT50641,True,90.91,sWGA,ERR4594706,K,K_only,True,0,0,2015-2020,MalariaGEN Pf8
SPT50642,1132-PF-K1000G-DBS-KE-BEJON,Kenya,Kilifi,2015,SPT50642,True,90.55,sWGA,ERR4609630,K,K_only,True,0,0,2015-2020,MalariaGEN Pf8
SPT50643,1132-PF-K1000G-DBS-KE-BEJON,Kenya,Kilifi,2015,SPT50643,True,90.81,sWGA,ERR4594705,K,K_only,True,0,0,2015-2020,MalariaGEN Pf8
SPT50644,1132-PF-K1000G-DBS-KE-BEJON,Kenya,Kilifi,2015,SPT50644,True,90.84,sWGA,ERR4609611,K,K_only,True,0,0,2015-2020,MalariaGEN Pf8
SPT50645,1132-PF-K1000G-DBS-KE-BEJON,Kenya,Kilifi,2015,SPT50645,True,90.94,sWGA,ERR4609606,K,K_only,True,0,0,2015-2020,MalariaGEN Pf8
SPT50646,1132-PF-K1000G-DBS-KE-BEJON,Kenya,Kilifi,2015,SPT50646,True,90.27,sWGA,ERR4594710,K,K_only,True,0,0,2015-2020,MalariaGEN Pf8
SPT50647,1132-PF-K1000G-DBS-KE-BEJON,Kenya,Kilifi,2015,SPT50647,True,90.85,sWGA,ERR4609627,K,K_only,True,0,0,2015-2020,MalariaGEN Pf8
SPT50648,1132-PF-K1000G-DBS-KE-BEJON,Kenya,Kilifi,2015,SPT50648,True,90.84,sWGA,ERR4609642,"T,K",mixed_KT,True,1,,2015-2020,MalariaGEN Pf8
SPT50649,1132-PF-K1000G-DBS-KE-BEJON,Kenya,Kilifi,2015,SPT50649,True,90.82,sWGA,ERR4609624,K,K_only,True,0,0,2015-2020,MalariaGEN Pf8
SPT50650,1132-PF-K1000G-DBS-KE-BEJON,Kenya,Kilifi,2015,SPT50650,True,90.2,sWGA,ERR4594547,K,K_only,True,0,0,2015-2020,MalariaGEN Pf8
SPT50651,1132-PF-K1000G-DBS-KE-BEJON,Kenya,Kilifi,2015,SPT50651,True,90.45,sWGA,ERR4594544,K,K_only,True,0,0,2015-2020,MalariaGEN Pf8
SPT50652,1132-PF-K1000G-DBS-KE-BEJON,Kenya,Kilifi,2015,SPT50652,True,91.26,sWGA,ERR4609631,K,K_only,True,0,0,2015-2020,MalariaGEN Pf8
SPT50904,1132-PF-K1000G-DBS-KE-BEJON,Kenya,Kilifi,2015,SPT50904,True,91.0,sWGA,ERR4609655,T,T_only,True,1,1,2015-2020,MalariaGEN Pf8
SPT50249,1132-PF-K1000G-DBS-KE-BEJON,Kenya,Kilifi,2016,SPT50249,True,90.31,sWGA,ERR4661223,K,K_only,True,0,0,2015-2020,MalariaGEN Pf8
SPT50250,1132-PF-K1000G-DBS-KE-BEJON,Kenya,Kilifi,2016,SPT50250,True,90.27,sWGA,ERR4661209,K,K_only,True,0,0,2015-2020,MalariaGEN Pf8
SPT50375,1132-PF-K1000G-DBS-KE-BEJON,Kenya,Kilifi,2016,SPT50375,True,90.65,sWGA,ERR4609962,K,K_only,True,0,0,2015-2020,MalariaGEN Pf8
SPT50376,1132-PF-K1000G-DBS-KE-BEJON,Kenya,Kilifi,2016,SPT50376,True,90.66,sWGA,ERR4661119,K,K_only,True,0,0,2015-2020,MalariaGEN Pf8
SPT50377,1132-PF-K1000G-DBS-KE-BEJON,Kenya,Kilifi,2016,SPT50377,True,91.0,sWGA,ERR4609944,K,K_only,True,0,0,2015-2020,MalariaGEN Pf8
SPT50378,1132-PF-K1000G-DBS-KE-BEJON,Kenya,Kilifi,2016,SPT50378,True,90.8,sWGA,ERR4661098,K,K_only,True,0,0,2015-2020,MalariaGEN Pf8
SPT50379,1132-PF-K1000G-DBS-KE-BEJON,Kenya,Kilifi,2016,SPT50379,True,90.16,sWGA,ERR4609938,K,K_only,True,0,0,2015-2020,MalariaGEN Pf8
SPT50380,1132-PF-K1000G-DBS-KE-BEJON,Kenya,Kilifi,2016,SPT50380,True,91.36,sWGA,ERR4609956,K,K_only,True,0,0,2015-2020,MalariaGEN Pf8
SPT50381,1132-PF-K1000G-DBS-KE-BEJON,Kenya,Kilifi,2016,SPT50381,True,90.88,sWGA,ERR4609954,K,K_only,True,0,0,2015-2020,MalariaGEN Pf8
SPT50382,1132-PF-K1000G-DBS-KE-BEJON,Kenya,Kilifi,2016,SPT50382,True,90.58,sWGA,ERR4609950,K,K_only,True,0,0,2015-2020,MalariaGEN Pf8
SPT50383,1132-PF-K1000G-DBS-KE-BEJON,Kenya,Kilifi,2016,SPT50383,True,91.05,sWGA,ERR4661123,K,K_only,True,0,0,2015-2020,MalariaGEN Pf8
SPT50385,1132-PF-K1000G-DBS-KE-BEJON,Kenya,Kilifi,2016,SPT50385,True,91.0,sWGA,ERR4661117,K,K_only,True,0,0,2015-2020,MalariaGEN Pf8
SPT50386,1132-PF-K1000G-DBS-KE-BEJON,Kenya,Kilifi,2016,SPT50386,True,90.58,sWGA,ERR4661107,K,K_only,True,0,0,2015-2020,MalariaGEN Pf8
SPT50387,1132-PF-K1000G-DBS-KE-BEJON,Kenya,Kilifi,2016,SPT50387,True,90.62,sWGA,ERR4661130,K,K_only,True,0,0,2015-2020,MalariaGEN Pf8
SPT50388,1132-PF-K1000G-DBS-KE-BEJON,Kenya,Kilifi,2016,SPT50388,True,90.62,sWGA,ERR4609963,K,K_only,True,0,0,2015-2020,MalariaGEN Pf8
SPT50389,1132-PF-K1000G-DBS-KE-BEJON,Kenya,Kilifi,2016,SPT50389,True,90.05,sWGA,ERR4609945,K,K_only,True,0,0,2015-2020,MalariaGEN Pf8
SPT50390,1132-PF-K1000G-DBS-KE-BEJON,Kenya,Kilifi,2016,SPT50390,True,91.0,sWGA,ERR4609961,K,K_only,True,0,0,2015-2020,MalariaGEN Pf8
SPT50391,1132-PF-K1000G-DBS-KE-BEJON,Kenya,Kilifi,2016,SPT50391,True,90.84,sWGA,ERR4661097,K,K_only,True,0,0,2015-2020,MalariaGEN Pf8
SPT50392,1132-PF-K1000G-DBS-KE-BEJON,Kenya,Kilifi,2016,SPT50392,True,88.54,sWGA,ERR4594578,K,K_only,True,0,0,2015-2020,MalariaGEN Pf8
SPT50393,1132-PF-K1000G-DBS-KE-BEJON,Kenya,Kilifi,2016,SPT50393,True,90.89,sWGA,ERR4661114,K,K_only,True,0,0,2015-2020,MalariaGEN Pf8
SPT50394,1132-PF-K1000G-DBS-KE-BEJON,Kenya,Kilifi,2016,SPT50394,True,90.34,sWGA,ERR4594576,"K,T",mixed_KT,True,1,,2015-2020,MalariaGEN Pf8
SPT50395,1132-PF-K1000G-DBS-KE-BEJON,Kenya,Kilifi,2016,SPT50395,True,90.97,sWGA,ERR4661137,K,K_only,True,0,0,2015-2020,MalariaGEN Pf8
SPT50396,1132-PF-K1000G-DBS-KE-BEJON,Kenya,Kilifi,2016,SPT50396,True,90.59,sWGA,ERR4661125,K,K_only,True,0,0,2015-2020,MalariaGEN Pf8
SPT50398,1132-PF-K1000G-DBS-KE-BEJON,Kenya,Kilifi,2016,SPT50398,True,89.54,sWGA,ERR4609955,K,K_only,True,0,0,2015-2020,MalariaGEN Pf8
SPT50399,1132-PF-K1000G-DBS-KE-BEJON,Kenya,Kilifi,2016,SPT50399,True,90.45,sWGA,ERR4609949,K,K_only,True,0,0,2015-2020,MalariaGEN Pf8
SPT50400,1132-PF-K1000G-DBS-KE-BEJON,Kenya,Kilifi,2016,SPT50400,True,89.77,sWGA,ERR4594581,K,K_only,True,0,0,2015-2020,MalariaGEN Pf8
SPT50401,1132-PF-K1000G-DBS-KE-BEJON,Kenya,Kilifi,2016,SPT50401,True,90.7,sWGA,ERR4609958,K,K_only,True,0,0,2015-2020,MalariaGEN Pf8
SPT50402,1132-PF-K1000G-DBS-KE-BEJON,Kenya,Kilifi,2016,SPT50402,True,90.6,sWGA,ERR4594579,K,K_only,True,0,0,2015-2020,MalariaGEN Pf8
SPT50403,1132-PF-K1000G-DBS-KE-BEJON,Kenya,Kilifi,2016,SPT50403,True,90.55,sWGA,ERR4594577,K,K_only,True,0,0,2015-2020,MalariaGEN Pf8
SPT50404,1132-PF-K1000G-DBS-KE-BEJON,Kenya,Kilifi,2016,SPT50404,True,90.7,sWGA,ERR4661139,K,K_only,True,0,0,2015-2020,MalariaGEN Pf8
SPT50653,1132-PF-K1000G-DBS-KE-BEJON,Kenya,Kilifi,2016,SPT50653,True,89.88,sWGA,ERR4594702,K,K_only,True,0,0,2015-2020,MalariaGEN Pf8
SPT50654,1132-PF-K1000G-DBS-KE-BEJON,Kenya,Kilifi,2016,SPT50654,True,90.25,sWGA,ERR4594542,K,K_only,True,0,0,2015-2020,MalariaGEN Pf8
SPT50655,1132-PF-K1000G-DBS-KE-BEJON,Kenya,Kilifi,2016,SPT50655,True,89.23,sWGA,ERR4594548,K,K_only,True,0,0,2015-2020,MalariaGEN Pf8
SPT50656,1132-PF-K1000G-DBS-KE-BEJON,Kenya,Kilifi,2016,SPT50656,True,91.05,sWGA,ERR4609645,K,K_only,True,0,0,2015-2020,MalariaGEN Pf8
SPT50657,1132-PF-K1000G-DBS-KE-BEJON,Kenya,Kilifi,2016,SPT50657,True,91.49,sWGA,ERR4609625,"K,T",mixed_KT,True,1,,2015-2020,MalariaGEN Pf8
SPT50658,1132-PF-K1000G-DBS-KE-BEJON,Kenya,Kilifi,2016,SPT50658,True,90.18,sWGA,ERR4609617,K,K_only,True,0,0,2015-2020,MalariaGEN Pf8
SPT50659,1132-PF-K1000G-DBS-KE-BEJON,Kenya,Kilifi,2016,SPT50659,True,90.05,sWGA,ERR4609613,"T,K",mixed_KT,True,1,,2015-2020,MalariaGEN Pf8
SPT50660,1132-PF-K1000G-DBS-KE-BEJON,Kenya,Kilifi,2016,SPT50660,True,90.12,sWGA,ERR4594704,K,K_only,True,0,0,2015-2020,MalariaGEN Pf8
SPT50661,1132-PF-K1000G-DBS-KE-BEJON,Kenya,Kilifi,2016,SPT50661,True,91.43,sWGA,ERR4594674,"K,T",mixed_KT,True,1,,2015-2020,MalariaGEN Pf8
SPT50662,1132-PF-K1000G-DBS-KE-BEJON,Kenya,Kilifi,2016,SPT50662,True,90.51,sWGA,ERR4594687,K,K_only,True,0,0,2015-2020,MalariaGEN Pf8
SPT50663,1132-PF-K1000G-DBS-KE-BEJON,Kenya,Kilifi,2016,SPT50663,True,90.65,sWGA,ERR4594694,K,K_only,True,0,0,2015-2020,MalariaGEN Pf8
SPT50664,1132-PF-K1000G-DBS-KE-BEJON,Kenya,Kilifi,2016,SPT50664,True,90.33,sWGA,ERR4594693,K,K_only,True,0,0,2015-2020,MalariaGEN Pf8
SPT50665,1132-PF-K1000G-DBS-KE-BEJON,Kenya,Kilifi,2016,SPT50665,True,90.8,sWGA,ERR4609626,K,K_only,True,0,0,2015-2020,MalariaGEN Pf8
SPT50666,1132-PF-K1000G-DBS-KE-BEJON,Kenya,Kilifi,2016,SPT50666,True,91.25,sWGA,ERR4609622,K,K_only,True,0,0,2015-2020,MalariaGEN Pf8
SPT50667,1132-PF-K1000G-DBS-KE-BEJON,Kenya,Kilifi,2016,SPT50667,True,90.98,sWGA,ERR4594692,K,K_only,True,0,0,2015-2020,MalariaGEN Pf8
SPT50668,1132-PF-K1000G-DBS-KE-BEJON,Kenya,Kilifi,2016,SPT50668,True,90.14,sWGA,ERR4594688,K,K_only,True,0,0,2015-2020,MalariaGEN Pf8
SPT50755,1132-PF-K1000G-DBS-KE-BEJON,Kenya,Kilifi,2016,SPT50755,True,89.73,sWGA,ERR4609874,K,K_only,True,0,0,2015-2020,MalariaGEN Pf8
SPT50905,1132-PF-K1000G-DBS-KE-BEJON,Kenya,Kilifi,2016,SPT50905,True,91.27,sWGA,ERR4609665,"K,T",mixed_KT,True,1,,2015-2020,MalariaGEN Pf8
SPT50906,1132-PF-K1000G-DBS-KE-BEJON,Kenya,Kilifi,2016,SPT50906,True,90.3,sWGA,ERR4634334,T,T_only,True,1,1,2015-2020,MalariaGEN Pf8
SPT43377,1132-PF-K1000G-DBS-KE-BEJON,Kenya,Kilifi,2017,SPT43377,True,55.91,sWGA,ERR3486394,K,K_only,True,0,0,2015-2020,MalariaGEN Pf8
SPT50251,1132-PF-K1000G-DBS-KE-BEJON,Kenya,Kilifi,2017,SPT50251,True,90.07,sWGA,ERR4661206,K,K_only,True,0,0,2015-2020,MalariaGEN Pf8
SPT50252,1132-PF-K1000G-DBS-KE-BEJON,Kenya,Kilifi,2017,SPT50252,True,90.94,sWGA,ERR4661218,K,K_only,True,0,0,2015-2020,MalariaGEN Pf8
SPT50253,1132-PF-K1000G-DBS-KE-BEJON,Kenya,Kilifi,2017,SPT50253,True,91.28,sWGA,ERR4661220,K,K_only,True,0,0,2015-2020,MalariaGEN Pf8
SPT50254,1132-PF-K1000G-DBS-KE-BEJON,Kenya,Kilifi,2017,SPT50254,True,90.54,sWGA,ERR4661245,K,K_only,True,0,0,2015-2020,MalariaGEN Pf8
SPT50255,1132-PF-K1000G-DBS-KE-BEJON,Kenya,Kilifi,2017,SPT50255,True,89.52,sWGA,ERR4661210,K,K_only,True,0,0,2015-2020,MalariaGEN Pf8
SPT50405,1132-PF-K1000G-DBS-KE-BEJON,Kenya,Kilifi,2017,SPT50405,True,90.58,sWGA,ERR4609940,K,K_only,True,0,0,2015-2020,MalariaGEN Pf8
SPT50407,1132-PF-K1000G-DBS-KE-BEJON,Kenya,Kilifi,2017,SPT50407,True,91.01,sWGA,ERR4661094,K,K_only,True,0,0,2015-2020,MalariaGEN Pf8
SPT50409,1132-PF-K1000G-DBS-KE-BEJON,Kenya,Kilifi,2017,SPT50409,True,90.6,sWGA,ERR4594580,K,K_only,True,0,0,2015-2020,MalariaGEN Pf8
SPT50410,1132-PF-K1000G-DBS-KE-BEJON,Kenya,Kilifi,2017,SPT50410,True,91.29,sWGA,ERR4609952,K,K_only,True,0,0,2015-2020,MalariaGEN Pf8
SPT50411,1132-PF-K1000G-DBS-KE-BEJON,Kenya,Kilifi,2017,SPT50411,True,90.97,sWGA,ERR4609957,K,K_only,True,0,0,2015-2020,MalariaGEN Pf8
SPT50412,1132-PF-K1000G-DBS-KE-BEJON,Kenya,Kilifi,2017,SPT50412,True,90.63,sWGA,ERR4609946,K,K_only,True,0,0,2015-2020,MalariaGEN Pf8
SPT50414,1132-PF-K1000G-DBS-KE-BEJON,Kenya,Kilifi,2017,SPT50414,True,90.07,sWGA,ERR4661262,K,K_only,True,0,0,2015-2020,MalariaGEN Pf8
SPT50415,1132-PF-K1000G-DBS-KE-BEJON,Kenya,Kilifi,2017,SPT50415,True,88.05,sWGA,ERR4594537,K,K_only,True,0,0,2015-2020,MalariaGEN Pf8
SPT50416,1132-PF-K1000G-DBS-KE-BEJON,Kenya,Kilifi,2017,SPT50416,True,89.63,sWGA,ERR4661278,K,K_only,True,0,0,2015-2020,MalariaGEN Pf8
SPT50417,1132-PF-K1000G-DBS-KE-BEJON,Kenya,Kilifi,2017,SPT50417,True,90.66,sWGA,ERR4594535,K,K_only,True,0,0,2015-2020,MalariaGEN Pf8
SPT50418,1132-PF-K1000G-DBS-KE-BEJON,Kenya,Kilifi,2017,SPT50418,True,90.28,sWGA,ERR4594506,K,K_only,True,0,0,2015-2020,MalariaGEN Pf8
SPT50420,1132-PF-K1000G-DBS-KE-BEJON,Kenya,Kilifi,2017,SPT50420,True,90.77,sWGA,ERR4661280,K,K_only,True,0,0,2015-2020,MalariaGEN Pf8
SPT50421,1132-PF-K1000G-DBS-KE-BEJON,Kenya,Kilifi,2017,SPT50421,True,89.8,sWGA,ERR4661285,K,K_only,True,0,0,2015-2020,MalariaGEN Pf8
SPT50422,1132-PF-K1000G-DBS-KE-BEJON,Kenya,Kilifi,2017,SPT50422,True,91.37,sWGA,ERR4594528,K,K_only,True,0,0,2015-2020,MalariaGEN Pf8
SPT50423,1132-PF-K1000G-DBS-KE-BEJON,Kenya,Kilifi,2017,SPT50423,True,89.91,sWGA,ERR4661279,K,K_only,True,0,0,2015-2020,MalariaGEN Pf8
SPT50425,1132-PF-K1000G-DBS-KE-BEJON,Kenya,Kilifi,2017,SPT50425,True,90.58,sWGA,ERR4661247,K,K_only,True,0,0,2015-2020,MalariaGEN Pf8
SPT50426,1132-PF-K1000G-DBS-KE-BEJON,Kenya,Kilifi,2017,SPT50426,True,89.72,sWGA,ERR4661263,K,K_only,True,0,0,2015-2020,MalariaGEN Pf8
SPT50427,1132-PF-K1000G-DBS-KE-BEJON,Kenya,Kilifi,2017,SPT50427,True,90.15,sWGA,ERR4661282,K,K_only,True,0,0,2015-2020,MalariaGEN Pf8
SPT50428,1132-PF-K1000G-DBS-KE-BEJON,Kenya,Kilifi,2017,SPT50428,True,90.53,sWGA,ERR4594516,K,K_only,True,0,0,2015-2020,MalariaGEN Pf8
SPT50429,1132-PF-K1000G-DBS-KE-BEJON,Kenya,Kilifi,2017,SPT50429,True,90.9,sWGA,ERR4594530,K,K_only,True,0,0,2015-2020,MalariaGEN Pf8
SPT50430,1132-PF-K1000G-DBS-KE-BEJON,Kenya,Kilifi,2017,SPT50430,True,90.46,sWGA,ERR4661270,K,K_only,True,0,0,2015-2020,MalariaGEN Pf8
SPT50432,1132-PF-K1000G-DBS-KE-BEJON,Kenya,Kilifi,2017,SPT50432,True,90.65,sWGA,ERR4661273,K,K_only,True,0,0,2015-2020,MalariaGEN Pf8
SPT50439,1132-PF-K1000G-DBS-KE-BEJON,Kenya,Kilifi,2017,SPT50439,True,90.41,sWGA,ERR4661253,K,K_only,True,0,0,2015-2020,MalariaGEN Pf8
SPT50466,1132-PF-K1000G-DBS-KE-BEJON,Kenya,Kilifi,2017,SPT50466,True,89.26,sWGA,ERR4594521,K,K_only,True,0,0,2015-2020,MalariaGEN Pf8
SPT50670,1132-PF-K1000G-DBS-KE-BEJON,Kenya,Kilifi,2017,SPT50670,True,89.78,sWGA,ERR4594680,K,K_only,True,0,0,2015-2020,MalariaGEN Pf8
SPT50671,1132-PF-K1000G-DBS-KE-BEJON,Kenya,Kilifi,2017,SPT50671,True,91.72,sWGA,ERR4609621,K,K_only,True,0,0,2015-2020,MalariaGEN Pf8
SPT50672,1132-PF-K1000G-DBS-KE-BEJON,Kenya,Kilifi,2017,SPT50672,True,91.24,sWGA,ERR4609644,K,K_only,True,0,0,2015-2020,MalariaGEN Pf8
SPT50673,1132-PF-K1000G-DBS-KE-BEJON,Kenya,Kilifi,2017,SPT50673,True,90.93,sWGA,ERR4609646,K,K_only,True,0,0,2015-2020,MalariaGEN Pf8
SPT50674,1132-PF-K1000G-DBS-KE-BEJON,Kenya,Kilifi,2017,SPT50674,True,91.17,sWGA,ERR4594712,K,K_only,True,0,0,2015-2020,MalariaGEN Pf8
SPT50675,1132-PF-K1000G-DBS-KE-BEJON,Kenya,Kilifi,2017,SPT50675,True,90.47,sWGA,ERR4609632,K,K_only,True,0,0,2015-2020,MalariaGEN Pf8
SPT50676,1132-PF-K1000G-DBS-KE-BEJON,Kenya,Kilifi,2017,SPT50676,True,91.03,sWGA,ERR4609608,K,K_only,True,0,0,2015-2020,MalariaGEN Pf8
SPT50677,1132-PF-K1000G-DBS-KE-BEJON,Kenya,Kilifi,2017,SPT50677,True,89.01,sWGA,ERR4594695,K,K_only,True,0,0,2015-2020,MalariaGEN Pf8
SPT50678,1132-PF-K1000G-DBS-KE-BEJON,Kenya,Kilifi,2017,SPT50678,True,90.87,sWGA,ERR4609619,K,K_only,True,0,0,2015-2020,MalariaGEN Pf8
SPT50679,1132-PF-K1000G-DBS-KE-BEJON,Kenya,Kilifi,2017,SPT50679,True,90.71,sWGA,ERR4594545,K,K_only,True,0,0,2015-2020,MalariaGEN Pf8
SPT50680,1132-PF-K1000G-DBS-KE-BEJON,Kenya,Kilifi,2017,SPT50680,True,91.43,sWGA,ERR4609648,K,K_only,True,0,0,2015-2020,MalariaGEN Pf8
SPT50681,1132-PF-K1000G-DBS-KE-BEJON,Kenya,Kilifi,2017,SPT50681,True,91.66,sWGA,ERR4609639,K,K_only,True,0,0,2015-2020,MalariaGEN Pf8
SPT50682,1132-PF-K1000G-DBS-KE-BEJON,Kenya,Kilifi,2017,SPT50682,True,90.12,sWGA,ERR4594700,K,K_only,True,0,0,2015-2020,MalariaGEN Pf8
SPT50683,1132-PF-K1000G-DBS-KE-BEJON,Kenya,Kilifi,2017,SPT50683,True,91.63,sWGA,ERR4609615,K,K_only,True,0,0,2015-2020,MalariaGEN Pf8
SPT50684,1132-PF-K1000G-DBS-KE-BEJON,Kenya,Kilifi,2017,SPT50684,True,90.65,sWGA,ERR4594679,K,K_only,True,0,0,2015-2020,MalariaGEN Pf8
SPT50685,1132-PF-K1000G-DBS-KE-BEJON,Kenya,Kilifi,2017,SPT50685,True,89.53,sWGA,ERR4609629,K,K_only,True,0,0,2015-2020,MalariaGEN Pf8
SPT50686,1132-PF-K1000G-DBS-KE-BEJON,Kenya,Kilifi,2017,SPT50686,True,91.47,sWGA,ERR4609620,K,K_only,True,0,0,2015-2020,MalariaGEN Pf8
SPT50687,1132-PF-K1000G-DBS-KE-BEJON,Kenya,Kilifi,2017,SPT50687,True,90.86,sWGA,ERR4609635,K,K_only,True,0,0,2015-2020,MalariaGEN Pf8
SPT50907,1132-PF-K1000G-DBS-KE-BEJON,Kenya,Kilifi,2017,SPT50907,True,90.95,sWGA,ERR4634342,"T,K",mixed_KT,True,1,,2015-2020,MalariaGEN Pf8
SPT50908,1132-PF-K1000G-DBS-KE-BEJON,Kenya,Kilifi,2017,SPT50908,True,91.56,sWGA,ERR4609690,T,T_only,True,1,1,2015-2020,MalariaGEN Pf8
SPT50909,1132-PF-K1000G-DBS-KE-BEJON,Kenya,Kilifi,2017,SPT50909,True,91.42,sWGA,ERR4609684,K,K_only,True,0,0,2015-2020,MalariaGEN Pf8
SPT43390,1132-PF-K1000G-DBS-KE-BEJON,Kenya,Kilifi,2018,SPT43390,True,89.18,sWGA,ERR3486399,K,K_only,True,0,0,2015-2020,MalariaGEN Pf8
SPT43391,1132-PF-K1000G-DBS-KE-BEJON,Kenya,Kilifi,2018,SPT43391,True,90.12,sWGA,ERR3486381,K,K_only,True,0,0,2015-2020,MalariaGEN Pf8
SPT50431,1132-PF-K1000G-DBS-KE-BEJON,Kenya,Kilifi,2018,SPT50431,True,90.06,sWGA,ERR4661252,K,K_only,True,0,0,2015-2020,MalariaGEN Pf8
SPT50433,1132-PF-K1000G-DBS-KE-BEJON,Kenya,Kilifi,2018,SPT50433,True,90.29,sWGA,ERR4661284,K,K_only,True,0,0,2015-2020,MalariaGEN Pf8
SPT50434,1132-PF-K1000G-DBS-KE-BEJON,Kenya,Kilifi,2018,SPT50434,True,90.71,sWGA,ERR4594532,K,K_only,True,0,0,2015-2020,MalariaGEN Pf8
SPT50435,1132-PF-K1000G-DBS-KE-BEJON,Kenya,Kilifi,2018,SPT50435,True,90.81,sWGA,ERR4594526,K,K_only,True,0,0,2015-2020,MalariaGEN Pf8
SPT50436,1132-PF-K1000G-DBS-KE-BEJON,Kenya,Kilifi,2018,SPT50436,True,91.39,sWGA,ERR4594533,K,K_only,True,0,0,2015-2020,MalariaGEN Pf8
SPT50437,1132-PF-K1000G-DBS-KE-BEJON,Kenya,Kilifi,2018,SPT50437,True,90.26,sWGA,ERR4594529,K,K_only,True,0,0,2015-2020,MalariaGEN Pf8
SPT50438,1132-PF-K1000G-DBS-KE-BEJON,Kenya,Kilifi,2018,SPT50438,True,90.88,sWGA,ERR4594517,K,K_only,True,0,0,2015-2020,MalariaGEN Pf8
SPT50440,1132-PF-K1000G-DBS-KE-BEJON,Kenya,Kilifi,2018,SPT50440,True,90.42,sWGA,ERR4594527,K,K_only,True,0,0,2015-2020,MalariaGEN Pf8
SPT50441,1132-PF-K1000G-DBS-KE-BEJON,Kenya,Kilifi,2018,SPT50441,True,90.59,sWGA,ERR4594676,K,K_only,True,0,0,2015-2020,MalariaGEN Pf8
SPT50443,1132-PF-K1000G-DBS-KE-BEJON,Kenya,Kilifi,2018,SPT50443,True,90.33,sWGA,ERR4594677,K,K_only,True,0,0,2015-2020,MalariaGEN Pf8
SPT50444,1132-PF-K1000G-DBS-KE-BEJON,Kenya,Kilifi,2018,SPT50444,True,90.62,sWGA,ERR4594515,K,K_only,True,0,0,2015-2020,MalariaGEN Pf8
SPT50445,1132-PF-K1000G-DBS-KE-BEJON,Kenya,Kilifi,2018,SPT50445,True,90.71,sWGA,ERR4661275,K,K_only,True,0,0,2015-2020,MalariaGEN Pf8
SPT50446,1132-PF-K1000G-DBS-KE-BEJON,Kenya,Kilifi,2018,SPT50446,True,90.28,sWGA,ERR4661249,K,K_only,True,0,0,2015-2020,MalariaGEN Pf8
SPT50447,1132-PF-K1000G-DBS-KE-BEJON,Kenya,Kilifi,2018,SPT50447,True,90.08,sWGA,ERR4594514,K,K_only,True,0,0,2015-2020,MalariaGEN Pf8
SPT50448,1132-PF-K1000G-DBS-KE-BEJON,Kenya,Kilifi,2018,SPT50448,True,90.4,sWGA,ERR4594511,K,K_only,True,0,0,2015-2020,MalariaGEN Pf8
SPT50449,1132-PF-K1000G-DBS-KE-BEJON,Kenya,Kilifi,2018,SPT50449,True,90.29,sWGA,ERR4661256,K,K_only,True,0,0,2015-2020,MalariaGEN Pf8
SPT50450,1132-PF-K1000G-DBS-KE-BEJON,Kenya,Kilifi,2018,SPT50450,True,90.29,sWGA,ERR4594509,K,K_only,True,0,0,2015-2020,MalariaGEN Pf8
SPT50451,1132-PF-K1000G-DBS-KE-BEJON,Kenya,Kilifi,2018,SPT50451,True,89.79,sWGA,ERR4661283,K,K_only,True,0,0,2015-2020,MalariaGEN Pf8
SPT50452,1132-PF-K1000G-DBS-KE-BEJON,Kenya,Kilifi,2018,SPT50452,True,90.77,sWGA,ERR4594525,K,K_only,True,0,0,2015-2020,MalariaGEN Pf8
SPT50453,1132-PF-K1000G-DBS-KE-BEJON,Kenya,Kilifi,2018,SPT50453,True,89.09,sWGA,ERR4594671,K,K_only,True,0,0,2015-2020,MalariaGEN Pf8
SPT50454,1132-PF-K1000G-DBS-KE-BEJON,Kenya,Kilifi,2018,SPT50454,True,90.36,sWGA,ERR4594669,K,K_only,True,0,0,2015-2020,MalariaGEN Pf8
SPT50455,1132-PF-K1000G-DBS-KE-BEJON,Kenya,Kilifi,2018,SPT50455,True,88.36,sWGA,ERR4594667,K,K_only,True,0,0,2015-2020,MalariaGEN Pf8
SPT50456,1132-PF-K1000G-DBS-KE-BEJON,Kenya,Kilifi,2018,SPT50456,True,91.05,sWGA,ERR4594524,K,K_only,True,0,0,2015-2020,MalariaGEN Pf8
SPT50457,1132-PF-K1000G-DBS-KE-BEJON,Kenya,Kilifi,2018,SPT50457,True,90.86,sWGA,ERR4594512,K,K_only,True,0,0,2015-2020,MalariaGEN Pf8
SPT50458,1132-PF-K1000G-DBS-KE-BEJON,Kenya,Kilifi,2018,SPT50458,True,91.21,sWGA,ERR4661271,K,K_only,True,0,0,2015-2020,MalariaGEN Pf8
SPT50459,1132-PF-K1000G-DBS-KE-BEJON,Kenya,Kilifi,2018,SPT50459,True,91.22,sWGA,ERR4594523,K,K_only,True,0,0,2015-2020,MalariaGEN Pf8
SPT50460,1132-PF-K1000G-DBS-KE-BEJON,Kenya,Kilifi,2018,SPT50460,True,90.88,sWGA,ERR4594534,K,K_only,True,0,0,2015-2020,MalariaGEN Pf8
SPT50461,1132-PF-K1000G-DBS-KE-BEJON,Kenya,Kilifi,2018,SPT50461,True,90.9,sWGA,ERR4661281,K,K_only,True,0,0,2015-2020,MalariaGEN Pf8
SPT50462,1132-PF-K1000G-DBS-KE-BEJON,Kenya,Kilifi,2018,SPT50462,True,89.76,sWGA,ERR4594520,K,K_only,True,0,0,2015-2020,MalariaGEN Pf8
SPT50463,1132-PF-K1000G-DBS-KE-BEJON,Kenya,Kilifi,2018,SPT50463,True,89.68,sWGA,ERR4661261,K,K_only,True,0,0,2015-2020,MalariaGEN Pf8
SPT50464,1132-PF-K1000G-DBS-KE-BEJON,Kenya,Kilifi,2018,SPT50464,True,90.43,sWGA,ERR4594510,K,K_only,True,0,0,2015-2020,MalariaGEN Pf8
SPT50465,1132-PF-K1000G-DBS-KE-BEJON,Kenya,Kilifi,2018,SPT50465,True,90.79,sWGA,ERR4661267,K,K_only,True,0,0,2015-2020,MalariaGEN Pf8
SPT50689,1132-PF-K1000G-DBS-KE-BEJON,Kenya,Kilifi,2018,SPT50689,True,90.53,sWGA,ERR4609638,K,K_only,True,0,0,2015-2020,MalariaGEN Pf8
SPT50690,1132-PF-K1000G-DBS-KE-BEJON,Kenya,Kilifi,2018,SPT50690,True,90.74,sWGA,ERR4609647,K,K_only,True,0,0,2015-2020,MalariaGEN Pf8
SPT50691,1132-PF-K1000G-DBS-KE-BEJON,Kenya,Kilifi,2018,SPT50691,True,90.32,sWGA,ERR4594543,K,K_only,True,0,0,2015-2020,MalariaGEN Pf8
SPT50692,1132-PF-K1000G-DBS-KE-BEJON,Kenya,Kilifi,2018,SPT50692,True,90.29,sWGA,ERR4594703,K,K_only,True,0,0,2015-2020,MalariaGEN Pf8
SPT50693,1132-PF-K1000G-DBS-KE-BEJON,Kenya,Kilifi,2018,SPT50693,True,90.33,sWGA,ERR4609618,K,K_only,True,0,0,2015-2020,MalariaGEN Pf8
SPT50694,1132-PF-K1000G-DBS-KE-BEJON,Kenya,Kilifi,2018,SPT50694,True,90.92,sWGA,ERR4594546,K,K_only,True,0,0,2015-2020,MalariaGEN Pf8
SPT50699,1132-PF-K1000G-DBS-KE-BEJON,Kenya,Kilifi,2018,SPT50699,True,87.43,sWGA,ERR4609835,K,K_only,True,0,0,2015-2020,MalariaGEN Pf8
SPT50763,1132-PF-K1000G-DBS-KE-BEJON,Kenya,Kilifi,2018,SPT50763,True,90.54,sWGA,ERR4609906,"K,T",mixed_KT,True,1,,2015-2020,MalariaGEN Pf8
SPT50764,1132-PF-K1000G-DBS-KE-BEJON,Kenya,Kilifi,2018,SPT50764,True,90.2,sWGA,ERR4609908,K,K_only,True,0,0,2015-2020,MalariaGEN Pf8
SPT50765,1132-PF-K1000G-DBS-KE-BEJON,Kenya,Kilifi,2018,SPT50765,True,89.85,sWGA,ERR4609932,K,K_only,True,0,0,2015-2020,MalariaGEN Pf8
SPT50766,1132-PF-K1000G-DBS-KE-BEJON,Kenya,Kilifi,2018,SPT50766,True,89.89,sWGA,ERR4609928,T,T_only,True,1,1,2015-2020,MalariaGEN Pf8
SPT50767,1132-PF-K1000G-DBS-KE-BEJON,Kenya,Kilifi,2018,SPT50767,True,90.4,sWGA,ERR4609902,"T,K",mixed_KT,True,1,,2015-2020,MalariaGEN Pf8
SPT50768,1132-PF-K1000G-DBS-KE-BEJON,Kenya,Kilifi,2018,SPT50768,True,89.66,sWGA,ERR4609841,K,K_only,True,0,0,2015-2020,MalariaGEN Pf8
SPT50769,1132-PF-K1000G-DBS-KE-BEJON,Kenya,Kilifi,2018,SPT50769,True,89.87,sWGA,ERR4609924,K,K_only,True,0,0,2015-2020,MalariaGEN Pf8
SPT50770,1132-PF-K1000G-DBS-KE-BEJON,Kenya,Kilifi,2018,SPT50770,True,90.17,sWGA,ERR4609901,"T,K",mixed_KT,True,1,,2015-2020,MalariaGEN Pf8
SPT50771,1132-PF-K1000G-DBS-KE-BEJON,Kenya,Kilifi,2018,SPT50771,True,85.07,sWGA,ERR4609886,K,K_only,True,0,0,2015-2020,MalariaGEN Pf8
SPT50772,1132-PF-K1000G-DBS-KE-BEJON,Kenya,Kilifi,2018,SPT50772,True,89.94,sWGA,ERR4609883,K,K_only,True,0,0,2015-2020,MalariaGEN Pf8
SPT50773,1132-PF-K1000G-DBS-KE-BEJON,Kenya,Kilifi,2018,SPT50773,True,89.93,sWGA,ERR4609910,T,T_only,True,1,1,2015-2020,MalariaGEN Pf8
SPT50774,1132-PF-K1000G-DBS-KE-BEJON,Kenya,Kilifi,2018,SPT50774,True,89.7,sWGA,ERR4609912,K,K_only,True,0,0,2015-2020,MalariaGEN Pf8
SPT50775,1132-PF-K1000G-DBS-KE-BEJON,Kenya,Kilifi,2018,SPT50775,True,90.05,sWGA,ERR4609831,K,K_only,True,0,0,2015-2020,MalariaGEN Pf8
SPT50776,1132-PF-K1000G-DBS-KE-BEJON,Kenya,Kilifi,2018,SPT50776,True,89.88,sWGA,ERR4609830,K,K_only,True,0,0,2015-2020,MalariaGEN Pf8
SPT50777,1132-PF-K1000G-DBS-KE-BEJON,Kenya,Kilifi,2018,SPT50777,True,89.44,sWGA,ERR4609826,K,K_only,True,0,0,2015-2020,MalariaGEN Pf8
SPT50778,1132-PF-K1000G-DBS-KE-BEJON,Kenya,Kilifi,2018,SPT50778,True,89.62,sWGA,ERR4609827,K,K_only,True,0,0,2015-2020,MalariaGEN Pf8
SPT50779,1132-PF-K1000G-DBS-KE-BEJON,Kenya,Kilifi,2018,SPT50779,True,89.78,sWGA,ERR4609825,"K,T",mixed_KT,True,1,,2015-2020,MalariaGEN Pf8
SPT50780,1132-PF-K1000G-DBS-KE-BEJON,Kenya,Kilifi,2018,SPT50780,True,90.24,sWGA,ERR4609880,"K,T",mixed_KT,True,1,,2015-2020,MalariaGEN Pf8
SPT50781,1132-PF-K1000G-DBS-KE-BEJON,Kenya,Kilifi,2018,SPT50781,True,89.14,sWGA,ERR4609920,K,K_only,True,0,0,2015-2020,MalariaGEN Pf8
SPT50783,1132-PF-K1000G-DBS-KE-BEJON,Kenya,Kilifi,2018,SPT50783,True,90.16,sWGA,ERR4609896,"T,K",mixed_KT,True,1,,2015-2020,MalariaGEN Pf8
SPT50910,1132-PF-K1000G-DBS-KE-BEJON,Kenya,Kilifi,2018,SPT50910,True,90.71,sWGA,ERR4634329,T,T_only,True,1,1,2015-2020,MalariaGEN Pf8
SPT50911,1132-PF-K1000G-DBS-KE-BEJON,Kenya,Kilifi,2018,SPT50911,True,90.0,sWGA,ERR4594718,K,K_only,True,0,0,2015-2020,MalariaGEN Pf8
SPT50912,1132-PF-K1000G-DBS-KE-BEJON,Kenya,Kilifi,2018,SPT50912,True,89.97,sWGA,ERR4609651,K,K_only,True,0,0,2015-2020,MalariaGEN Pf8
SPT50913,1132-PF-K1000G-DBS-KE-BEJON,Kenya,Kilifi,2018,SPT50913,True,90.58,sWGA,ERR4609666,K,K_only,True,0,0,2015-2020,MalariaGEN Pf8
SPT50914,1132-PF-K1000G-DBS-KE-BEJON,Kenya,Kilifi,2018,SPT50914,True,90.49,sWGA,ERR4609654,K,K_only,True,0,0,2015-2020,MalariaGEN Pf8
SPT50915,1132-PF-K1000G-DBS-KE-BEJON,Kenya,Kilifi,2018,SPT50915,True,90.96,sWGA,ERR4609687,K,K_only,True,0,0,2015-2020,MalariaGEN Pf8
SPT50916,1132-PF-K1000G-DBS-KE-BEJON,Kenya,Kilifi,2018,SPT50916,True,90.3,sWGA,ERR4609670,K,K_only,True,0,0,2015-2020,MalariaGEN Pf8
SPT50917,1132-PF-K1000G-DBS-KE-BEJON,Kenya,Kilifi,2018,SPT50917,True,90.75,sWGA,ERR4609694,T,T_only,True,1,1,2015-2020,MalariaGEN Pf8
SPT50918,1132-PF-K1000G-DBS-KE-BEJON,Kenya,Kilifi,2018,SPT50918,True,90.94,sWGA,ERR4609663,K,K_only,True,0,0,2015-2020,MalariaGEN Pf8
SPT50946,1132-PF-K1000G-DBS-KE-BEJON,Kenya,Kilifi,2018,SPT50946,True,90.6,sWGA,ERR4634326,K,K_only,True,0,0,2015-2020,MalariaGEN Pf8
SPT50948,1132-PF-K1000G-DBS-KE-BEJON,Kenya,Kilifi,2018,SPT50948,True,90.09,sWGA,ERR4609659,K,K_only,True,0,0,2015-2020,MalariaGEN Pf8
SPT50949,1132-PF-K1000G-DBS-KE-BEJON,Kenya,Kilifi,2018,SPT50949,True,91.48,sWGA,ERR4609677,K,K_only,True,0,0,2015-2020,MalariaGEN Pf8
SPT50950,1132-PF-K1000G-DBS-KE-BEJON,Kenya,Kilifi,2018,SPT50950,True,91.58,sWGA,ERR4609682,K,K_only,True,0,0,2015-2020,MalariaGEN Pf8
SPT50951,1132-PF-K1000G-DBS-KE-BEJON,Kenya,Kilifi,2018,SPT50951,True,91.1,sWGA,ERR4609657,"K,T",mixed_KT,True,1,,2015-2020,MalariaGEN Pf8
SPT50952,1132-PF-K1000G-DBS-KE-BEJON,Kenya,Kilifi,2018,SPT50952,True,90.97,sWGA,ERR4609679,K,K_only,True,0,0,2015-2020,MalariaGEN Pf8
SPT50953,1132-PF-K1000G-DBS-KE-BEJON,Kenya,Kilifi,2018,SPT50953,True,91.62,sWGA,ERR4609689,K,K_only,True,0,0,2015-2020,MalariaGEN Pf8
SPT50954,1132-PF-K1000G-DBS-KE-BEJON,Kenya,Kilifi,2018,SPT50954,True,91.53,sWGA,ERR4609685,K,K_only,True,0,0,2015-2020,MalariaGEN Pf8
SPT50955,1132-PF-K1000G-DBS-KE-BEJON,Kenya,Kilifi,2018,SPT50955,True,91.08,sWGA,ERR4609673,K,K_only,True,0,0,2015-2020,MalariaGEN Pf8
SPT50956,1132-PF-K1000G-DBS-KE-BEJON,Kenya,Kilifi,2018,SPT50956,True,91.49,sWGA,ERR4609692,K,K_only,True,0,0,2015-2020,MalariaGEN Pf8
SPT53686,1262-PF-KE-DONDORP-SM,Kenya,Kilifi,2018,"SPT53686,SPT53687",True,88.81,sWGA,ERR5839266,K,K_only,True,0,0,2015-2020,MalariaGEN Pf8
SPT53688,1262-PF-KE-DONDORP-SM,Kenya,Kilifi,2018,SPT53688,True,88.67,sWGA,ERR5839295,K,K_only,True,0,0,2015-2020,MalariaGEN Pf8
SPT53689,1262-PF-KE-DONDORP-SM,Kenya,Kilifi,2018,SPT53689,True,87.98,sWGA,ERR5839261,K,K_only,True,0,0,2015-2020,MalariaGEN Pf8
SPT53690,1262-PF-KE-DONDORP-SM,Kenya,Kilifi,2018,"SPT53690,SPT53691",True,86.09,sWGA,ERR5839335,K,K_only,True,0,0,2015-2020,MalariaGEN Pf8
SPT53692,1262-PF-KE-DONDORP-SM,Kenya,Kilifi,2018,SPT53692,True,88.08,sWGA,ERR5839309,K,K_only,True,0,0,2015-2020,MalariaGEN Pf8
SPT53693,1262-PF-KE-DONDORP-SM,Kenya,Kilifi,2018,SPT53693,True,89.08,sWGA,ERR5839317,K,K_only,True,0,0,2015-2020,MalariaGEN Pf8
SPT53694,1262-PF-KE-DONDORP-SM,Kenya,Kilifi,2018,SPT53694,True,87.52,sWGA,ERR5839277,K,K_only,True,0,0,2015-2020,MalariaGEN Pf8
SPT53695,1262-PF-KE-DONDORP-SM,Kenya,Kilifi,2018,SPT53695,True,87.15,sWGA,ERR5839299,K,K_only,True,0,0,2015-2020,MalariaGEN Pf8
SPT53696,1262-PF-KE-DONDORP-SM,Kenya,Kilifi,2018,SPT53696,True,87.9,sWGA,ERR5839339,K,K_only,True,0,0,2015-2020,MalariaGEN Pf8
SPT53697,1262-PF-KE-DONDORP-SM,Kenya,Kilifi,2018,SPT53697,True,88.81,sWGA,ERR5839293,K,K_only,True,0,0,2015-2020,MalariaGEN Pf8
SPT53698,1262-PF-KE-DONDORP-SM,Kenya,Kilifi,2018,"SPT53698,SPT53699",True,89.72,sWGA,ERR5839270,K,K_only,True,0,0,2015-2020,MalariaGEN Pf8
SPT53700,1262-PF-KE-DONDORP-SM,Kenya,Kilifi,2018,"SPT53700,SPT53701",True,87.97,sWGA,ERR5839341,K,K_only,True,0,0,2015-2020,MalariaGEN Pf8
SPT53703,1262-PF-KE-DONDORP-SM,Kenya,Kilifi,2018,"SPT53702,SPT53703",True,88.56,sWGA,ERR5839319,K,K_only,True,0,0,2015-2020,MalariaGEN Pf8
SPT53704,1262-PF-KE-DONDORP-SM,Kenya,Kilifi,2018,SPT53704,True,87.13,sWGA,ERR5839303,K,K_only,True,0,0,2015-2020,MalariaGEN Pf8
SPT53705,1262-PF-KE-DONDORP-SM,Kenya,Kilifi,2018,SPT53705,True,86.32,sWGA,ERR5839304,K,K_only,True,0,0,2015-2020,MalariaGEN Pf8
SPT53706,1262-PF-KE-DONDORP-SM,Kenya,Kilifi,2018,SPT53706,True,88.57,sWGA,ERR5839267,K,K_only,True,0,0,2015-2020,MalariaGEN Pf8
SPT53707,1262-PF-KE-DONDORP-SM,Kenya,Kilifi,2018,SPT53707,True,89.07,sWGA,ERR5839329,K,K_only,True,0,0,2015-2020,MalariaGEN Pf8
SPT53708,1262-PF-KE-DONDORP-SM,Kenya,Kilifi,2018,SPT53708,True,88.04,sWGA,ERR5839336,K,K_only,True,0,0,2015-2020,MalariaGEN Pf8
SPT53709,1262-PF-KE-DONDORP-SM,Kenya,Kilifi,2018,"SPT53709,SPT53710",True,89.11,sWGA,ERR5839316,K,K_only,True,0,0,2015-2020,MalariaGEN Pf8
SPT53711,1262-PF-KE-DONDORP-SM,Kenya,Kilifi,2018,SPT53711,True,89.52,sWGA,ERR5839328,K,K_only,True,0,0,2015-2020,MalariaGEN Pf8
SPT53712,1262-PF-KE-DONDORP-SM,Kenya,Kilifi,2018,"SPT53712,SPT53713",True,88.62,sWGA,ERR5839331,K,K_only,True,0,0,2015-2020,MalariaGEN Pf8
SPT53714,1262-PF-KE-DONDORP-SM,Kenya,Kilifi,2018,SPT53714,True,87.92,sWGA,ERR5839334,K,K_only,True,0,0,2015-2020,MalariaGEN Pf8
SPT53715,1262-PF-KE-DONDORP-SM,Kenya,Kilifi,2018,SPT53715,True,88.42,sWGA,ERR5839322,K,K_only,True,0,0,2015-2020,MalariaGEN Pf8
SPT53717,1262-PF-KE-DONDORP-SM,Kenya,Kilifi,2018,"SPT53716,SPT53717",True,88.67,sWGA,ERR5839311,K,K_only,True,0,0,2015-2020,MalariaGEN Pf8
SPT53718,1262-PF-KE-DONDORP-SM,Kenya,Kilifi,2018,SPT53718,True,88.47,sWGA,ERR5839282,K,K_only,True,0,0,2015-2020,MalariaGEN Pf8
SPT53719,1262-PF-KE-DONDORP-SM,Kenya,Kilifi,2018,SPT53719,True,89.15,sWGA,ERR5839294,K,K_only,True,0,0,2015-2020,MalariaGEN Pf8
SPT53720,1262-PF-KE-DONDORP-SM,Kenya,Kilifi,2018,SPT53720,True,89.13,sWGA,ERR5839288,K,K_only,True,0,0,2015-2020,MalariaGEN Pf8
SPT53722,1262-PF-KE-DONDORP-SM,Kenya,Kilifi,2018,"SPT53721,SPT53722",True,89.1,sWGA,ERR5839278,K,K_only,True,0,0,2015-2020,MalariaGEN Pf8
SPT53723,1262-PF-KE-DONDORP-SM,Kenya,Kilifi,2018,SPT53723,True,89.68,sWGA,ERR5839274,K,K_only,True,0,0,2015-2020,MalariaGEN Pf8
SPT53724,1262-PF-KE-DONDORP-SM,Kenya,Kilifi,2018,"SPT53724,SPT53725",True,89.85,sWGA,ERR5839305,K,K_only,True,0,0,2015-2020,MalariaGEN Pf8
SPT53726,1262-PF-KE-DONDORP-SM,Kenya,Kilifi,2018,SPT53726,True,81.69,sWGA,ERR5839258,K,K_only,True,0,0,2015-2020,MalariaGEN Pf8
SPT53727,1262-PF-KE-DONDORP-SM,Kenya,Kilifi,2018,SPT53727,True,87.83,sWGA,ERR5839306,K,K_only,True,0,0,2015-2020,MalariaGEN Pf8
SPT53728,1262-PF-KE-DONDORP-SM,Kenya,Kilifi,2018,SPT53728,True,88.74,sWGA,ERR5839308,K,K_only,True,0,0,2015-2020,MalariaGEN Pf8
SPT53729,1262-PF-KE-DONDORP-SM,Kenya,Kilifi,2018,"SPT53729,SPT53730",True,88.86,sWGA,ERR5839300,K,K_only,True,0,0,2015-2020,MalariaGEN Pf8
SPT53731,1262-PF-KE-DONDORP-SM,Kenya,Kilifi,2018,SPT53731,True,85.63,sWGA,ERR5839314,K,K_only,True,0,0,2015-2020,MalariaGEN Pf8
SPT53732,1262-PF-KE-DONDORP-SM,Kenya,Kilifi,2018,SPT53732,True,87.82,sWGA,ERR5839297,K,K_only,True,0,0,2015-2020,MalariaGEN Pf8
SPT53733,1262-PF-KE-DONDORP-SM,Kenya,Kilifi,2018,SPT53733,True,88.46,sWGA,ERR5839302,K,K_only,True,0,0,2015-2020,MalariaGEN Pf8
SPT53734,1262-PF-KE-DONDORP-SM,Kenya,Kilifi,2018,"SPT53734,SPT53735",True,88.86,sWGA,ERR5839292,K,K_only,True,0,0,2015-2020,MalariaGEN Pf8
SPT53736,1262-PF-KE-DONDORP-SM,Kenya,Kilifi,2018,SPT53736,True,88.9,sWGA,ERR5839307,K,K_only,True,0,0,2015-2020,MalariaGEN Pf8
SPT53737,1262-PF-KE-DONDORP-SM,Kenya,Kilifi,2018,SPT53737,True,86.69,sWGA,ERR5839330,K,K_only,True,0,0,2015-2020,MalariaGEN Pf8
SPT53738,1262-PF-KE-DONDORP-SM,Kenya,Kilifi,2018,SPT53738,True,88.13,sWGA,ERR5839312,K,K_only,True,0,0,2015-2020,MalariaGEN Pf8
SPT53739,1262-PF-KE-DONDORP-SM,Kenya,Kilifi,2018,"SPT53739,SPT53740",True,88.4,sWGA,ERR5839323,K,K_only,True,0,0,2015-2020,MalariaGEN Pf8
SPT53741,1262-PF-KE-DONDORP-SM,Kenya,Kilifi,2018,SPT53741,True,88.84,sWGA,ERR5839301,K,K_only,True,0,0,2015-2020,MalariaGEN Pf8
SPT53743,1262-PF-KE-DONDORP-SM,Kenya,Kilifi,2018,"SPT53742,SPT53743",True,88.76,sWGA,ERR5839287,K,K_only,True,0,0,2015-2020,MalariaGEN Pf8
SPT53744,1262-PF-KE-DONDORP-SM,Kenya,Kilifi,2018,SPT53744,True,89.45,sWGA,ERR5839256,K,K_only,True,0,0,2015-2020,MalariaGEN Pf8
SPT53745,1262-PF-KE-DONDORP-SM,Kenya,Kilifi,2018,SPT53745,True,89.29,sWGA,ERR5839263,K,K_only,True,0,0,2015-2020,MalariaGEN Pf8
SPT53746,1262-PF-KE-DONDORP-SM,Kenya,Kilifi,2018,SPT53746,True,87.49,sWGA,ERR5839321,K,K_only,True,0,0,2015-2020,MalariaGEN Pf8
SPT53747,1262-PF-KE-DONDORP-SM,Kenya,Kilifi,2018,SPT53747,True,87.12,sWGA,ERR5839340,K,K_only,True,0,0,2015-2020,MalariaGEN Pf8
SPT53748,1262-PF-KE-DONDORP-SM,Kenya,Kilifi,2018,"SPT53748,SPT53749",True,87.44,sWGA,ERR5839333,K,K_only,True,0,0,2015-2020,MalariaGEN Pf8
SPT53750,1262-PF-KE-DONDORP-SM,Kenya,Kilifi,2018,"SPT53750,SPT53751",True,88.89,sWGA,ERR5839262,K,K_only,True,0,0,2015-2020,MalariaGEN Pf8
SPT53752,1262-PF-KE-DONDORP-SM,Kenya,Kilifi,2018,SPT53752,True,88.6,sWGA,ERR5839269,K,K_only,True,0,0,2015-2020,MalariaGEN Pf8
SPT53753,1262-PF-KE-DONDORP-SM,Kenya,Kilifi,2018,SPT53753,True,89.29,sWGA,ERR5839281,K,K_only,True,0,0,2015-2020,MalariaGEN Pf8
SPT53754,1262-PF-KE-DONDORP-SM,Kenya,Kilifi,2018,SPT53754,True,87.34,sWGA,ERR5839324,K,K_only,True,0,0,2015-2020,MalariaGEN Pf8
SPT53755,1262-PF-KE-DONDORP-SM,Kenya,Kilifi,2018,SPT53755,True,86.72,sWGA,ERR5839284,K,K_only,True,0,0,2015-2020,MalariaGEN Pf8
SPT53756,1262-PF-KE-DONDORP-SM,Kenya,Kilifi,2018,SPT53756,True,88.51,sWGA,ERR5839285,K,K_only,True,0,0,2015-2020,MalariaGEN Pf8
SPT53758,1262-PF-KE-DONDORP-SM,Kenya,Kilifi,2018,SPT53758,True,89.02,sWGA,ERR5839253,K,K_only,True,0,0,2015-2020,MalariaGEN Pf8
SPT53759,1262-PF-KE-DONDORP-SM,Kenya,Kilifi,2018,SPT53759,True,88.65,sWGA,ERR5839257,K,K_only,True,0,0,2015-2020,MalariaGEN Pf8
SPT53760,1262-PF-KE-DONDORP-SM,Kenya,Kilifi,2018,SPT53760,True,85.62,sWGA,ERR5839286,K,K_only,True,0,0,2015-2020,MalariaGEN Pf8
SPT53761,1262-PF-KE-DONDORP-SM,Kenya,Kilifi,2018,SPT53761,True,86.79,sWGA,ERR5839337,K,K_only,True,0,0,2015-2020,MalariaGEN Pf8
SPT53762,1262-PF-KE-DONDORP-SM,Kenya,Kilifi,2018,SPT53762,True,89.16,sWGA,ERR5839265,K,K_only,True,0,0,2015-2020,MalariaGEN Pf8
SPT53763,1262-PF-KE-DONDORP-SM,Kenya,Kilifi,2018,SPT53763,True,88.64,sWGA,ERR5839272,K,K_only,True,0,0,2015-2020,MalariaGEN Pf8
SPT53764,1262-PF-KE-DONDORP-SM,Kenya,Kilifi,2018,SPT53764,True,88.01,sWGA,ERR5839291,K,K_only,True,0,0,2015-2020,MalariaGEN Pf8
SPT53765,1262-PF-KE-DONDORP-SM,Kenya,Kilifi,2018,SPT53765,True,88.89,sWGA,ERR5839289,K,K_only,True,0,0,2015-2020,MalariaGEN Pf8
SPT53766,1262-PF-KE-DONDORP-SM,Kenya,Kilifi,2018,SPT53766,True,87.68,sWGA,ERR5839255,K,K_only,True,0,0,2015-2020,MalariaGEN Pf8
SPT53767,1262-PF-KE-DONDORP-SM,Kenya,Kilifi,2018,"SPT53767,SPT53768",True,88.22,sWGA,ERR5839271,K,K_only,True,0,0,2015-2020,MalariaGEN Pf8
SPT53769,1262-PF-KE-DONDORP-SM,Kenya,Kilifi,2018,SPT53769,True,85.15,sWGA,ERR5839326,K,K_only,True,0,0,2015-2020,MalariaGEN Pf8
SPT53770,1262-PF-KE-DONDORP-SM,Kenya,Kilifi,2018,SPT53770,True,89.3,sWGA,ERR5839259,K,K_only,True,0,0,2015-2020,MalariaGEN Pf8
SPT53771,1262-PF-KE-DONDORP-SM,Kenya,Kilifi,2018,SPT53771,True,86.79,sWGA,ERR5839275,K,K_only,True,0,0,2015-2020,MalariaGEN Pf8
SPT53772,1262-PF-KE-DONDORP-SM,Kenya,Kilifi,2018,"SPT53772,SPT53773",True,88.05,sWGA,ERR5839283,K,K_only,True,0,0,2015-2020,MalariaGEN Pf8
SPT53774,1262-PF-KE-DONDORP-SM,Kenya,Kilifi,2018,SPT53774,True,87.29,sWGA,ERR5839268,K,K_only,True,0,0,2015-2020,MalariaGEN Pf8
SPT53775,1262-PF-KE-DONDORP-SM,Kenya,Kilifi,2018,"SPT53775,SPT53776",True,87.23,sWGA,ERR5839338,K,K_only,True,0,0,2015-2020,MalariaGEN Pf8
SPT53777,1262-PF-KE-DONDORP-SM,Kenya,Kilifi,2018,SPT53777,True,89.03,sWGA,ERR5839448,K,K_only,True,0,0,2015-2020,MalariaGEN Pf8
SPT53778,1262-PF-KE-DONDORP-SM,Kenya,Kilifi,2018,"SPT53778,SPT53779",True,85.72,sWGA,ERR5839414,K,K_only,True,0,0,2015-2020,MalariaGEN Pf8
SPT53780,1262-PF-KE-DONDORP-SM,Kenya,Kilifi,2018,SPT53780,True,82.23,sWGA,ERR5839442,K,K_only,True,0,0,2015-2020,MalariaGEN Pf8
SPT53781,1262-PF-KE-DONDORP-SM,Kenya,Kilifi,2018,"SPT53781,SPT53782",True,88.89,sWGA,ERR5839493,K,K_only,True,0,0,2015-2020,MalariaGEN Pf8
SPT53783,1262-PF-KE-DONDORP-SM,Kenya,Kilifi,2018,SPT53783,True,89.43,sWGA,ERR5839417,K,K_only,True,0,0,2015-2020,MalariaGEN Pf8
SPT53784,1262-PF-KE-DONDORP-SM,Kenya,Kilifi,2018,SPT53784,True,88.32,sWGA,ERR5839503,K,K_only,True,0,0,2015-2020,MalariaGEN Pf8
SPT53785,1262-PF-KE-DONDORP-SM,Kenya,Kilifi,2018,SPT53785,True,88.75,sWGA,ERR5839444,K,K_only,True,0,0,2015-2020,MalariaGEN Pf8
SPT53786,1262-PF-KE-DONDORP-SM,Kenya,Kilifi,2018,SPT53786,True,89.18,sWGA,ERR5839422,K,K_only,True,0,0,2015-2020,MalariaGEN Pf8
SPT53787,1262-PF-KE-DONDORP-SM,Kenya,Kilifi,2018,SPT53787,True,85.05,sWGA,ERR5839461,K,K_only,True,0,0,2015-2020,MalariaGEN Pf8
SPT53788,1262-PF-KE-DONDORP-SM,Kenya,Kilifi,2018,SPT53788,True,89.15,sWGA,ERR5839502,K,K_only,True,0,0,2015-2020,MalariaGEN Pf8
SPT53790,1262-PF-KE-DONDORP-SM,Kenya,Kilifi,2018,"SPT53789,SPT53790",True,88.86,sWGA,ERR5839425,K,K_only,True,0,0,2015-2020,MalariaGEN Pf8
SPT53791,1262-PF-KE-DONDORP-SM,Kenya,Kilifi,2018,SPT53791,True,86.61,sWGA,ERR5839499,K,K_only,True,0,0,2015-2020,MalariaGEN Pf8
SPT53792,1262-PF-KE-DONDORP-SM,Kenya,Kilifi,2018,SPT53792,True,88.23,sWGA,ERR5839489,K,K_only,True,0,0,2015-2020,MalariaGEN Pf8
SPT53793,1262-PF-KE-DONDORP-SM,Kenya,Kilifi,2018,"SPT53793,SPT53794",True,88.96,sWGA,ERR5839458,K,K_only,True,0,0,2015-2020,MalariaGEN Pf8
SPT53795,1262-PF-KE-DONDORP-SM,Kenya,Kilifi,2018,SPT53795,True,88.08,sWGA,ERR5839457,K,K_only,True,0,0,2015-2020,MalariaGEN Pf8
SPT53796,1262-PF-KE-DONDORP-SM,Kenya,Kilifi,2018,SPT53796,True,89.76,sWGA,ERR5839433,K,K_only,True,0,0,2015-2020,MalariaGEN Pf8
SPT53797,1262-PF-KE-DONDORP-SM,Kenya,Kilifi,2018,"SPT53797,SPT53798",True,89.6,sWGA,ERR5839453,K,K_only,True,0,0,2015-2020,MalariaGEN Pf8
SPT53799,1262-PF-KE-DONDORP-SM,Kenya,Kilifi,2018,SPT53799,True,88.45,sWGA,ERR5839471,K,K_only,True,0,0,2015-2020,MalariaGEN Pf8
SPT53800,1262-PF-KE-DONDORP-SM,Kenya,Kilifi,2018,SPT53800,True,88.19,sWGA,ERR5839491,K,K_only,True,0,0,2015-2020,MalariaGEN Pf8
SPT53801,1262-PF-KE-DONDORP-SM,Kenya,Kilifi,2018,SPT53801,True,89.62,sWGA,ERR5839451,K,K_only,True,0,0,2015-2020,MalariaGEN Pf8
SPT53802,1262-PF-KE-DONDORP-SM,Kenya,Kilifi,2018,SPT53802,True,89.39,sWGA,ERR5839460,K,K_only,True,0,0,2015-2020,MalariaGEN Pf8
SPT53803,1262-PF-KE-DONDORP-SM,Kenya,Kilifi,2018,SPT53803,True,89.37,sWGA,ERR5839428,"T,K",mixed_KT,True,1,,2015-2020,MalariaGEN Pf8
SPT53804,1262-PF-KE-DONDORP-SM,Kenya,Kilifi,2018,SPT53804,True,88.77,sWGA,ERR5839464,K,K_only,True,0,0,2015-2020,MalariaGEN Pf8
SPT53805,1262-PF-KE-DONDORP-SM,Kenya,Kilifi,2018,SPT53805,True,88.57,sWGA,ERR5839419,K,K_only,True,0,0,2015-2020,MalariaGEN Pf8
SPT53806,1262-PF-KE-DONDORP-SM,Kenya,Kilifi,2018,SPT53806,True,88.73,sWGA,ERR5839420,K,K_only,True,0,0,2015-2020,MalariaGEN Pf8
SPT53807,1262-PF-KE-DONDORP-SM,Kenya,Kilifi,2018,SPT53807,True,88.59,sWGA,ERR5839495,K,K_only,True,0,0,2015-2020,MalariaGEN Pf8
SPT53809,1262-PF-KE-DONDORP-SM,Kenya,Kilifi,2018,SPT53809,True,89.38,sWGA,ERR5839450,K,K_only,True,0,0,2015-2020,MalariaGEN Pf8
SPT53810,1262-PF-KE-DONDORP-SM,Kenya,Kilifi,2018,"SPT53810,SPT53811",True,89.02,sWGA,ERR5839486,K,K_only,True,0,0,2015-2020,MalariaGEN Pf8
SPT53813,1262-PF-KE-DONDORP-SM,Kenya,Kilifi,2018,"SPT53812,SPT53813",True,88.38,sWGA,ERR5839500,K,K_only,True,0,0,2015-2020,MalariaGEN Pf8
SPT53814,1262-PF-KE-DONDORP-SM,Kenya,Kilifi,2018,SPT53814,True,89.25,sWGA,ERR5839418,K,K_only,True,0,0,2015-2020,MalariaGEN Pf8
SPT53815,1262-PF-KE-DONDORP-SM,Kenya,Kilifi,2018,"SPT53815,SPT53816",True,89.67,sWGA,ERR5839470,K,K_only,True,0,0,2015-2020,MalariaGEN Pf8
SPT53817,1262-PF-KE-DONDORP-SM,Kenya,Kilifi,2018,"SPT53817,SPT53818",True,89.18,sWGA,ERR5839487,K,K_only,True,0,0,2015-2020,MalariaGEN Pf8
SPT53819,1262-PF-KE-DONDORP-SM,Kenya,Kilifi,2018,SPT53819,True,88.29,sWGA,ERR5839463,K,K_only,True,0,0,2015-2020,MalariaGEN Pf8
SPT53821,1262-PF-KE-DONDORP-SM,Kenya,Kilifi,2018,"SPT53820,SPT53821",True,90.13,sWGA,ERR5839421,K,K_only,True,0,0,2015-2020,MalariaGEN Pf8
SPT53822,1262-PF-KE-DONDORP-SM,Kenya,Kilifi,2018,SPT53822,True,89.8,sWGA,ERR5839474,K,K_only,True,0,0,2015-2020,MalariaGEN Pf8
SPT53823,1262-PF-KE-DONDORP-SM,Kenya,Kilifi,2018,SPT53823,True,88.98,sWGA,ERR5839477,K,K_only,True,0,0,2015-2020,MalariaGEN Pf8
SPT53824,1262-PF-KE-DONDORP-SM,Kenya,Kilifi,2018,SPT53824,True,84.15,sWGA,ERR5839436,K,K_only,True,0,0,2015-2020,MalariaGEN Pf8
SPT53825,1262-PF-KE-DONDORP-SM,Kenya,Kilifi,2018,SPT53825,True,88.82,sWGA,ERR5839468,K,K_only,True,0,0,2015-2020,MalariaGEN Pf8
SPT53826,1262-PF-KE-DONDORP-SM,Kenya,Kilifi,2018,SPT53826,True,88.6,sWGA,ERR5839430,K,K_only,True,0,0,2015-2020,MalariaGEN Pf8
SPT53827,1262-PF-KE-DONDORP-SM,Kenya,Kilifi,2018,SPT53827,True,85.87,sWGA,ERR5839423,K,K_only,True,0,0,2015-2020,MalariaGEN Pf8
SPT53828,1262-PF-KE-DONDORP-SM,Kenya,Kilifi,2018,SPT53828,True,87.04,sWGA,ERR5839415,K,K_only,True,0,0,2015-2020,MalariaGEN Pf8
SPT53829,1262-PF-KE-DONDORP-SM,Kenya,Kilifi,2018,SPT53829,True,88.21,sWGA,ERR5839497,K,K_only,True,0,0,2015-2020,MalariaGEN Pf8
SPT53830,1262-PF-KE-DONDORP-SM,Kenya,Kilifi,2018,"SPT53830,SPT53831",True,90.01,sWGA,ERR5839478,K,K_only,True,0,0,2015-2020,MalariaGEN Pf8
SPT53832,1262-PF-KE-DONDORP-SM,Kenya,Kilifi,2018,SPT53832,True,88.96,sWGA,ERR5839432,K,K_only,True,0,0,2015-2020,MalariaGEN Pf8
SPT53833,1262-PF-KE-DONDORP-SM,Kenya,Kilifi,2018,SPT53833,True,89.23,sWGA,ERR5839475,K,K_only,True,0,0,2015-2020,MalariaGEN Pf8
SPT53834,1262-PF-KE-DONDORP-SM,Kenya,Kilifi,2018,SPT53834,True,89.22,sWGA,ERR5839481,K,K_only,True,0,0,2015-2020,MalariaGEN Pf8
SPT53836,1262-PF-KE-DONDORP-SM,Kenya,Kilifi,2018,"SPT53835,SPT53836",True,88.83,sWGA,ERR5839485,K,K_only,True,0,0,2015-2020,MalariaGEN Pf8
SPT53837,1262-PF-KE-DONDORP-SM,Kenya,Kilifi,2018,SPT53837,True,89.41,sWGA,ERR5839426,K,K_only,True,0,0,2015-2020,MalariaGEN Pf8
SPT53838,1262-PF-KE-DONDORP-SM,Kenya,Kilifi,2018,SPT53838,True,89.12,sWGA,ERR5839429,K,K_only,True,0,0,2015-2020,MalariaGEN Pf8
SPT53839,1262-PF-KE-DONDORP-SM,Kenya,Kilifi,2018,SPT53839,True,88.75,sWGA,ERR5839456,K,K_only,True,0,0,2015-2020,MalariaGEN Pf8
SPT53840,1262-PF-KE-DONDORP-SM,Kenya,Kilifi,2018,"SPT53840,SPT53841",True,89.28,sWGA,ERR5839473,K,K_only,True,0,0,2015-2020,MalariaGEN Pf8
SPT53842,1262-PF-KE-DONDORP-SM,Kenya,Kilifi,2018,"SPT53842,SPT53843",True,88.56,sWGA,ERR5839488,K,K_only,True,0,0,2015-2020,MalariaGEN Pf8
SPT53844,1262-PF-KE-DONDORP-SM,Kenya,Kilifi,2018,SPT53844,True,88.55,sWGA,ERR5839467,K,K_only,True,0,0,2015-2020,MalariaGEN Pf8
SPT53845,1262-PF-KE-DONDORP-SM,Kenya,Kilifi,2018,"SPT53845,SPT53846",True,89.95,sWGA,ERR5839452,K,K_only,True,0,0,2015-2020,MalariaGEN Pf8
SPT53847,1262-PF-KE-DONDORP-SM,Kenya,Kilifi,2018,"SPT53847,SPT53848",True,89.32,sWGA,ERR5839435,K,K_only,True,0,0,2015-2020,MalariaGEN Pf8
SPT53849,1262-PF-KE-DONDORP-SM,Kenya,Kilifi,2018,SPT53849,True,89.51,sWGA,ERR5839445,K,K_only,True,0,0,2015-2020,MalariaGEN Pf8
SPT53850,1262-PF-KE-DONDORP-SM,Kenya,Kilifi,2018,SPT53850,True,88.0,sWGA,ERR5839440,K,K_only,True,0,0,2015-2020,MalariaGEN Pf8
SPT53851,1262-PF-KE-DONDORP-SM,Kenya,Kilifi,2018,SPT53851,True,89.83,sWGA,ERR5839416,K,K_only,True,0,0,2015-2020,MalariaGEN Pf8
SPT53852,1262-PF-KE-DONDORP-SM,Kenya,Kilifi,2018,"SPT53852,SPT53853",True,89.57,sWGA,ERR5839437,K,K_only,True,0,0,2015-2020,MalariaGEN Pf8
SPT53854,1262-PF-KE-DONDORP-SM,Kenya,Kilifi,2018,SPT53854,True,85.98,sWGA,ERR5839479,K,K_only,True,0,0,2015-2020,MalariaGEN Pf8
SPT53856,1262-PF-KE-DONDORP-SM,Kenya,Kilifi,2018,SPT53856,True,88.76,sWGA,ERR5839496,K,K_only,True,0,0,2015-2020,MalariaGEN Pf8
SPT53857,1262-PF-KE-DONDORP-SM,Kenya,Kilifi,2018,"SPT53857,SPT53858",True,89.45,sWGA,ERR5839441,K,K_only,True,0,0,2015-2020,MalariaGEN Pf8
SPT53859,1262-PF-KE-DONDORP-SM,Kenya,Kilifi,2018,SPT53859,True,89.78,sWGA,ERR5839490,K,K_only,True,0,0,2015-2020,MalariaGEN Pf8
SPT53860,1262-PF-KE-DONDORP-SM,Kenya,Kilifi,2018,SPT53860,True,89.29,sWGA,ERR5839447,K,K_only,True,0,0,2015-2020,MalariaGEN Pf8
SPT53861,1262-PF-KE-DONDORP-SM,Kenya,Kilifi,2018,"SPT53861,SPT53862",True,89.71,sWGA,ERR5839427,K,K_only,True,0,0,2015-2020,MalariaGEN Pf8
SPT53865,1262-PF-KE-DONDORP-SM,Kenya,Kilifi,2018,"SPT53865,SPT53866",True,89.25,sWGA,ERR5839455,K,K_only,True,0,0,2015-2020,MalariaGEN Pf8
SPT53867,1262-PF-KE-DONDORP-SM,Kenya,Kilifi,2018,SPT53867,True,88.48,sWGA,ERR5839434,K,K_only,True,0,0,2015-2020,MalariaGEN Pf8
SPT53868,1262-PF-KE-DONDORP-SM,Kenya,Kilifi,2018,SPT53868,True,88.49,sWGA,ERR5839413,K,K_only,True,0,0,2015-2020,MalariaGEN Pf8
SPT53869,1262-PF-KE-DONDORP-SM,Kenya,Kilifi,2018,SPT53869,True,87.96,sWGA,ERR5839516,K,K_only,True,0,0,2015-2020,MalariaGEN Pf8
SPT53871,1262-PF-KE-DONDORP-SM,Kenya,Kilifi,2018,"SPT53870,SPT53871",True,89.17,sWGA,ERR5839400,K,K_only,True,0,0,2015-2020,MalariaGEN Pf8
SPT53872,1262-PF-KE-DONDORP-SM,Kenya,Kilifi,2018,"SPT53872,SPT53873",True,86.87,sWGA,ERR5839354,K,K_only,True,0,0,2015-2020,MalariaGEN Pf8
SPT53874,1262-PF-KE-DONDORP-SM,Kenya,Kilifi,2018,SPT53874,True,89.04,sWGA,ERR5839519,K,K_only,True,0,0,2015-2020,MalariaGEN Pf8
SPT53875,1262-PF-KE-DONDORP-SM,Kenya,Kilifi,2018,SPT53875,True,81.11,sWGA,ERR5839518,K,K_only,True,0,0,2015-2020,MalariaGEN Pf8
SPT53876,1262-PF-KE-DONDORP-SM,Kenya,Kilifi,2018,SPT53876,True,87.58,sWGA,ERR5839508,K,K_only,True,0,0,2015-2020,MalariaGEN Pf8
SPT53877,1262-PF-KE-DONDORP-SM,Kenya,Kilifi,2018,SPT53877,True,89.61,sWGA,ERR5839395,K,K_only,True,0,0,2015-2020,MalariaGEN Pf8
SPT53878,1262-PF-KE-DONDORP-SM,Kenya,Kilifi,2018,SPT53878,True,89.72,sWGA,ERR5839410,K,K_only,True,0,0,2015-2020,MalariaGEN Pf8
SPT53879,1262-PF-KE-DONDORP-SM,Kenya,Kilifi,2018,SPT53879,True,89.27,sWGA,ERR5839514,K,K_only,True,0,0,2015-2020,MalariaGEN Pf8
SPT53880,1262-PF-KE-DONDORP-SM,Kenya,Kilifi,2018,SPT53880,True,88.03,sWGA,ERR5839376,K,K_only,True,0,0,2015-2020,MalariaGEN Pf8
SPT53881,1262-PF-KE-DONDORP-SM,Kenya,Kilifi,2018,SPT53881,True,89.63,sWGA,ERR5839361,K,K_only,True,0,0,2015-2020,MalariaGEN Pf8
SPT53882,1262-PF-KE-DONDORP-SM,Kenya,Kilifi,2018,SPT53882,True,88.44,sWGA,ERR5839381,K,K_only,True,0,0,2015-2020,MalariaGEN Pf8
SPT53883,1262-PF-KE-DONDORP-SM,Kenya,Kilifi,2018,SPT53883,True,87.7,sWGA,ERR5839521,K,K_only,True,0,0,2015-2020,MalariaGEN Pf8
SPT53884,1262-PF-KE-DONDORP-SM,Kenya,Kilifi,2018,"SPT53884,SPT53885",True,88.77,sWGA,ERR5839411,K,K_only,True,0,0,2015-2020,MalariaGEN Pf8
SPT53886,1262-PF-KE-DONDORP-SM,Kenya,Kilifi,2018,SPT53886,True,89.32,sWGA,ERR5839391,K,K_only,True,0,0,2015-2020,MalariaGEN Pf8
SPT53887,1262-PF-KE-DONDORP-SM,Kenya,Kilifi,2018,SPT53887,True,89.19,sWGA,ERR5839386,K,K_only,True,0,0,2015-2020,MalariaGEN Pf8
SPT53889,1262-PF-KE-DONDORP-SM,Kenya,Kilifi,2018,"SPT53888,SPT53889",True,89.07,sWGA,ERR5839366,K,K_only,True,0,0,2015-2020,MalariaGEN Pf8
SPT53891,1262-PF-KE-DONDORP-SM,Kenya,Kilifi,2018,"SPT53890,SPT53891",True,89.49,sWGA,ERR5839520,K,K_only,True,0,0,2015-2020,MalariaGEN Pf8
SPT53892,1262-PF-KE-DONDORP-SM,Kenya,Kilifi,2018,"SPT53892,SPT53893",True,89.74,sWGA,ERR5839355,K,K_only,True,0,0,2015-2020,MalariaGEN Pf8
SPT53894,1262-PF-KE-DONDORP-SM,Kenya,Kilifi,2018,SPT53894,True,90.3,sWGA,ERR5839364,K,K_only,True,0,0,2015-2020,MalariaGEN Pf8
SPT53895,1262-PF-KE-DONDORP-SM,Kenya,Kilifi,2018,"SPT53895,SPT53896",True,89.65,sWGA,ERR5839380,K,K_only,True,0,0,2015-2020,MalariaGEN Pf8
SPT53897,1262-PF-KE-DONDORP-SM,Kenya,Kilifi,2018,SPT53897,True,85.41,sWGA,ERR5839372,K,K_only,True,0,0,2015-2020,MalariaGEN Pf8
SPT53898,1262-PF-KE-DONDORP-SM,Kenya,Kilifi,2018,SPT53898,True,88.03,sWGA,ERR5839382,K,K_only,True,0,0,2015-2020,MalariaGEN Pf8
SPT53899,1262-PF-KE-DONDORP-SM,Kenya,Kilifi,2018,SPT53899,True,89.91,sWGA,ERR5839371,K,K_only,True,0,0,2015-2020,MalariaGEN Pf8
SPT53900,1262-PF-KE-DONDORP-SM,Kenya,Kilifi,2018,SPT53900,True,84.9,sWGA,ERR5839358,K,K_only,True,0,0,2015-2020,MalariaGEN Pf8
SPT53901,1262-PF-KE-DONDORP-SM,Kenya,Kilifi,2018,SPT53901,True,89.83,sWGA,ERR5839373,K,K_only,True,0,0,2015-2020,MalariaGEN Pf8
SPT53902,1262-PF-KE-DONDORP-SM,Kenya,Kilifi,2018,SPT53902,True,90.27,sWGA,ERR5839360,K,K_only,True,0,0,2015-2020,MalariaGEN Pf8
SPT53903,1262-PF-KE-DONDORP-SM,Kenya,Kilifi,2018,SPT53903,True,89.72,sWGA,ERR5839396,K,K_only,True,0,0,2015-2020,MalariaGEN Pf8
SPT53904,1262-PF-KE-DONDORP-SM,Kenya,Kilifi,2018,SPT53904,True,89.7,sWGA,ERR5839405,K,K_only,True,0,0,2015-2020,MalariaGEN Pf8
SPT53905,1262-PF-KE-DONDORP-SM,Kenya,Kilifi,2018,SPT53905,True,88.54,sWGA,ERR5839510,K,K_only,True,0,0,2015-2020,MalariaGEN Pf8
SPT53906,1262-PF-KE-DONDORP-SM,Kenya,Kilifi,2018,SPT53906,True,88.63,sWGA,ERR5839513,K,K_only,True,0,0,2015-2020,MalariaGEN Pf8
SPT53907,1262-PF-KE-DONDORP-SM,Kenya,Kilifi,2018,SPT53907,True,89.76,sWGA,ERR5839397,K,K_only,True,0,0,2015-2020,MalariaGEN Pf8
SPT53909,1262-PF-KE-DONDORP-SM,Kenya,Kilifi,2018,"SPT53908,SPT53909",True,88.99,sWGA,ERR5839517,K,K_only,True,0,0,2015-2020,MalariaGEN Pf8
SPT53910,1262-PF-KE-DONDORP-SM,Kenya,Kilifi,2018,SPT53910,True,89.57,sWGA,ERR5839393,K,K_only,True,0,0,2015-2020,MalariaGEN Pf8
SPT53911,1262-PF-KE-DONDORP-SM,Kenya,Kilifi,2018,SPT53911,True,89.99,sWGA,ERR5839387,K,K_only,True,0,0,2015-2020,MalariaGEN Pf8
SPT53912,1262-PF-KE-DONDORP-SM,Kenya,Kilifi,2018,SPT53912,True,89.78,sWGA,ERR5839374,K,K_only,True,0,0,2015-2020,MalariaGEN Pf8
SPT53914,1262-PF-KE-DONDORP-SM,Kenya,Kilifi,2018,SPT53914,True,89.73,sWGA,ERR5839363,K,K_only,True,0,0,2015-2020,MalariaGEN Pf8
SPT53915,1262-PF-KE-DONDORP-SM,Kenya,Kilifi,2018,SPT53915,True,90.09,sWGA,ERR5839367,K,K_only,True,0,0,2015-2020,MalariaGEN Pf8
SPT53916,1262-PF-KE-DONDORP-SM,Kenya,Kilifi,2018,SPT53916,True,89.24,sWGA,ERR5839505,K,K_only,True,0,0,2015-2020,MalariaGEN Pf8
SPT53917,1262-PF-KE-DONDORP-SM,Kenya,Kilifi,2018,SPT53917,True,89.29,sWGA,ERR5839408,K,K_only,True,0,0,2015-2020,MalariaGEN Pf8
SPT53918,1262-PF-KE-DONDORP-SM,Kenya,Kilifi,2018,"SPT53918,SPT53919",True,90.02,sWGA,ERR5839362,K,K_only,True,0,0,2015-2020,MalariaGEN Pf8
SPT53920,1262-PF-KE-DONDORP-SM,Kenya,Kilifi,2018,"SPT53920,SPT53921",True,90.1,sWGA,ERR5839409,K,K_only,True,0,0,2015-2020,MalariaGEN Pf8
SPT50957,1132-PF-K1000G-DBS-KE-BEJON,Kenya,Kilifi,2019,SPT50957,True,91.4,sWGA,ERR4609678,K,K_only,True,0,0,2015-2020,MalariaGEN Pf8
SPT53922,1262-PF-KE-DONDORP-SM,Kenya,Kilifi,2019,SPT53922,True,89.68,sWGA,ERR5839407,K,K_only,True,0,0,2015-2020,MalariaGEN Pf8
SPT53923,1262-PF-KE-DONDORP-SM,Kenya,Kilifi,2019,SPT53923,True,89.7,sWGA,ERR5839370,K,K_only,True,0,0,2015-2020,MalariaGEN Pf8
SPT53924,1262-PF-KE-DONDORP-SM,Kenya,Kilifi,2019,SPT53924,True,90.18,sWGA,ERR5839506,K,K_only,True,0,0,2015-2020,MalariaGEN Pf8
SPT53925,1262-PF-KE-DONDORP-SM,Kenya,Kilifi,2019,SPT53925,True,89.74,sWGA,ERR5839356,K,K_only,True,0,0,2015-2020,MalariaGEN Pf8
SPT53926,1262-PF-KE-DONDORP-SM,Kenya,Kilifi,2019,SPT53926,True,90.18,sWGA,ERR5839377,K,K_only,True,0,0,2015-2020,MalariaGEN Pf8
SPT53927,1262-PF-KE-DONDORP-SM,Kenya,Kilifi,2019,SPT53927,True,89.61,sWGA,ERR5839352,K,K_only,True,0,0,2015-2020,MalariaGEN Pf8
SPT53928,1262-PF-KE-DONDORP-SM,Kenya,Kilifi,2019,SPT53928,True,89.48,sWGA,ERR5839394,K,K_only,True,0,0,2015-2020,MalariaGEN Pf8
SPT53929,1262-PF-KE-DONDORP-SM,Kenya,Kilifi,2019,"SPT53929,SPT53930",True,90.02,sWGA,ERR5839403,K,K_only,True,0,0,2015-2020,MalariaGEN Pf8
SPT53931,1262-PF-KE-DONDORP-SM,Kenya,Kilifi,2019,SPT53931,True,89.46,sWGA,ERR5839511,K,K_only,True,0,0,2015-2020,MalariaGEN Pf8
SPT53932,1262-PF-KE-DONDORP-SM,Kenya,Kilifi,2019,SPT53932,True,89.59,sWGA,ERR5839347,K,K_only,True,0,0,2015-2020,MalariaGEN Pf8
SPT53933,1262-PF-KE-DONDORP-SM,Kenya,Kilifi,2019,SPT53933,True,89.38,sWGA,ERR5839378,K,K_only,True,0,0,2015-2020,MalariaGEN Pf8
SPT53934,1262-PF-KE-DONDORP-SM,Kenya,Kilifi,2019,SPT53934,True,89.38,sWGA,ERR5839404,K,K_only,True,0,0,2015-2020,MalariaGEN Pf8
SPT53935,1262-PF-KE-DONDORP-SM,Kenya,Kilifi,2019,SPT53935,True,89.73,sWGA,ERR5839384,K,K_only,True,0,0,2015-2020,MalariaGEN Pf8
SPT53936,1262-PF-KE-DONDORP-SM,Kenya,Kilifi,2019,SPT53936,True,89.46,sWGA,ERR5839401,K,K_only,True,0,0,2015-2020,MalariaGEN Pf8
SPT53938,1262-PF-KE-DONDORP-SM,Kenya,Kilifi,2019,"SPT53937,SPT53938",True,89.61,sWGA,ERR5839365,K,K_only,True,0,0,2015-2020,MalariaGEN Pf8
SPT53939,1262-PF-KE-DONDORP-SM,Kenya,Kilifi,2019,SPT53939,True,88.88,sWGA,ERR5839385,K,K_only,True,0,0,2015-2020,MalariaGEN Pf8
SPT53940,1262-PF-KE-DONDORP-SM,Kenya,Kilifi,2019,SPT53940,True,89.91,sWGA,ERR5839344,K,K_only,True,0,0,2015-2020,MalariaGEN Pf8
SPT53942,1262-PF-KE-DONDORP-SM,Kenya,Kilifi,2019,SPT53942,True,88.63,sWGA,ERR5839412,K,K_only,True,0,0,2015-2020,MalariaGEN Pf8
SPT53943,1262-PF-KE-DONDORP-SM,Kenya,Kilifi,2019,SPT53943,True,89.64,sWGA,ERR5839350,K,K_only,True,0,0,2015-2020,MalariaGEN Pf8
SPT53944,1262-PF-KE-DONDORP-SM,Kenya,Kilifi,2019,"SPT53944,SPT53945",True,89.35,sWGA,ERR5839353,K,K_only,True,0,0,2015-2020,MalariaGEN Pf8
SPT53946,1262-PF-KE-DONDORP-SM,Kenya,Kilifi,2019,SPT53946,True,90.01,sWGA,ERR5839357,K,K_only,True,0,0,2015-2020,MalariaGEN Pf8
SPT53947,1262-PF-KE-DONDORP-SM,Kenya,Kilifi,2019,SPT53947,True,90.19,sWGA,ERR5839390,K,K_only,True,0,0,2015-2020,MalariaGEN Pf8
SPT53948,1262-PF-KE-DONDORP-SM,Kenya,Kilifi,2019,SPT53948,True,90.2,sWGA,ERR5839504,K,K_only,True,0,0,2015-2020,MalariaGEN Pf8
SPT53949,1262-PF-KE-DONDORP-SM,Kenya,Kilifi,2019,SPT53949,True,89.64,sWGA,ERR5839346,K,K_only,True,0,0,2015-2020,MalariaGEN Pf8
SPT53950,1262-PF-KE-DONDORP-SM,Kenya,Kilifi,2019,SPT53950,True,90.34,sWGA,ERR5839388,K,K_only,True,0,0,2015-2020,MalariaGEN Pf8
SPT53951,1262-PF-KE-DONDORP-SM,Kenya,Kilifi,2019,SPT53951,True,89.2,sWGA,ERR5839369,K,K_only,True,0,0,2015-2020,MalariaGEN Pf8
SPT53952,1262-PF-KE-DONDORP-SM,Kenya,Kilifi,2019,SPT53952,True,89.68,sWGA,ERR5839348,K,K_only,True,0,0,2015-2020,MalariaGEN Pf8
SPT53953,1262-PF-KE-DONDORP-SM,Kenya,Kilifi,2019,SPT53953,True,90.3,sWGA,ERR5839342,K,K_only,True,0,0,2015-2020,MalariaGEN Pf8
SPT53954,1262-PF-KE-DONDORP-SM,Kenya,Kilifi,2019,SPT53954,True,90.12,sWGA,ERR5839349,K,K_only,True,0,0,2015-2020,MalariaGEN Pf8
SPT53955,1262-PF-KE-DONDORP-SM,Kenya,Kilifi,2019,SPT53955,True,89.91,sWGA,ERR5839402,K,K_only,True,0,0,2015-2020,MalariaGEN Pf8
SPT53956,1262-PF-KE-DONDORP-SM,Kenya,Kilifi,2019,SPT53956,True,89.69,sWGA,ERR5839507,K,K_only,True,0,0,2015-2020,MalariaGEN Pf8
SPT53957,1262-PF-KE-DONDORP-SM,Kenya,Kilifi,2019,SPT53957,True,88.88,sWGA,ERR5839398,K,K_only,True,0,0,2015-2020,MalariaGEN Pf8
SPT53958,1262-PF-KE-DONDORP-SM,Kenya,Kilifi,2019,SPT53958,True,89.39,sWGA,ERR5839379,K,K_only,True,0,0,2015-2020,MalariaGEN Pf8
SPT53959,1262-PF-KE-DONDORP-SM,Kenya,Kilifi,2019,SPT53959,True,87.61,sWGA,ERR5839522,K,K_only,True,0,0,2015-2020,MalariaGEN Pf8
SPT53960,1262-PF-KE-DONDORP-SM,Kenya,Kilifi,2019,SPT53960,True,89.22,sWGA,ERR5839523,K,K_only,True,0,0,2015-2020,MalariaGEN Pf8
SPT66876,1132-PF-K1000G-DBS-KE-BEJON,Kenya,Kilifi,2019,SPT66876,True,90.8,sWGA,ERR9515596,K,K_only,True,0,0,2015-2020,MalariaGEN Pf8
SPT66877,1132-PF-K1000G-DBS-KE-BEJON,Kenya,Kilifi,2019,SPT66877,True,90.87,sWGA,ERR9515597,K,K_only,True,0,0,2015-2020,MalariaGEN Pf8
SPT66890,1132-PF-K1000G-DBS-KE-BEJON,Kenya,Kilifi,2019,SPT66890,True,91.54,sWGA,ERR9515542,K,K_only,True,0,0,2015-2020,MalariaGEN Pf8
SPT66891,1132-PF-K1000G-DBS-KE-BEJON,Kenya,Kilifi,2019,SPT66891,True,90.29,sWGA,ERR9515606,K,K_only,True,0,0,2015-2020,MalariaGEN Pf8
SPT66892,1132-PF-K1000G-DBS-KE-BEJON,Kenya,Kilifi,2019,SPT66892,True,91.63,sWGA,ERR9515543,K,K_only,True,0,0,2015-2020,MalariaGEN Pf8
SPT66893,1132-PF-K1000G-DBS-KE-BEJON,Kenya,Kilifi,2019,SPT66893,True,91.3,sWGA,ERR9515544,K,K_only,True,0,0,2015-2020,MalariaGEN Pf8
SPT66894,1132-PF-K1000G-DBS-KE-BEJON,Kenya,Kilifi,2019,SPT66894,True,91.33,sWGA,ERR9515545,K,K_only,True,0,0,2015-2020,MalariaGEN Pf8
SPT66895,1132-PF-K1000G-DBS-KE-BEJON,Kenya,Kilifi,2019,SPT66895,True,91.45,sWGA,ERR9515546,K,K_only,True,0,0,2015-2020,MalariaGEN Pf8
SPT66896,1132-PF-K1000G-DBS-KE-BEJON,Kenya,Kilifi,2019,SPT66896,True,90.47,sWGA,ERR9515607,K,K_only,True,0,0,2015-2020,MalariaGEN Pf8
SPT66897,1132-PF-K1000G-DBS-KE-BEJON,Kenya,Kilifi,2019,SPT66897,True,91.71,sWGA,ERR9515608,K,K_only,True,0,0,2015-2020,MalariaGEN Pf8
SPT66898,1132-PF-K1000G-DBS-KE-BEJON,Kenya,Kilifi,2019,SPT66898,True,91.44,sWGA,ERR9515547,K,K_only,True,0,0,2015-2020,MalariaGEN Pf8
SPT66899,1132-PF-K1000G-DBS-KE-BEJON,Kenya,Kilifi,2019,SPT66899,True,91.0,sWGA,ERR9515609,K,K_only,True,0,0,2015-2020,MalariaGEN Pf8
SPT66901,1132-PF-K1000G-DBS-KE-BEJON,Kenya,Kilifi,2019,SPT66901,True,90.32,sWGA,ERR9515611,K,K_only,True,0,0,2015-2020,MalariaGEN Pf8
SPT66902,1132-PF-K1000G-DBS-KE-BEJON,Kenya,Kilifi,2019,SPT66902,True,90.59,sWGA,ERR9515612,K,K_only,True,0,0,2015-2020,MalariaGEN Pf8
SPT66904,1132-PF-K1000G-DBS-KE-BEJON,Kenya,Kilifi,2019,SPT66904,True,85.35,sWGA,ERR9515494,K,K_only,True,0,0,2015-2020,MalariaGEN Pf8
SPT66905,1132-PF-K1000G-DBS-KE-BEJON,Kenya,Kilifi,2019,SPT66905,True,89.62,sWGA,ERR9515495,K,K_only,True,0,0,2015-2020,MalariaGEN Pf8
SPT66906,1132-PF-K1000G-DBS-KE-BEJON,Kenya,Kilifi,2019,SPT66906,True,90.3,sWGA,ERR9515496,K,K_only,True,0,0,2015-2020,MalariaGEN Pf8
SPT66907,1132-PF-K1000G-DBS-KE-BEJON,Kenya,Kilifi,2019,SPT66907,True,91.48,sWGA,ERR9515497,K,K_only,True,0,0,2015-2020,MalariaGEN Pf8
SPT66912,1132-PF-K1000G-DBS-KE-BEJON,Kenya,Kilifi,2019,SPT66912,True,89.66,sWGA,ERR9515501,K,K_only,True,0,0,2015-2020,MalariaGEN Pf8
SPT66913,1132-PF-K1000G-DBS-KE-BEJON,Kenya,Kilifi,2019,SPT66913,True,91.49,sWGA,ERR9515502,K,K_only,True,0,0,2015-2020,MalariaGEN Pf8
SPT66914,1132-PF-K1000G-DBS-KE-BEJON,Kenya,Kilifi,2019,SPT66914,True,90.91,sWGA,ERR9515503,K,K_only,True,0,0,2015-2020,MalariaGEN Pf8
SPT66915,1132-PF-K1000G-DBS-KE-BEJON,Kenya,Kilifi,2019,SPT66915,True,91.56,sWGA,ERR9515504,K,K_only,True,0,0,2015-2020,MalariaGEN Pf8
SPT66916,1132-PF-K1000G-DBS-KE-BEJON,Kenya,Kilifi,2019,SPT66916,True,90.81,sWGA,ERR9515505,K,K_only,True,0,0,2015-2020,MalariaGEN Pf8
SPT66917,1132-PF-K1000G-DBS-KE-BEJON,Kenya,Kilifi,2019,SPT66917,True,91.38,sWGA,ERR9515506,K,K_only,True,0,0,2015-2020,MalariaGEN Pf8
SPT66918,1132-PF-K1000G-DBS-KE-BEJON,Kenya,Kilifi,2019,SPT66918,True,92.08,sWGA,ERR9515507,K,K_only,True,0,0,2015-2020,MalariaGEN Pf8
SPT66919,1132-PF-K1000G-DBS-KE-BEJON,Kenya,Kilifi,2019,SPT66919,True,91.75,sWGA,ERR9515548,K,K_only,True,0,0,2015-2020,MalariaGEN Pf8
SPT66920,1132-PF-K1000G-DBS-KE-BEJON,Kenya,Kilifi,2019,SPT66920,True,91.36,sWGA,ERR9515549,K,K_only,True,0,0,2015-2020,MalariaGEN Pf8
SPT66921,1132-PF-K1000G-DBS-KE-BEJON,Kenya,Kilifi,2019,SPT66921,True,77.76,sWGA,ERR9515508,K,K_only,True,0,0,2015-2020,MalariaGEN Pf8
SPT66923,1132-PF-K1000G-DBS-KE-BEJON,Kenya,Kilifi,2019,SPT66923,True,89.42,sWGA,ERR9515509,K,K_only,True,0,0,2015-2020,MalariaGEN Pf8
SPT66925,1132-PF-K1000G-DBS-KE-BEJON,Kenya,Kilifi,2019,SPT66925,True,88.72,sWGA,ERR9515510,K,K_only,True,0,0,2015-2020,MalariaGEN Pf8
SPT66926,1132-PF-K1000G-DBS-KE-BEJON,Kenya,Kilifi,2019,SPT66926,True,91.72,sWGA,ERR9515511,K,K_only,True,0,0,2015-2020,MalariaGEN Pf8
SPT66927,1132-PF-K1000G-DBS-KE-BEJON,Kenya,Kilifi,2019,SPT66927,True,91.49,sWGA,ERR9515512,K,K_only,True,0,0,2015-2020,MalariaGEN Pf8
SPT66928,1132-PF-K1000G-DBS-KE-BEJON,Kenya,Kilifi,2019,SPT66928,True,91.54,sWGA,ERR9515551,K,K_only,True,0,0,2015-2020,MalariaGEN Pf8
SPT66929,1132-PF-K1000G-DBS-KE-BEJON,Kenya,Kilifi,2019,SPT66929,True,91.01,sWGA,ERR9515513,K,K_only,True,0,0,2015-2020,MalariaGEN Pf8
SPT66930,1132-PF-K1000G-DBS-KE-BEJON,Kenya,Kilifi,2019,SPT66930,True,91.44,sWGA,ERR9515552,K,K_only,True,0,0,2015-2020,MalariaGEN Pf8
SPT66931,1132-PF-K1000G-DBS-KE-BEJON,Kenya,Kilifi,2019,SPT66931,True,91.38,sWGA,ERR9515553,K,K_only,True,0,0,2015-2020,MalariaGEN Pf8
SPT66932,1132-PF-K1000G-DBS-KE-BEJON,Kenya,Kilifi,2019,SPT66932,True,91.85,sWGA,ERR9515514,K,K_only,True,0,0,2015-2020,MalariaGEN Pf8
SPT66933,1132-PF-K1000G-DBS-KE-BEJON,Kenya,Kilifi,2019,SPT66933,True,92.0,sWGA,ERR9515554,K,K_only,True,0,0,2015-2020,MalariaGEN Pf8
SPT66935,1132-PF-K1000G-DBS-KE-BEJON,Kenya,Kilifi,2019,SPT66935,True,91.29,sWGA,ERR9515516,K,K_only,True,0,0,2015-2020,MalariaGEN Pf8
SPT66937,1132-PF-K1000G-DBS-KE-BEJON,Kenya,Kilifi,2019,SPT66937,True,91.43,sWGA,ERR9515517,K,K_only,True,0,0,2015-2020,MalariaGEN Pf8
SPT66938,1132-PF-K1000G-DBS-KE-BEJON,Kenya,Kilifi,2019,SPT66938,True,91.29,sWGA,ERR9515556,K,K_only,True,0,0,2015-2020,MalariaGEN Pf8
SPT66940,1132-PF-K1000G-DBS-KE-BEJON,Kenya,Kilifi,2019,SPT66940,True,91.23,sWGA,ERR9515615,K,K_only,True,0,0,2015-2020,MalariaGEN Pf8
SPT66941,1132-PF-K1000G-DBS-KE-BEJON,Kenya,Kilifi,2019,SPT66941,True,91.74,sWGA,ERR9515557,K,K_only,True,0,0,2015-2020,MalariaGEN Pf8
SPT66943,1132-PF-K1000G-DBS-KE-BEJON,Kenya,Kilifi,2019,SPT66943,True,91.71,sWGA,ERR9515617,K,K_only,True,0,0,2015-2020,MalariaGEN Pf8
SPT66944,1132-PF-K1000G-DBS-KE-BEJON,Kenya,Kilifi,2019,SPT66944,True,91.86,sWGA,ERR9515558,K,K_only,True,0,0,2015-2020,MalariaGEN Pf8
SPT66946,1132-PF-K1000G-DBS-KE-BEJON,Kenya,Kilifi,2019,SPT66946,True,91.77,sWGA,ERR9515559,K,K_only,True,0,0,2015-2020,MalariaGEN Pf8
SPT66947,1132-PF-K1000G-DBS-KE-BEJON,Kenya,Kilifi,2019,SPT66947,True,91.46,sWGA,ERR9515619,K,K_only,True,0,0,2015-2020,MalariaGEN Pf8
SPT66948,1132-PF-K1000G-DBS-KE-BEJON,Kenya,Kilifi,2019,SPT66948,True,91.94,sWGA,ERR9515560,K,K_only,True,0,0,2015-2020,MalariaGEN Pf8
SPT66949,1132-PF-K1000G-DBS-KE-BEJON,Kenya,Kilifi,2019,SPT66949,True,91.06,sWGA,ERR9515620,K,K_only,True,0,0,2015-2020,MalariaGEN Pf8
SPT66951,1132-PF-K1000G-DBS-KE-BEJON,Kenya,Kilifi,2019,SPT66951,True,91.81,sWGA,ERR9515561,K,K_only,True,0,0,2015-2020,MalariaGEN Pf8
SPT66953,1132-PF-K1000G-DBS-KE-BEJON,Kenya,Kilifi,2019,SPT66953,True,91.29,sWGA,ERR9515563,K,K_only,True,0,0,2015-2020,MalariaGEN Pf8
SPT66954,1132-PF-K1000G-DBS-KE-BEJON,Kenya,Kilifi,2019,SPT66954,True,90.48,sWGA,ERR9515621,K,K_only,True,0,0,2015-2020,MalariaGEN Pf8
SPT66955,1132-PF-K1000G-DBS-KE-BEJON,Kenya,Kilifi,2019,SPT66955,True,91.76,sWGA,ERR9515622,K,K_only,True,0,0,2015-2020,MalariaGEN Pf8
SPT66956,1132-PF-K1000G-DBS-KE-BEJON,Kenya,Kilifi,2019,SPT66956,True,91.68,sWGA,ERR9515564,K,K_only,True,0,0,2015-2020,MalariaGEN Pf8
SPT66957,1132-PF-K1000G-DBS-KE-BEJON,Kenya,Kilifi,2019,SPT66957,True,82.16,sWGA,ERR9515623,K,K_only,True,0,0,2015-2020,MalariaGEN Pf8
SPT66958,1132-PF-K1000G-DBS-KE-BEJON,Kenya,Kilifi,2019,SPT66958,True,90.84,sWGA,ERR9515624,K,K_only,True,0,0,2015-2020,MalariaGEN Pf8
SPT66959,1132-PF-K1000G-DBS-KE-BEJON,Kenya,Kilifi,2019,SPT66959,True,91.38,sWGA,ERR9515565,K,K_only,True,0,0,2015-2020,MalariaGEN Pf8
SPT66960,1132-PF-K1000G-DBS-KE-BEJON,Kenya,Kilifi,2019,SPT66960,True,91.79,sWGA,ERR9515566,K,K_only,True,0,0,2015-2020,MalariaGEN Pf8
SPT66961,1132-PF-K1000G-DBS-KE-BEJON,Kenya,Kilifi,2019,SPT66961,True,90.3,sWGA,ERR9515625,K,K_only,True,0,0,2015-2020,MalariaGEN Pf8
SPT66962,1132-PF-K1000G-DBS-KE-BEJON,Kenya,Kilifi,2019,SPT66962,True,90.78,sWGA,ERR9515626,K,K_only,True,0,0,2015-2020,MalariaGEN Pf8
SPT66963,1132-PF-K1000G-DBS-KE-BEJON,Kenya,Kilifi,2019,SPT66963,True,90.9,sWGA,ERR9515627,K,K_only,True,0,0,2015-2020,MalariaGEN Pf8
SPT66964,1132-PF-K1000G-DBS-KE-BEJON,Kenya,Kilifi,2019,SPT66964,True,70.2,sWGA,ERR9515628,K,K_only,True,0,0,2015-2020,MalariaGEN Pf8
SPT66966,1132-PF-K1000G-DBS-KE-BEJON,Kenya,Kilifi,2019,SPT66966,True,89.67,sWGA,ERR9515629,K,K_only,True,0,0,2015-2020,MalariaGEN Pf8
SPT66968,1132-PF-K1000G-DBS-KE-BEJON,Kenya,Kilifi,2019,SPT66968,True,91.45,sWGA,ERR9515631,K,K_only,True,0,0,2015-2020,MalariaGEN Pf8
SPT66969,1132-PF-K1000G-DBS-KE-BEJON,Kenya,Kilifi,2019,SPT66969,True,89.0,sWGA,ERR9515632,K,K_only,True,0,0,2015-2020,MalariaGEN Pf8
SPT66970,1132-PF-K1000G-DBS-KE-BEJON,Kenya,Kilifi,2019,SPT66970,True,92.11,sWGA,ERR9515567,K,K_only,True,0,0,2015-2020,MalariaGEN Pf8
SPT66971,1132-PF-K1000G-DBS-KE-BEJON,Kenya,Kilifi,2019,SPT66971,True,91.9,sWGA,ERR9515568,K,K_only,True,0,0,2015-2020,MalariaGEN Pf8
SPT66973,1132-PF-K1000G-DBS-KE-BEJON,Kenya,Kilifi,2019,SPT66973,True,89.85,sWGA,ERR9515634,K,K_only,True,0,0,2015-2020,MalariaGEN Pf8
SPT66974,1132-PF-K1000G-DBS-KE-BEJON,Kenya,Kilifi,2019,SPT66974,True,91.76,sWGA,ERR9515635,K,K_only,True,0,0,2015-2020,MalariaGEN Pf8
SPT66977,1132-PF-K1000G-DBS-KE-BEJON,Kenya,Kilifi,2019,SPT66977,True,91.88,sWGA,ERR9515636,K,K_only,True,0,0,2015-2020,MalariaGEN Pf8
SPT66978,1132-PF-K1000G-DBS-KE-BEJON,Kenya,Kilifi,2019,SPT66978,True,92.21,sWGA,ERR9515569,K,K_only,True,0,0,2015-2020,MalariaGEN Pf8
SPT66979,1132-PF-K1000G-DBS-KE-BEJON,Kenya,Kilifi,2019,SPT66979,True,76.52,sWGA,ERR9515637,K,K_only,True,0,0,2015-2020,MalariaGEN Pf8
SPT66980,1132-PF-K1000G-DBS-KE-BEJON,Kenya,Kilifi,2019,SPT66980,True,90.16,sWGA,ERR9515518,K,K_only,True,0,0,2015-2020,MalariaGEN Pf8
SPT66982,1132-PF-K1000G-DBS-KE-BEJON,Kenya,Kilifi,2019,SPT66982,True,90.2,sWGA,ERR9515520,K,K_only,True,0,0,2015-2020,MalariaGEN Pf8
SPT66983,1132-PF-K1000G-DBS-KE-BEJON,Kenya,Kilifi,2019,SPT66983,True,90.5,sWGA,ERR9515521,K,K_only,True,0,0,2015-2020,MalariaGEN Pf8
SPT66984,1132-PF-K1000G-DBS-KE-BEJON,Kenya,Kilifi,2019,SPT66984,True,90.47,sWGA,ERR9515522,K,K_only,True,0,0,2015-2020,MalariaGEN Pf8
SPT66985,1132-PF-K1000G-DBS-KE-BEJON,Kenya,Kilifi,2019,SPT66985,True,90.86,sWGA,ERR9515523,K,K_only,True,0,0,2015-2020,MalariaGEN Pf8
SPT66986,1132-PF-K1000G-DBS-KE-BEJON,Kenya,Kilifi,2019,SPT66986,True,91.57,sWGA,ERR9515570,K,K_only,True,0,0,2015-2020,MalariaGEN Pf8
SPT66987,1132-PF-K1000G-DBS-KE-BEJON,Kenya,Kilifi,2019,SPT66987,True,91.43,sWGA,ERR9515571,K,K_only,True,0,0,2015-2020,MalariaGEN Pf8
SPT66988,1132-PF-K1000G-DBS-KE-BEJON,Kenya,Kilifi,2019,SPT66988,True,56.1,sWGA,ERR9515524,K,K_only,True,0,0,2015-2020,MalariaGEN Pf8
SPT66989,1132-PF-K1000G-DBS-KE-BEJON,Kenya,Kilifi,2019,SPT66989,True,91.72,sWGA,ERR9515572,K,K_only,True,0,0,2015-2020,MalariaGEN Pf8
SPT66990,1132-PF-K1000G-DBS-KE-BEJON,Kenya,Kilifi,2019,SPT66990,True,91.87,sWGA,ERR9515525,K,K_only,True,0,0,2015-2020,MalariaGEN Pf8
SPT66991,1132-PF-K1000G-DBS-KE-BEJON,Kenya,Kilifi,2019,SPT66991,True,91.11,sWGA,ERR9515573,K,K_only,True,0,0,2015-2020,MalariaGEN Pf8
SPT66992,1132-PF-K1000G-DBS-KE-BEJON,Kenya,Kilifi,2019,SPT66992,True,90.27,sWGA,ERR9515526,K,K_only,True,0,0,2015-2020,MalariaGEN Pf8
SPT66993,1132-PF-K1000G-DBS-KE-BEJON,Kenya,Kilifi,2019,SPT66993,True,91.49,sWGA,ERR9515574,K,K_only,True,0,0,2015-2020,MalariaGEN Pf8
SPT66994,1132-PF-K1000G-DBS-KE-BEJON,Kenya,Kilifi,2019,SPT66994,True,90.66,sWGA,ERR9515527,K,K_only,True,0,0,2015-2020,MalariaGEN Pf8
SPT66995,1132-PF-K1000G-DBS-KE-BEJON,Kenya,Kilifi,2019,SPT66995,True,91.62,sWGA,ERR9515575,K,K_only,True,0,0,2015-2020,MalariaGEN Pf8
SPT66996,1132-PF-K1000G-DBS-KE-BEJON,Kenya,Kilifi,2019,SPT66996,True,91.79,sWGA,ERR9515576,K,K_only,True,0,0,2015-2020,MalariaGEN Pf8
SPT66997,1132-PF-K1000G-DBS-KE-BEJON,Kenya,Kilifi,2019,SPT66997,True,92.1,sWGA,ERR9515577,K,K_only,True,0,0,2015-2020,MalariaGEN Pf8
SPT66998,1132-PF-K1000G-DBS-KE-BEJON,Kenya,Kilifi,2019,SPT66998,True,91.6,sWGA,ERR9515578,K,K_only,True,0,0,2015-2020,MalariaGEN Pf8
SPT66999,1132-PF-K1000G-DBS-KE-BEJON,Kenya,Kilifi,2019,SPT66999,True,91.67,sWGA,ERR9515579,K,K_only,True,0,0,2015-2020,MalariaGEN Pf8
SPT67000,1132-PF-K1000G-DBS-KE-BEJON,Kenya,Kilifi,2019,SPT67000,True,91.69,sWGA,ERR9515580,K,K_only,True,0,0,2015-2020,MalariaGEN Pf8
SPT67001,1132-PF-K1000G-DBS-KE-BEJON,Kenya,Kilifi,2019,SPT67001,True,91.47,sWGA,ERR9515528,K,K_only,True,0,0,2015-2020,MalariaGEN Pf8
SPT67021,1132-PF-K1000G-DBS-KE-BEJON,Kenya,Kilifi,2019,SPT67021,True,89.26,sWGA,ERR9515539,K,K_only,True,0,0,2015-2020,MalariaGEN Pf8
SPT67022,1132-PF-K1000G-DBS-KE-BEJON,Kenya,Kilifi,2019,SPT67022,True,89.25,sWGA,ERR9515540,K,K_only,True,0,0,2015-2020,MalariaGEN Pf8
SPT67023,1132-PF-K1000G-DBS-KE-BEJON,Kenya,Kilifi,2019,SPT67023,True,89.09,sWGA,ERR9515541,K,K_only,True,0,0,2015-2020,MalariaGEN Pf8
SPT67024,1132-PF-K1000G-DBS-KE-BEJON,Kenya,Kilifi,2019,SPT67024,True,89.91,sWGA,ERR9515695,K,K_only,True,0,0,2015-2020,MalariaGEN Pf8
SPT67025,1132-PF-K1000G-DBS-KE-BEJON,Kenya,Kilifi,2019,SPT67025,True,89.96,sWGA,ERR9515696,K,K_only,True,0,0,2015-2020,MalariaGEN Pf8
SPT67027,1132-PF-K1000G-DBS-KE-BEJON,Kenya,Kilifi,2019,SPT67027,True,90.08,sWGA,ERR9515697,K,K_only,True,0,0,2015-2020,MalariaGEN Pf8
SPT67028,1132-PF-K1000G-DBS-KE-BEJON,Kenya,Kilifi,2019,SPT67028,True,90.21,sWGA,ERR9515698,K,K_only,True,0,0,2015-2020,MalariaGEN Pf8
SPT67029,1132-PF-K1000G-DBS-KE-BEJON,Kenya,Kilifi,2019,SPT67029,True,90.79,sWGA,ERR9515699,K,K_only,True,0,0,2015-2020,MalariaGEN Pf8
SPT67030,1132-PF-K1000G-DBS-KE-BEJON,Kenya,Kilifi,2019,SPT67030,True,91.79,sWGA,ERR9515589,K,K_only,True,0,0,2015-2020,MalariaGEN Pf8
SPT67031,1132-PF-K1000G-DBS-KE-BEJON,Kenya,Kilifi,2019,SPT67031,True,90.42,sWGA,ERR9515700,K,K_only,True,0,0,2015-2020,MalariaGEN Pf8
SPT67032,1132-PF-K1000G-DBS-KE-BEJON,Kenya,Kilifi,2019,SPT67032,True,90.57,sWGA,ERR9515701,K,K_only,True,0,0,2015-2020,MalariaGEN Pf8
SPT67033,1132-PF-K1000G-DBS-KE-BEJON,Kenya,Kilifi,2019,SPT67033,True,90.97,sWGA,ERR9515702,K,K_only,True,0,0,2015-2020,MalariaGEN Pf8
SPT67034,1132-PF-K1000G-DBS-KE-BEJON,Kenya,Kilifi,2019,SPT67034,True,89.64,sWGA,ERR9515703,K,K_only,True,0,0,2015-2020,MalariaGEN Pf8
SPT67036,1132-PF-K1000G-DBS-KE-BEJON,Kenya,Kilifi,2019,SPT67036,True,88.89,sWGA,ERR9515704,K,K_only,True,0,0,2015-2020,MalariaGEN Pf8
SPT67037,1132-PF-K1000G-DBS-KE-BEJON,Kenya,Kilifi,2019,SPT67037,True,90.66,sWGA,ERR9515705,K,K_only,True,0,0,2015-2020,MalariaGEN Pf8
SPT67039,1132-PF-K1000G-DBS-KE-BEJON,Kenya,Kilifi,2019,SPT67039,True,90.18,sWGA,ERR9515706,K,K_only,True,0,0,2015-2020,MalariaGEN Pf8
SPT67042,1132-PF-K1000G-DBS-KE-BEJON,Kenya,Kilifi,2019,SPT67042,True,89.02,sWGA,ERR9515708,K,K_only,True,0,0,2015-2020,MalariaGEN Pf8
SPT67043,1132-PF-K1000G-DBS-KE-BEJON,Kenya,Kilifi,2019,SPT67043,True,90.38,sWGA,ERR9515709,K,K_only,True,0,0,2015-2020,MalariaGEN Pf8
SPT67045,1132-PF-K1000G-DBS-KE-BEJON,Kenya,Kilifi,2019,SPT67045,True,91.24,sWGA,ERR9515711,K,K_only,True,0,0,2015-2020,MalariaGEN Pf8
SPT67046,1132-PF-K1000G-DBS-KE-BEJON,Kenya,Kilifi,2019,SPT67046,True,71.15,sWGA,ERR9515712,K,K_only,True,0,0,2015-2020,MalariaGEN Pf8
SPT67048,1132-PF-K1000G-DBS-KE-BEJON,Kenya,Kilifi,2019,SPT67048,True,89.08,sWGA,ERR9515686,K,K_only,True,0,0,2015-2020,MalariaGEN Pf8
SPT67049,1132-PF-K1000G-DBS-KE-BEJON,Kenya,Kilifi,2019,SPT67049,True,86.58,sWGA,ERR9515687,K,K_only,True,0,0,2015-2020,MalariaGEN Pf8
SPT67050,1132-PF-K1000G-DBS-KE-BEJON,Kenya,Kilifi,2019,SPT67050,True,83.71,sWGA,ERR9515688,K,K_only,True,0,0,2015-2020,MalariaGEN Pf8
SPT67051,1132-PF-K1000G-DBS-KE-BEJON,Kenya,Kilifi,2019,SPT67051,True,91.8,sWGA,ERR9515714,K,K_only,True,0,0,2015-2020,MalariaGEN Pf8
SPT67052,1132-PF-K1000G-DBS-KE-BEJON,Kenya,Kilifi,2019,SPT67052,True,67.1,sWGA,ERR9515715,K,K_only,True,0,0,2015-2020,MalariaGEN Pf8
SPT67053,1132-PF-K1000G-DBS-KE-BEJON,Kenya,Kilifi,2019,SPT67053,True,91.28,sWGA,ERR9515689,K,K_only,True,0,0,2015-2020,MalariaGEN Pf8
SPT67054,1132-PF-K1000G-DBS-KE-BEJON,Kenya,Kilifi,2019,SPT67054,True,81.05,sWGA,ERR9515716,K,K_only,True,0,0,2015-2020,MalariaGEN Pf8
SPT67055,1132-PF-K1000G-DBS-KE-BEJON,Kenya,Kilifi,2019,SPT67055,True,90.08,sWGA,ERR9515717,K,K_only,True,0,0,2015-2020,MalariaGEN Pf8
SPT67057,1132-PF-K1000G-DBS-KE-BEJON,Kenya,Kilifi,2019,SPT67057,True,89.51,sWGA,ERR9515718,K,K_only,True,0,0,2015-2020,MalariaGEN Pf8
SPT67058,1132-PF-K1000G-DBS-KE-BEJON,Kenya,Kilifi,2019,SPT67058,True,90.6,sWGA,ERR9515719,K,K_only,True,0,0,2015-2020,MalariaGEN Pf8
SPT67065,1132-PF-K1000G-DBS-KE-BEJON,Kenya,Kilifi,2019,SPT67065,True,83.63,sWGA,ERR9515720,K,K_only,True,0,0,2015-2020,MalariaGEN Pf8
SPT67066,1132-PF-K1000G-DBS-KE-BEJON,Kenya,Kilifi,2019,SPT67066,True,89.17,sWGA,ERR9515721,K,K_only,True,0,0,2015-2020,MalariaGEN Pf8
SPT67067,1132-PF-K1000G-DBS-KE-BEJON,Kenya,Kilifi,2019,SPT67067,True,63.16,sWGA,ERR9515722,K,K_only,True,0,0,2015-2020,MalariaGEN Pf8
SPT67069,1132-PF-K1000G-DBS-KE-BEJON,Kenya,Kilifi,2019,SPT67069,True,90.89,sWGA,ERR9515724,K,K_only,True,0,0,2015-2020,MalariaGEN Pf8
SPT67070,1132-PF-K1000G-DBS-KE-BEJON,Kenya,Kilifi,2019,SPT67070,True,91.12,sWGA,ERR9515725,K,K_only,True,0,0,2015-2020,MalariaGEN Pf8
SPT67072,1132-PF-K1000G-DBS-KE-BEJON,Kenya,Kilifi,2019,SPT67072,True,90.93,sWGA,ERR9515726,K,K_only,True,0,0,2015-2020,MalariaGEN Pf8
SPT67073,1132-PF-K1000G-DBS-KE-BEJON,Kenya,Kilifi,2019,SPT67073,True,89.91,sWGA,ERR9515727,K,K_only,True,0,0,2015-2020,MalariaGEN Pf8
SPT67074,1132-PF-K1000G-DBS-KE-BEJON,Kenya,Kilifi,2019,SPT67074,True,90.64,sWGA,ERR9515728,K,K_only,True,0,0,2015-2020,MalariaGEN Pf8
SPT67075,1132-PF-K1000G-DBS-KE-BEJON,Kenya,Kilifi,2019,SPT67075,True,88.53,sWGA,ERR9515729,K,K_only,True,0,0,2015-2020,MalariaGEN Pf8
SPT67076,1132-PF-K1000G-DBS-KE-BEJON,Kenya,Kilifi,2019,SPT67076,True,90.13,sWGA,ERR9515730,K,K_only,True,0,0,2015-2020,MalariaGEN Pf8
SPT67077,1132-PF-K1000G-DBS-KE-BEJON,Kenya,Kilifi,2019,SPT67077,True,88.96,sWGA,ERR9515731,K,K_only,True,0,0,2015-2020,MalariaGEN Pf8
SPT67078,1132-PF-K1000G-DBS-KE-BEJON,Kenya,Kilifi,2019,SPT67078,True,81.59,sWGA,ERR9515638,K,K_only,True,0,0,2015-2020,MalariaGEN Pf8
SPT67079,1132-PF-K1000G-DBS-KE-BEJON,Kenya,Kilifi,2019,SPT67079,True,91.45,sWGA,ERR9515639,K,K_only,True,0,0,2015-2020,MalariaGEN Pf8
SPT67081,1132-PF-K1000G-DBS-KE-BEJON,Kenya,Kilifi,2019,SPT67081,True,91.05,sWGA,ERR9515641,K,K_only,True,0,0,2015-2020,MalariaGEN Pf8
SPT67083,1132-PF-K1000G-DBS-KE-BEJON,Kenya,Kilifi,2019,SPT67083,True,89.88,sWGA,ERR9515642,K,K_only,True,0,0,2015-2020,MalariaGEN Pf8
SPT67086,1132-PF-K1000G-DBS-KE-BEJON,Kenya,Kilifi,2019,SPT67086,True,90.94,sWGA,ERR9515645,K,K_only,True,0,0,2015-2020,MalariaGEN Pf8
SPT67088,1132-PF-K1000G-DBS-KE-BEJON,Kenya,Kilifi,2019,SPT67088,True,91.49,sWGA,ERR9515647,K,K_only,True,0,0,2015-2020,MalariaGEN Pf8
SPT67089,1132-PF-K1000G-DBS-KE-BEJON,Kenya,Kilifi,2019,SPT67089,True,88.37,sWGA,ERR9515648,K,K_only,True,0,0,2015-2020,MalariaGEN Pf8
SPT67090,1132-PF-K1000G-DBS-KE-BEJON,Kenya,Kilifi,2019,SPT67090,True,89.34,sWGA,ERR9515649,K,K_only,True,0,0,2015-2020,MalariaGEN Pf8
SPT67091,1132-PF-K1000G-DBS-KE-BEJON,Kenya,Kilifi,2019,SPT67091,True,89.59,sWGA,ERR9515650,K,K_only,True,0,0,2015-2020,MalariaGEN Pf8
SPT67093,1132-PF-K1000G-DBS-KE-BEJON,Kenya,Kilifi,2019,SPT67093,True,90.18,sWGA,ERR9515652,K,K_only,True,0,0,2015-2020,MalariaGEN Pf8
SPT67094,1132-PF-K1000G-DBS-KE-BEJON,Kenya,Kilifi,2019,SPT67094,True,90.66,sWGA,ERR9515653,K,K_only,True,0,0,2015-2020,MalariaGEN Pf8
SPT67096,1132-PF-K1000G-DBS-KE-BEJON,Kenya,Kilifi,2019,SPT67096,True,90.83,sWGA,ERR9515654,K,K_only,True,0,0,2015-2020,MalariaGEN Pf8
SPT67100,1132-PF-K1000G-DBS-KE-BEJON,Kenya,Kilifi,2019,SPT67100,True,91.72,sWGA,ERR9515691,K,K_only,True,0,0,2015-2020,MalariaGEN Pf8
SPT67101,1132-PF-K1000G-DBS-KE-BEJON,Kenya,Kilifi,2019,SPT67101,True,91.05,sWGA,ERR9515655,K,K_only,True,0,0,2015-2020,MalariaGEN Pf8
SPT67103,1132-PF-K1000G-DBS-KE-BEJON,Kenya,Kilifi,2019,SPT67103,True,90.69,sWGA,ERR9515657,K,K_only,True,0,0,2015-2020,MalariaGEN Pf8
SPT67104,1132-PF-K1000G-DBS-KE-BEJON,Kenya,Kilifi,2019,SPT67104,True,90.31,sWGA,ERR9515658,K,K_only,True,0,0,2015-2020,MalariaGEN Pf8
SPT67106,1132-PF-K1000G-DBS-KE-BEJON,Kenya,Kilifi,2019,SPT67106,True,90.53,sWGA,ERR9515659,K,K_only,True,0,0,2015-2020,MalariaGEN Pf8
SPT67109,1132-PF-K1000G-DBS-KE-BEJON,Kenya,Kilifi,2019,SPT67109,True,91.08,sWGA,ERR9515661,K,K_only,True,0,0,2015-2020,MalariaGEN Pf8
SPT67111,1132-PF-K1000G-DBS-KE-BEJON,Kenya,Kilifi,2019,SPT67111,True,91.25,sWGA,ERR9515662,K,K_only,True,0,0,2015-2020,MalariaGEN Pf8
SPT67112,1132-PF-K1000G-DBS-KE-BEJON,Kenya,Kilifi,2019,SPT67112,True,91.31,sWGA,ERR9515663,K,K_only,True,0,0,2015-2020,MalariaGEN Pf8
SPT67113,1132-PF-K1000G-DBS-KE-BEJON,Kenya,Kilifi,2019,SPT67113,True,90.75,sWGA,ERR9515664,K,K_only,True,0,0,2015-2020,MalariaGEN Pf8
SPT67114,1132-PF-K1000G-DBS-KE-BEJON,Kenya,Kilifi,2019,SPT67114,True,91.16,sWGA,ERR9515665,K,K_only,True,0,0,2015-2020,MalariaGEN Pf8
SPT67115,1132-PF-K1000G-DBS-KE-BEJON,Kenya,Kilifi,2019,SPT67115,True,90.95,sWGA,ERR9515666,K,K_only,True,0,0,2015-2020,MalariaGEN Pf8
SPT67116,1132-PF-K1000G-DBS-KE-BEJON,Kenya,Kilifi,2019,SPT67116,True,90.73,sWGA,ERR9515667,K,K_only,True,0,0,2015-2020,MalariaGEN Pf8
SPT67118,1132-PF-K1000G-DBS-KE-BEJON,Kenya,Kilifi,2019,SPT67118,True,87.05,sWGA,ERR9515668,K,K_only,True,0,0,2015-2020,MalariaGEN Pf8
SPT67119,1132-PF-K1000G-DBS-KE-BEJON,Kenya,Kilifi,2019,SPT67119,True,90.1,sWGA,ERR9515669,K,K_only,True,0,0,2015-2020,MalariaGEN Pf8
SPT67120,1132-PF-K1000G-DBS-KE-BEJON,Kenya,Kilifi,2019,SPT67120,True,90.8,sWGA,ERR9515670,K,K_only,True,0,0,2015-2020,MalariaGEN Pf8
SPT67121,1132-PF-K1000G-DBS-KE-BEJON,Kenya,Kilifi,2019,SPT67121,True,86.05,sWGA,ERR9515671,K,K_only,True,0,0,2015-2020,MalariaGEN Pf8
SPT67123,1132-PF-K1000G-DBS-KE-BEJON,Kenya,Kilifi,2019,SPT67123,True,88.93,sWGA,ERR9515672,K,K_only,True,0,0,2015-2020,MalariaGEN Pf8
SPT67124,1132-PF-K1000G-DBS-KE-BEJON,Kenya,Kilifi,2019,SPT67124,True,88.43,sWGA,ERR9515673,K,K_only,True,0,0,2015-2020,MalariaGEN Pf8
SPT67125,1132-PF-K1000G-DBS-KE-BEJON,Kenya,Kilifi,2019,SPT67125,True,89.88,sWGA,ERR9515674,K,K_only,True,0,0,2015-2020,MalariaGEN Pf8
SPT67126,1132-PF-K1000G-DBS-KE-BEJON,Kenya,Kilifi,2019,SPT67126,True,88.7,sWGA,ERR9515675,K,K_only,True,0,0,2015-2020,MalariaGEN Pf8
SPT67127,1132-PF-K1000G-DBS-KE-BEJON,Kenya,Kilifi,2019,SPT67127,True,90.45,sWGA,ERR9515676,K,K_only,True,0,0,2015-2020,MalariaGEN Pf8
SPT67128,1132-PF-K1000G-DBS-KE-BEJON,Kenya,Kilifi,2019,SPT67128,True,89.51,sWGA,ERR9515677,K,K_only,True,0,0,2015-2020,MalariaGEN Pf8
SPT67129,1132-PF-K1000G-DBS-KE-BEJON,Kenya,Kilifi,2019,SPT67129,True,89.61,sWGA,ERR9515678,K,K_only,True,0,0,2015-2020,MalariaGEN Pf8
SPT67130,1132-PF-K1000G-DBS-KE-BEJON,Kenya,Kilifi,2019,SPT67130,True,91.31,sWGA,ERR9515679,K,K_only,True,0,0,2015-2020,MalariaGEN Pf8
SPT67131,1132-PF-K1000G-DBS-KE-BEJON,Kenya,Kilifi,2019,SPT67131,True,89.83,sWGA,ERR9515680,K,K_only,True,0,0,2015-2020,MalariaGEN Pf8
SPT67133,1132-PF-K1000G-DBS-KE-BEJON,Kenya,Kilifi,2019,SPT67133,True,88.65,sWGA,ERR9515682,K,K_only,True,0,0,2015-2020,MalariaGEN Pf8
SPT67134,1132-PF-K1000G-DBS-KE-BEJON,Kenya,Kilifi,2019,SPT67134,True,88.87,sWGA,ERR9515683,K,K_only,True,0,0,2015-2020,MalariaGEN Pf8
SPT67135,1132-PF-K1000G-DBS-KE-BEJON,Kenya,Kilifi,2019,SPT67135,True,88.78,sWGA,ERR9515755,K,K_only,True,0,0,2015-2020,MalariaGEN Pf8
SPT67139,1132-PF-K1000G-DBS-KE-BEJON,Kenya,Kilifi,2019,SPT67139,True,91.97,sWGA,ERR9515692,K,K_only,True,0,0,2015-2020,MalariaGEN Pf8
SPT67140,1132-PF-K1000G-DBS-KE-BEJON,Kenya,Kilifi,2019,SPT67140,True,91.03,sWGA,ERR9515759,K,K_only,True,0,0,2015-2020,MalariaGEN Pf8
SPT67142,1132-PF-K1000G-DBS-KE-BEJON,Kenya,Kilifi,2019,SPT67142,True,91.44,sWGA,ERR9515693,K,K_only,True,0,0,2015-2020,MalariaGEN Pf8
SPT67144,1132-PF-K1000G-DBS-KE-BEJON,Kenya,Kilifi,2019,SPT67144,True,89.94,sWGA,ERR9515762,K,K_only,True,0,0,2015-2020,MalariaGEN Pf8
SPT67145,1132-PF-K1000G-DBS-KE-BEJON,Kenya,Kilifi,2019,SPT67145,True,86.47,sWGA,ERR9515763,K,K_only,True,0,0,2015-2020,MalariaGEN Pf8
SPT67146,1132-PF-K1000G-DBS-KE-BEJON,Kenya,Kilifi,2019,SPT67146,True,78.06,sWGA,ERR9515764,K,K_only,True,0,0,2015-2020,MalariaGEN Pf8
SPT67147,1132-PF-K1000G-DBS-KE-BEJON,Kenya,Kilifi,2019,SPT67147,True,91.6,sWGA,ERR9515765,K,K_only,True,0,0,2015-2020,MalariaGEN Pf8
SPT67148,1132-PF-K1000G-DBS-KE-BEJON,Kenya,Kilifi,2019,SPT67148,True,90.33,sWGA,ERR9515766,K,K_only,True,0,0,2015-2020,MalariaGEN Pf8
SPT67149,1132-PF-K1000G-DBS-KE-BEJON,Kenya,Kilifi,2019,SPT67149,True,89.88,sWGA,ERR9515767,K,K_only,True,0,0,2015-2020,MalariaGEN Pf8
SPT67150,1132-PF-K1000G-DBS-KE-BEJON,Kenya,Kilifi,2019,SPT67150,True,90.64,sWGA,ERR9515768,K,K_only,True,0,0,2015-2020,MalariaGEN Pf8
SPT67151,1132-PF-K1000G-DBS-KE-BEJON,Kenya,Kilifi,2019,SPT67151,True,89.6,sWGA,ERR9515769,K,K_only,True,0,0,2015-2020,MalariaGEN Pf8
SPT67152,1132-PF-K1000G-DBS-KE-BEJON,Kenya,Kilifi,2019,SPT67152,True,90.31,sWGA,ERR9515770,K,K_only,True,0,0,2015-2020,MalariaGEN Pf8
SPT67154,1132-PF-K1000G-DBS-KE-BEJON,Kenya,Kilifi,2019,SPT67154,True,89.2,sWGA,ERR9515771,K,K_only,True,0,0,2015-2020,MalariaGEN Pf8
SPT67156,1132-PF-K1000G-DBS-KE-BEJON,Kenya,Kilifi,2019,SPT67156,True,56.02,sWGA,ERR9515772,K,K_only,True,0,0,2015-2020,MalariaGEN Pf8
SPT67158,1132-PF-K1000G-DBS-KE-BEJON,Kenya,Kilifi,2019,SPT67158,True,85.82,sWGA,ERR9515774,K,K_only,True,0,0,2015-2020,MalariaGEN Pf8
SPT67161,1132-PF-K1000G-DBS-KE-BEJON,Kenya,Kilifi,2019,SPT67161,True,90.6,sWGA,ERR9515777,K,K_only,True,0,0,2015-2020,MalariaGEN Pf8
SPT67162,1132-PF-K1000G-DBS-KE-BEJON,Kenya,Kilifi,2019,SPT67162,True,90.65,sWGA,ERR9515732,K,K_only,True,0,0,2015-2020,MalariaGEN Pf8
SPT67164,1132-PF-K1000G-DBS-KE-BEJON,Kenya,Kilifi,2019,SPT67164,True,89.7,sWGA,ERR9515733,K,K_only,True,0,0,2015-2020,MalariaGEN Pf8
SPT67165,1132-PF-K1000G-DBS-KE-BEJON,Kenya,Kilifi,2019,SPT67165,True,90.69,sWGA,ERR9515734,K,K_only,True,0,0,2015-2020,MalariaGEN Pf8
SPT67166,1132-PF-K1000G-DBS-KE-BEJON,Kenya,Kilifi,2019,SPT67166,True,90.64,sWGA,ERR9515735,K,K_only,True,0,0,2015-2020,MalariaGEN Pf8
SPT67168,1132-PF-K1000G-DBS-KE-BEJON,Kenya,Kilifi,2019,SPT67168,True,90.09,sWGA,ERR9515736,K,K_only,True,0,0,2015-2020,MalariaGEN Pf8
SPT67169,1132-PF-K1000G-DBS-KE-BEJON,Kenya,Kilifi,2019,SPT67169,True,89.87,sWGA,ERR9515737,K,K_only,True,0,0,2015-2020,MalariaGEN Pf8
SPT67170,1132-PF-K1000G-DBS-KE-BEJON,Kenya,Kilifi,2019,SPT67170,True,90.77,sWGA,ERR9515738,K,K_only,True,0,0,2015-2020,MalariaGEN Pf8
SPT67171,1132-PF-K1000G-DBS-KE-BEJON,Kenya,Kilifi,2019,SPT67171,True,90.08,sWGA,ERR9515739,K,K_only,True,0,0,2015-2020,MalariaGEN Pf8
SPT67173,1132-PF-K1000G-DBS-KE-BEJON,Kenya,Kilifi,2019,SPT67173,True,89.6,sWGA,ERR9515740,K,K_only,True,0,0,2015-2020,MalariaGEN Pf8
SPT67175,1132-PF-K1000G-DBS-KE-BEJON,Kenya,Kilifi,2019,SPT67175,True,88.56,sWGA,ERR9515741,K,K_only,True,0,0,2015-2020,MalariaGEN Pf8
SPT67176,1132-PF-K1000G-DBS-KE-BEJON,Kenya,Kilifi,2019,SPT67176,True,88.75,sWGA,ERR9515742,K,K_only,True,0,0,2015-2020,MalariaGEN Pf8
SPT67177,1132-PF-K1000G-DBS-KE-BEJON,Kenya,Kilifi,2019,SPT67177,True,92.03,sWGA,ERR9515743,K,K_only,True,0,0,2015-2020,MalariaGEN Pf8
SPT67178,1132-PF-K1000G-DBS-KE-BEJON,Kenya,Kilifi,2019,SPT67178,True,91.16,sWGA,ERR9515744,K,K_only,True,0,0,2015-2020,MalariaGEN Pf8
SPT67180,1132-PF-K1000G-DBS-KE-BEJON,Kenya,Kilifi,2019,SPT67180,True,89.87,sWGA,ERR9515746,K,K_only,True,0,0,2015-2020,MalariaGEN Pf8
SPT67182,1132-PF-K1000G-DBS-KE-BEJON,Kenya,Kilifi,2019,SPT67182,True,89.65,sWGA,ERR9515747,K,K_only,True,0,0,2015-2020,MalariaGEN Pf8
SPT67184,1132-PF-K1000G-DBS-KE-BEJON,Kenya,Kilifi,2019,SPT67184,True,88.35,sWGA,ERR9515749,K,K_only,True,0,0,2015-2020,MalariaGEN Pf8
SPT67185,1132-PF-K1000G-DBS-KE-BEJON,Kenya,Kilifi,2019,SPT67185,True,87.77,sWGA,ERR9515750,K,K_only,True,0,0,2015-2020,MalariaGEN Pf8
SPT67186,1132-PF-K1000G-DBS-KE-BEJON,Kenya,Kilifi,2019,SPT67186,True,88.31,sWGA,ERR9515751,K,K_only,True,0,0,2015-2020,MalariaGEN Pf8
SPT66878,1132-PF-K1000G-DBS-KE-BEJON,Kenya,Kilifi,2020,SPT66878,True,91.46,sWGA,ERR9515598,K,K_only,True,0,0,2015-2020,MalariaGEN Pf8
SPT66879,1132-PF-K1000G-DBS-KE-BEJON,Kenya,Kilifi,2020,SPT66879,True,91.03,sWGA,ERR9515599,K,K_only,True,0,0,2015-2020,MalariaGEN Pf8
SPT66880,1132-PF-K1000G-DBS-KE-BEJON,Kenya,Kilifi,2020,SPT66880,True,90.14,sWGA,ERR9515600,K,K_only,True,0,0,2015-2020,MalariaGEN Pf8
SPT66887,1132-PF-K1000G-DBS-KE-BEJON,Kenya,Kilifi,2020,SPT66887,True,90.85,sWGA,ERR9515604,K,K_only,True,0,0,2015-2020,MalariaGEN Pf8
SPT66889,1132-PF-K1000G-DBS-KE-BEJON,Kenya,Kilifi,2020,SPT66889,True,89.7,sWGA,ERR9515605,K,K_only,True,0,0,2015-2020,MalariaGEN Pf8
SPT67003,1132-PF-K1000G-DBS-KE-BEJON,Kenya,Kilifi,2020,SPT67003,True,92.0,sWGA,ERR9515581,K,K_only,True,0,0,2015-2020,MalariaGEN Pf8
SPT67004,1132-PF-K1000G-DBS-KE-BEJON,Kenya,Kilifi,2020,SPT67004,True,86.17,sWGA,ERR9515530,K,K_only,True,0,0,2015-2020,MalariaGEN Pf8
SPT67006,1132-PF-K1000G-DBS-KE-BEJON,Kenya,Kilifi,2020,SPT67006,True,89.78,sWGA,ERR9515532,K,K_only,True,0,0,2015-2020,MalariaGEN Pf8
SPT67007,1132-PF-K1000G-DBS-KE-BEJON,Kenya,Kilifi,2020,SPT67007,True,91.38,sWGA,ERR9515582,K,K_only,True,0,0,2015-2020,MalariaGEN Pf8
SPT67008,1132-PF-K1000G-DBS-KE-BEJON,Kenya,Kilifi,2020,SPT67008,True,89.75,sWGA,ERR9515583,K,K_only,True,0,0,2015-2020,MalariaGEN Pf8
SPT67010,1132-PF-K1000G-DBS-KE-BEJON,Kenya,Kilifi,2020,SPT67010,True,91.28,sWGA,ERR9515584,K,K_only,True,0,0,2015-2020,MalariaGEN Pf8
SPT67011,1132-PF-K1000G-DBS-KE-BEJON,Kenya,Kilifi,2020,SPT67011,True,91.42,sWGA,ERR9515585,K,K_only,True,0,0,2015-2020,MalariaGEN Pf8
SPT67012,1132-PF-K1000G-DBS-KE-BEJON,Kenya,Kilifi,2020,SPT67012,True,91.6,sWGA,ERR9515586,K,K_only,True,0,0,2015-2020,MalariaGEN Pf8
SPT67013,1132-PF-K1000G-DBS-KE-BEJON,Kenya,Kilifi,2020,SPT67013,True,91.58,sWGA,ERR9515534,K,K_only,True,0,0,2015-2020,MalariaGEN Pf8
SPT67014,1132-PF-K1000G-DBS-KE-BEJON,Kenya,Kilifi,2020,SPT67014,True,91.39,sWGA,ERR9515535,K,K_only,True,0,0,2015-2020,MalariaGEN Pf8
SPT67015,1132-PF-K1000G-DBS-KE-BEJON,Kenya,Kilifi,2020,SPT67015,True,89.4,sWGA,ERR9515536,K,K_only,True,0,0,2015-2020,MalariaGEN Pf8
SPT67016,1132-PF-K1000G-DBS-KE-BEJON,Kenya,Kilifi,2020,SPT67016,True,92.01,sWGA,ERR9515587,K,K_only,True,0,0,2015-2020,MalariaGEN Pf8
SPT67018,1132-PF-K1000G-DBS-KE-BEJON,Kenya,Kilifi,2020,SPT67018,True,91.82,sWGA,ERR9515588,K,K_only,True,0,0,2015-2020,MalariaGEN Pf8
SPT67019,1132-PF-K1000G-DBS-KE-BEJON,Kenya,Kilifi,2020,SPT67019,True,91.29,sWGA,ERR9515537,K,K_only,True,0,0,2015-2020,MalariaGEN Pf8
SPT67020,1132-PF-K1000G-DBS-KE-BEJON,Kenya,Kilifi,2020,SPT67020,True,86.74,sWGA,ERR9515538,K,K_only,True,0,0,2015-2020,MalariaGEN Pf8
SPT67188,1132-PF-K1000G-DBS-KE-BEJON,Kenya,Kilifi,2020,SPT67188,True,90.67,sWGA,ERR9515753,K,K_only,True,0,0,2015-2020,MalariaGEN Pf8
SPT67191,1132-PF-K1000G-DBS-KE-BEJON,Kenya,Kilifi,2020,SPT67191,True,89.08,sWGA,ERR9796241,K,K_only,True,0,0,2015-2020,MalariaGEN Pf8
SPT67192,1132-PF-K1000G-DBS-KE-BEJON,Kenya,Kilifi,2020,SPT67192,True,88.65,sWGA,ERR9796242,K,K_only,True,0,0,2015-2020,MalariaGEN Pf8
SPT67194,1132-PF-K1000G-DBS-KE-BEJON,Kenya,Kilifi,2020,SPT67194,True,89.79,sWGA,ERR9796244,K,K_only,True,0,0,2015-2020,MalariaGEN Pf8
SPT67195,1132-PF-K1000G-DBS-KE-BEJON,Kenya,Kilifi,2020,SPT67195,True,90.3,sWGA,ERR9796245,K,K_only,True,0,0,2015-2020,MalariaGEN Pf8
SPT67197,1132-PF-K1000G-DBS-KE-BEJON,Kenya,Kilifi,2020,SPT67197,True,53.34,sWGA,ERR9796246,K,K_only,True,0,0,2015-2020,MalariaGEN Pf8
SPT67199,1132-PF-K1000G-DBS-KE-BEJON,Kenya,Kilifi,2020,SPT67199,True,87.79,sWGA,ERR9796248,K,K_only,True,0,0,2015-2020,MalariaGEN Pf8
SPT67201,1132-PF-K1000G-DBS-KE-BEJON,Kenya,Kilifi,2020,SPT67201,True,89.63,sWGA,ERR9796250,K,K_only,True,0,0,2015-2020,MalariaGEN Pf8
SPT67204,1132-PF-K1000G-DBS-KE-BEJON,Kenya,Kilifi,2020,SPT67204,True,90.2,sWGA,ERR9796251,K,K_only,True,0,0,2015-2020,MalariaGEN Pf8
SPT67205,1132-PF-K1000G-DBS-KE-BEJON,Kenya,Kilifi,2020,SPT67205,True,75.93,sWGA,ERR9796252,K,K_only,True,0,0,2015-2020,MalariaGEN Pf8
SPT67206,1132-PF-K1000G-DBS-KE-BEJON,Kenya,Kilifi,2020,SPT67206,True,90.64,sWGA,ERR9796253,K,K_only,True,0,0,2015-2020,MalariaGEN Pf8
SPT67207,1132-PF-K1000G-DBS-KE-BEJON,Kenya,Kilifi,2020,SPT67207,True,91.05,sWGA,ERR9796254,K,K_only,True,0,0,2015-2020,MalariaGEN Pf8
SPT67208,1132-PF-K1000G-DBS-KE-BEJON,Kenya,Kilifi,2020,SPT67208,True,88.74,sWGA,ERR9796255,K,K_only,True,0,0,2015-2020,MalariaGEN Pf8
SPT67210,1132-PF-K1000G-DBS-KE-BEJON,Kenya,Kilifi,2020,SPT67210,True,90.44,sWGA,ERR9796256,K,K_only,True,0,0,2015-2020,MalariaGEN Pf8
SPT67211,1132-PF-K1000G-DBS-KE-BEJON,Kenya,Kilifi,2020,SPT67211,True,79.92,sWGA,ERR9796257,K,K_only,True,0,0,2015-2020,MalariaGEN Pf8
SPT67212,1132-PF-K1000G-DBS-KE-BEJON,Kenya,Kilifi,2020,SPT67212,True,90.12,sWGA,ERR9796258,K,K_only,True,0,0,2015-2020,MalariaGEN Pf8
SPT67213,1132-PF-K1000G-DBS-KE-BEJON,Kenya,Kilifi,2020,SPT67213,True,90.22,sWGA,ERR9796259,K,K_only,True,0,0,2015-2020,MalariaGEN Pf8
SPT67214,1132-PF-K1000G-DBS-KE-BEJON,Kenya,Kilifi,2020,SPT67214,True,89.88,sWGA,ERR9796260,K,K_only,True,0,0,2015-2020,MalariaGEN Pf8
SPT67215,1132-PF-K1000G-DBS-KE-BEJON,Kenya,Kilifi,2020,SPT67215,True,89.88,sWGA,ERR9796261,K,K_only,True,0,0,2015-2020,MalariaGEN Pf8
SPT67217,1132-PF-K1000G-DBS-KE-BEJON,Kenya,Kilifi,2020,SPT67217,True,85.57,sWGA,ERR9796262,K,K_only,True,0,0,2015-2020,MalariaGEN Pf8
SPT67219,1132-PF-K1000G-DBS-KE-BEJON,Kenya,Kilifi,2020,SPT67219,True,90.32,sWGA,ERR10375916,K,K_only,True,0,0,2015-2020,MalariaGEN Pf8
SPT67220,1132-PF-K1000G-DBS-KE-BEJON,Kenya,Kilifi,2020,SPT67220,True,90.05,sWGA,ERR10375917,K,K_only,True,0,0,2015-2020,MalariaGEN Pf8
SPT67221,1132-PF-K1000G-DBS-KE-BEJON,Kenya,Kilifi,2020,SPT67221,True,90.67,sWGA,ERR10375918,K,K_only,True,0,0,2015-2020,MalariaGEN Pf8
SPT67222,1132-PF-K1000G-DBS-KE-BEJON,Kenya,Kilifi,2020,SPT67222,True,90.39,sWGA,ERR10375919,K,K_only,True,0,0,2015-2020,MalariaGEN Pf8
