Sample,Study,Country,Admin level 1,Year,QC pass,Exclusion reason,All samples same case,included_qc_cohort,inclusion_reason
PC0001-C,1015-PF-KE-NZILA,Kenya,Kilifi,2007.0,True,Analysis_set,PC0001-C,True,included_QC_cohort
PC0003-01,1015-PF-KE-NZILA,Kenya,Kilifi,2007.0,False,Lower_covered_duplicate,"PC0003-01,PC0003-02",False,excluded_QC
PC0003-02,1015-PF-KE-NZILA,Kenya,Kilifi,2007.0,True,Analysis_set,"PC0003-01,PC0003-02",True,included_QC_cohort
PC0004-01,1015-PF-KE-NZILA,Kenya,Kilifi,2007.0,True,Analysis_set,"PC0004-01,PC0004-02",True,included_QC_cohort
PC0004-02,1015-PF-KE-NZILA,Kenya,Kilifi,2007.0,False,Lower_covered_duplicate,"PC0004-01,PC0004-02",False,excluded_QC
PC0005-Cx,1015-PF-KE-NZILA,Kenya,Kilifi,2007.0,True,Analysis_set,PC0005-Cx,True,included_QC_cohort
PC0007-C,1015-PF-KE-NZILA,Kenya,Kilifi,2007.0,True,Analysis_set,PC0007-C,True,included_QC_cohort
PC0008-01,1015-PF-KE-NZILA,Kenya,Kilifi,2007.0,True,Analysis_set,"PC0008-01,PC0008-02",True,included_QC_cohort
PC0008-02,1015-PF-KE-NZILA,Kenya,Kilifi,2007.0,False,Lower_covered_duplicate,"PC0008-01,PC0008-02",False,excluded_QC
PC0009-C,1015-PF-KE-NZILA,Kenya,Kilifi,2007.0,True,Analysis_set,PC0009-C,True,included_QC_cohort
PC0011-C,1015-PF-KE-NZILA,Kenya,Kilifi,2007.0,True,Analysis_set,PC0011-C,True,included_QC_cohort
PC0012-01,1015-PF-KE-NZILA,Kenya,Kilifi,2007.0,False,Lower_covered_duplicate,"PC0012-01,PC0012-C",False,excluded_QC
PC0012-C,1015-PF-KE-NZILA,Kenya,Kilifi,2007.0,True,Analysis_set,"PC0012-01,PC0012-C",True,included_QC_cohort
PC0013-C,1015-PF-KE-NZILA,Kenya,Kilifi,2007.0,True,Analysis_set,PC0013-C,True,included_QC_cohort
PC0019-C,1015-PF-KE-NZILA,Kenya,Kilifi,2007.0,True,Analysis_set,PC0019-C,True,included_QC_cohort
PC0020-C,1015-PF-KE-NZILA,Kenya,Kilifi,2007.0,False,Low_coverage,PC0020-C,False,excluded_QC
PC0023-C,1015-PF-KE-NZILA,Kenya,Kilifi,2007.0,True,Analysis_set,PC0023-C,True,included_QC_cohort
PC0026-C,1015-PF-KE-NZILA,Kenya,Kilifi,2007.0,True,Analysis_set,PC0026-C,True,included_QC_cohort
PC0030-C,1015-PF-KE-NZILA,Kenya,Kilifi,2007.0,True,Analysis_set,PC0030-C,True,included_QC_cohort
PC0031-C,1015-PF-KE-NZILA,Kenya,Kilifi,2007.0,True,Analysis_set,PC0031-C,True,included_QC_cohort
PC0032-C,1015-PF-KE-NZILA,Kenya,Kilifi,2007.0,True,Analysis_set,PC0032-C,True,included_QC_cohort
PC0033-C,1015-PF-KE-NZILA,Kenya,Kilifi,2007.0,False,High_num_singletons,PC0033-C,False,excluded_QC
PC0034-C,1015-PF-KE-NZILA,Kenya,Kilifi,2007.0,False,Low_coverage,PC0034-C,False,excluded_QC
PC0035-C,1015-PF-KE-NZILA,Kenya,Kilifi,2007.0,False,Low_coverage,PC0035-C,False,excluded_QC
PC0037-C,1015-PF-KE-NZILA,Kenya,Kilifi,2007.0,False,Low_coverage,PC0037-C,False,excluded_QC
PC0038-C,1015-PF-KE-NZILA,Kenya,Kilifi,2007.0,False,Low_coverage,PC0038-C,False,excluded_QC
PC0044-C,1015-PF-KE-NZILA,Kenya,Kilifi,2007.0,True,Analysis_set,PC0044-C,True,included_QC_cohort
PC0046-C,1015-PF-KE-NZILA,Kenya,Kilifi,2007.0,True,Analysis_set,PC0046-C,True,included_QC_cohort
PC0047-C,1015-PF-KE-NZILA,Kenya,Kilifi,2007.0,True,Analysis_set,PC0047-C,True,included_QC_cohort
PC0048-C,1015-PF-KE-NZILA,Kenya,Kilifi,2007.0,False,Low_coverage,PC0048-C,False,excluded_QC
PC0049-C,1015-PF-KE-NZILA,Kenya,Kilifi,2007.0,False,Low_coverage,PC0049-C,False,excluded_QC
PC0051-C,1015-PF-KE-NZILA,Kenya,Kilifi,2007.0,True,Analysis_set,PC0051-C,True,included_QC_cohort
PC0053-C,1015-PF-KE-NZILA,Kenya,Kilifi,2007.0,True,Analysis_set,PC0053-C,True,included_QC_cohort
PC0054-C,1015-PF-KE-NZILA,Kenya,Kilifi,2007.0,True,Analysis_set,PC0054-C,True,included_QC_cohort
PC0056-C,1015-PF-KE-NZILA,Kenya,Kilifi,2007.0,False,Low_coverage,PC0056-C,False,excluded_QC
PC0057-C,1015-PF-KE-NZILA,Kenya,Kilifi,2007.0,True,Analysis_set,PC0057-C,True,included_QC_cohort
PC0058-C,1015-PF-KE-NZILA,Kenya,Kilifi,2007.0,True,Analysis_set,PC0058-C,True,included_QC_cohort
PC0059-C,1015-PF-KE-NZILA,Kenya,Kilifi,2007.0,False,Low_coverage,PC0059-C,False,excluded_QC
PC0061-C,1015-PF-KE-NZILA,Kenya,Kilifi,2007.0,True,Analysis_set,PC0061-C,True,included_QC_cohort
PC0063-C,1015-PF-KE-NZILA,Kenya,Kilifi,2007.0,True,Analysis_set,PC0063-C,True,included_QC_cohort
PC0064-C,1015-PF-KE-NZILA,Kenya,Kilifi,2007.0,True,Analysis_set,PC0064-C,True,included_QC_cohort
PC0065-C,1015-PF-KE-NZILA,Kenya,Kilifi,2007.0,True,Analysis_set,PC0065-C,True,included_QC_cohort
PC0066-C,1015-PF-KE-NZILA,Kenya,Kilifi,2007.0,True,Analysis_set,PC0066-C,True,included_QC_cohort
PC0067-C,1015-PF-KE-NZILA,Kenya,Kilifi,2007.0,True,Analysis_set,PC0067-C,True,included_QC_cohort
PC0068-C,1015-PF-KE-NZILA,Kenya,Kilifi,2007.0,True,Analysis_set,PC0068-C,True,included_QC_cohort
PC0069-C,1015-PF-KE-NZILA,Kenya,Kilifi,2007.0,True,Analysis_set,PC0069-C,True,included_QC_cohort
PC0070-C,1015-PF-KE-NZILA,Kenya,Kilifi,2007.0,True,Analysis_set,PC0070-C,True,included_QC_cohort
PC0071-C,1015-PF-KE-NZILA,Kenya,Kilifi,2007.0,True,Analysis_set,PC0071-C,True,included_QC_cohort
PC0073-C,1015-PF-KE-NZILA,Kenya,Kilifi,2007.0,True,Analysis_set,PC0073-C,True,included_QC_cohort
PC0074-C,1015-PF-KE-NZILA,Kenya,Kilifi,2007.0,True,Analysis_set,PC0074-C,True,included_QC_cohort
PC0075-C,1015-PF-KE-NZILA,Kenya,Kilifi,2007.0,True,Analysis_set,PC0075-C,True,included_QC_cohort
PC0077-C,1015-PF-KE-NZILA,Kenya,Kilifi,2007.0,True,Analysis_set,PC0077-C,True,included_QC_cohort
PC0078-C,1015-PF-KE-NZILA,Kenya,Kilifi,2007.0,True,Analysis_set,PC0078-C,True,included_QC_cohort
PC0079-C,1015-PF-KE-NZILA,Kenya,Kilifi,2007.0,True,Analysis_set,PC0079-C,True,included_QC_cohort
PC0085-C,1027-PF-KE-BULL,Kenya,Kilifi,2007.0,True,Analysis_set,PC0085-C,True,included_QC_cohort
PC0086-C,1027-PF-KE-BULL,Kenya,Kilifi,2007.0,False,Low_coverage,PC0086-C,False,excluded_QC
PC0097-C,1027-PF-KE-BULL,Kenya,Kilifi,2007.0,True,Analysis_set,PC0097-C,True,included_QC_cohort
PC0103-C,1027-PF-KE-BULL,Kenya,Kilifi,2007.0,True,Analysis_set,PC0103-C,True,included_QC_cohort
PC0104-C,1027-PF-KE-BULL,Kenya,Kilifi,2007.0,True,Analysis_set,PC0104-C,True,included_QC_cohort
PC0107-C,1027-PF-KE-BULL,Kenya,Kilifi,2007.0,True,Analysis_set,PC0107-C,True,included_QC_cohort
PC0109-C,1027-PF-KE-BULL,Kenya,Kilifi,2007.0,False,Low_coverage,PC0109-C,False,excluded_QC
PC0112-C,1027-PF-KE-BULL,Kenya,Kilifi,2007.0,False,Low_coverage,PC0112-C,False,excluded_QC
PC0113-C,1027-PF-KE-BULL,Kenya,Kilifi,2007.0,True,Analysis_set,PC0113-C,True,included_QC_cohort
PC0118-C,1027-PF-KE-BULL,Kenya,Kilifi,2007.0,True,Analysis_set,PC0118-C,True,included_QC_cohort
PC0122-C,1027-PF-KE-BULL,Kenya,Kilifi,2007.0,True,Analysis_set,PC0122-C,True,included_QC_cohort
PC4008-C,1132-PF-K1000G-DBS-KE-BEJON,Kenya,Kilifi,2014.0,True,Analysis_set,"PC4008-C,PC4008-Cx",True,included_QC_cohort
PC4008-Cx,1132-PF-K1000G-DBS-KE-BEJON,Kenya,Kilifi,2014.0,False,Lower_covered_duplicate,"PC4008-C,PC4008-Cx",False,excluded_QC
PC4009-C,1132-PF-K1000G-DBS-KE-BEJON,Kenya,Kilifi,2014.0,True,Analysis_set,"PC4009-C,PC4009-Cx",True,included_QC_cohort
PC4009-Cx,1132-PF-K1000G-DBS-KE-BEJON,Kenya,Kilifi,2014.0,False,Lower_covered_duplicate,"PC4009-C,PC4009-Cx",False,excluded_QC
PC4010-C,1132-PF-K1000G-DBS-KE-BEJON,Kenya,Kilifi,2014.0,False,Lower_covered_duplicate,"PC4010-C,PC4010-Cx,SPT50225",False,excluded_QC
PC4010-Cx,1132-PF-K1000G-DBS-KE-BEJON,Kenya,Kilifi,2014.0,False,Lower_covered_duplicate,"PC4010-C,PC4010-Cx,SPT50225",False,excluded_QC
PC4011-C,1132-PF-K1000G-DBS-KE-BEJON,Kenya,Kilifi,2014.0,True,Analysis_set,PC4011-C,True,included_QC_cohort
PC4013-C,1132-PF-K1000G-DBS-KE-BEJON,Kenya,Kilifi,2014.0,True,Analysis_set,PC4013-C,True,included_QC_cohort
PC4014-C,1132-PF-K1000G-DBS-KE-BEJON,Kenya,Kilifi,1997.0,True,Analysis_set,PC4014-C,True,included_QC_cohort
PC4015-C,1132-PF-K1000G-DBS-KE-BEJON,Kenya,Kilifi,1997.0,True,Analysis_set,PC4015-C,True,included_QC_cohort
PC4016-C,1132-PF-K1000G-DBS-KE-BEJON,Kenya,Kilifi,1997.0,True,Analysis_set,PC4016-C,True,included_QC_cohort
PC4018-C,1132-PF-K1000G-DBS-KE-BEJON,Kenya,Kilifi,1997.0,False,Lower_covered_duplicate,"PC4018-C,SPT50150",False,excluded_QC
PC4019-C,1132-PF-K1000G-DBS-KE-BEJON,Kenya,Kilifi,1997.0,True,Analysis_set,PC4019-C,True,included_QC_cohort
PC4021-C,1132-PF-K1000G-DBS-KE-BEJON,Kenya,Kilifi,1997.0,True,Analysis_set,PC4021-C,True,included_QC_cohort
PC4022-C,1132-PF-K1000G-DBS-KE-BEJON,Kenya,Kilifi,1997.0,False,Low_coverage,PC4022-C,False,excluded_QC
PC4024-C,1132-PF-K1000G-DBS-KE-BEJON,Kenya,Kilifi,1997.0,True,Analysis_set,PC4024-C,True,included_QC_cohort
PC4025-C,1132-PF-K1000G-DBS-KE-BEJON,Kenya,Kilifi,1997.0,True,Analysis_set,PC4025-C,True,included_QC_cohort
PC4026-C,1132-PF-K1000G-DBS-KE-BEJON,Kenya,Kilifi,1997.0,True,Analysis_set,PC4026-C,True,included_QC_cohort
PC4027-C,1132-PF-K1000G-DBS-KE-BEJON,Kenya,Kilifi,1997.0,True,Analysis_set,PC4027-C,True,included_QC_cohort
PC4028-C,1132-PF-K1000G-DBS-KE-BEJON,Kenya,Kilifi,1997.0,True,Analysis_set,PC4028-C,True,included_QC_cohort
PC4030-C,1132-PF-K1000G-DBS-KE-BEJON,Kenya,Kilifi,1997.0,True,Analysis_set,PC4030-C,True,included_QC_cohort
PC4031-C,1132-PF-K1000G-DBS-KE-BEJON,Kenya,Kilifi,1997.0,False,Lower_covered_duplicate,"PC4031-C,SPT50509",False,excluded_QC
PC4032-C,1132-PF-K1000G-DBS-KE-BEJON,Kenya,Kilifi,1997.0,True,Analysis_set,PC4032-C,True,included_QC_cohort
PC4033-C,1132-PF-K1000G-DBS-KE-BEJON,Kenya,Kilifi,1997.0,True,Analysis_set,PC4033-C,True,included_QC_cohort
PC4034-C,1132-PF-K1000G-DBS-KE-BEJON,Kenya,Kilifi,1997.0,True,Analysis_set,PC4034-C,True,included_QC_cohort
PC4035-C,1132-PF-K1000G-DBS-KE-BEJON,Kenya,Kilifi,1997.0,True,Analysis_set,PC4035-C,True,included_QC_cohort
PC4036-C,1132-PF-K1000G-DBS-KE-BEJON,Kenya,Kilifi,1997.0,True,Analysis_set,"PC4036-C,PC4036-Cx",True,included_QC_cohort
PC4036-Cx,1132-PF-K1000G-DBS-KE-BEJON,Kenya,Kilifi,1997.0,False,Lower_covered_duplicate,"PC4036-C,PC4036-Cx",False,excluded_QC
PC4037-C,1132-PF-K1000G-DBS-KE-BEJON,Kenya,Kilifi,1997.0,True,Analysis_set,PC4037-C,True,included_QC_cohort
PC4038-C,1132-PF-K1000G-DBS-KE-BEJON,Kenya,Kilifi,1997.0,True,Analysis_set,PC4038-C,True,included_QC_cohort
PC4039-C,1132-PF-K1000G-DBS-KE-BEJON,Kenya,Kilifi,1998.0,True,Analysis_set,PC4039-C,True,included_QC_cohort
PC4040-C,1132-PF-K1000G-DBS-KE-BEJON,Kenya,Kilifi,1998.0,True,Analysis_set,PC4040-C,True,included_QC_cohort
PC4041-C,1132-PF-K1000G-DBS-KE-BEJON,Kenya,Kilifi,1997.0,True,Analysis_set,PC4041-C,True,included_QC_cohort
PC4042-C,1132-PF-K1000G-DBS-KE-BEJON,Kenya,Kilifi,1997.0,False,Lower_covered_duplicate,"PC4042-C,SPT50793",False,excluded_QC
PC4043-C,1132-PF-K1000G-DBS-KE-BEJON,Kenya,Kilifi,1998.0,True,Analysis_set,PC4043-C,True,included_QC_cohort
PC4044-C,1132-PF-K1000G-DBS-KE-BEJON,Kenya,Kilifi,1997.0,True,Analysis_set,PC4044-C,True,included_QC_cohort
PC4045-C,1132-PF-K1000G-DBS-KE-BEJON,Kenya,Kilifi,1997.0,True,Analysis_set,PC4045-C,True,included_QC_cohort
PC4046-C,1132-PF-K1000G-DBS-KE-BEJON,Kenya,Kilifi,1998.0,True,Analysis_set,PC4046-C,True,included_QC_cohort
PC4047-C,1132-PF-K1000G-DBS-KE-BEJON,Kenya,Kilifi,1998.0,True,Analysis_set,PC4047-C,True,included_QC_cohort
PC4048-C,1132-PF-K1000G-DBS-KE-BEJON,Kenya,Kilifi,1997.0,True,Analysis_set,PC4048-C,True,included_QC_cohort
PC4049-C,1132-PF-K1000G-DBS-KE-BEJON,Kenya,Kilifi,2004.0,True,Analysis_set,PC4049-C,True,included_QC_cohort
PC4050-C,1132-PF-K1000G-DBS-KE-BEJON,Kenya,Kilifi,2003.0,False,Lower_covered_duplicate,"PC4050-C,PC4050-Cx,SPT50545",False,excluded_QC
PC4050-Cx,1132-PF-K1000G-DBS-KE-BEJON,Kenya,Kilifi,2003.0,False,Lower_covered_duplicate,"PC4050-C,PC4050-Cx,SPT50545",False,excluded_QC
PC4051-C,1132-PF-K1000G-DBS-KE-BEJON,Kenya,Kilifi,2003.0,False,Lower_covered_duplicate,"PC4051-C,SPT50166",False,excluded_QC
PC4052-C,1132-PF-K1000G-DBS-KE-BEJON,Kenya,Kilifi,2003.0,True,Analysis_set,PC4052-C,True,included_QC_cohort
PC4054-C,1132-PF-K1000G-DBS-KE-BEJON,Kenya,Kilifi,2003.0,True,Analysis_set,PC4054-C,True,included_QC_cohort
PC4055-C,1132-PF-K1000G-DBS-KE-BEJON,Kenya,Kilifi,2004.0,True,Analysis_set,PC4055-C,True,included_QC_cohort
PC4056-C,1132-PF-K1000G-DBS-KE-BEJON,Kenya,Kilifi,2003.0,False,Lower_covered_duplicate,"PC4056-C,SPT50544",False,excluded_QC
PC4060-C,1132-PF-K1000G-DBS-KE-BEJON,Kenya,Kilifi,2006.0,True,Analysis_set,PC4060-C,True,included_QC_cohort
PC4061-C,1132-PF-K1000G-DBS-KE-BEJON,Kenya,Kilifi,2006.0,True,Analysis_set,PC4061-C,True,included_QC_cohort
PC4062-C,1132-PF-K1000G-DBS-KE-BEJON,Kenya,Kilifi,2006.0,True,Analysis_set,PC4062-C,True,included_QC_cohort
PC4063-C,1132-PF-K1000G-DBS-KE-BEJON,Kenya,Kilifi,2006.0,False,Low_coverage,PC4063-C,False,excluded_QC
PC4066-C,1132-PF-K1000G-DBS-KE-BEJON,Kenya,Kilifi,2007.0,True,Analysis_set,PC4066-C,True,included_QC_cohort
PC4068-C,1132-PF-K1000G-DBS-KE-BEJON,Kenya,Kilifi,2007.0,True,Analysis_set,PC4068-C,True,included_QC_cohort
PC4074-C,1132-PF-K1000G-DBS-KE-BEJON,Kenya,Kilifi,2007.0,True,Analysis_set,PC4074-C,True,included_QC_cohort
PC4079-C,1132-PF-K1000G-DBS-KE-BEJON,Kenya,Kilifi,2007.0,True,Analysis_set,PC4079-C,True,included_QC_cohort
PC4083-C,1132-PF-K1000G-DBS-KE-BEJON,Kenya,Kilifi,2005.0,True,Analysis_set,PC4083-C,True,included_QC_cohort
PC4084-C,1132-PF-K1000G-DBS-KE-BEJON,Kenya,Kilifi,2006.0,True,Analysis_set,PC4084-C,True,included_QC_cohort
PC4085-C,1132-PF-K1000G-DBS-KE-BEJON,Kenya,Kilifi,2006.0,True,Analysis_set,PC4085-C,True,included_QC_cohort
PC4086-C,1132-PF-K1000G-DBS-KE-BEJON,Kenya,Kilifi,2006.0,True,Analysis_set,PC4086-C,True,included_QC_cohort
PC4088-C,1132-PF-K1000G-DBS-KE-BEJON,Kenya,Kilifi,2006.0,True,Analysis_set,PC4088-C,True,included_QC_cohort
PC4095-C,1132-PF-K1000G-DBS-KE-BEJON,Kenya,Kilifi,2007.0,True,Analysis_set,PC4095-C,True,included_QC_cohort
PC4098-C,1132-PF-K1000G-DBS-KE-BEJON,Kenya,Kilifi,2007.0,True,Analysis_set,PC4098-C,True,included_QC_cohort
PC4104-C,1132-PF-K1000G-DBS-KE-BEJON,Kenya,Kilifi,2007.0,True,Analysis_set,PC4104-C,True,included_QC_cohort
PC4114-C,1132-PF-K1000G-DBS-KE-BEJON,Kenya,Kilifi,2007.0,True,Analysis_set,PC4114-C,True,included_QC_cohort
PC4116-C,1132-PF-K1000G-DBS-KE-BEJON,Kenya,Kilifi,2007.0,True,Analysis_set,PC4116-C,True,included_QC_cohort
PC4117-C,1132-PF-K1000G-DBS-KE-BEJON,Kenya,Kilifi,2007.0,True,Analysis_set,PC4117-C,True,included_QC_cohort
PC4118-C,1132-PF-K1000G-DBS-KE-BEJON,Kenya,Kilifi,2007.0,True,Analysis_set,PC4118-C,True,included_QC_cohort
PC4126-C,1132-PF-K1000G-DBS-KE-BEJON,Kenya,Kilifi,2008.0,True,Analysis_set,PC4126-C,True,included_QC_cohort
PC4128-C,1132-PF-K1000G-DBS-KE-BEJON,Kenya,Kilifi,2008.0,True,Analysis_set,PC4128-C,True,included_QC_cohort
PC4129-C,1132-PF-K1000G-DBS-KE-BEJON,Kenya,Kilifi,2008.0,True,Analysis_set,PC4129-C,True,included_QC_cohort
PC4130-C,1132-PF-K1000G-DBS-KE-BEJON,Kenya,Kilifi,2008.0,True,Analysis_set,PC4130-C,True,included_QC_cohort
SPT42825,1132-PF-K1000G-DBS-KE-BEJON,Kenya,Kilifi,1994.0,True,Analysis_set,SPT42825,True,included_QC_cohort
SPT42826,1132-PF-K1000G-DBS-KE-BEJON,Kenya,Kilifi,1994.0,True,Analysis_set,SPT42826,True,included_QC_cohort
SPT42827,1132-PF-K1000G-DBS-KE-BEJON,Kenya,Kilifi,1994.0,True,Analysis_set,SPT42827,True,included_QC_cohort
SPT42828,1132-PF-K1000G-DBS-KE-BEJON,Kenya,Kilifi,1995.0,True,Analysis_set,SPT42828,True,included_QC_cohort
SPT42829,1132-PF-K1000G-DBS-KE-BEJON,Kenya,Kilifi,1995.0,True,Analysis_set,SPT42829,True,included_QC_cohort
SPT42830,1132-PF-K1000G-DBS-KE-BEJON,Kenya,Kilifi,1995.0,True,Analysis_set,SPT42830,True,included_QC_cohort
SPT42831,1132-PF-K1000G-DBS-KE-BEJON,Kenya,Kilifi,1995.0,True,Analysis_set,SPT42831,True,included_QC_cohort
SPT42832,1132-PF-K1000G-DBS-KE-BEJON,Kenya,Kilifi,1995.0,True,Analysis_set,SPT42832,True,included_QC_cohort
SPT42833,1132-PF-K1000G-DBS-KE-BEJON,Kenya,Kilifi,1995.0,True,Analysis_set,SPT42833,True,included_QC_cohort
SPT42834,1132-PF-K1000G-DBS-KE-BEJON,Kenya,Kilifi,1995.0,True,Analysis_set,SPT42834,True,included_QC_cohort
SPT42835,1132-PF-K1000G-DBS-KE-BEJON,Kenya,Kilifi,1995.0,True,Analysis_set,SPT42835,True,included_QC_cohort
SPT42836,1132-PF-K1000G-DBS-KE-BEJON,Kenya,Kilifi,1995.0,True,Analysis_set,SPT42836,True,included_QC_cohort
SPT42837,1132-PF-K1000G-DBS-KE-BEJON,Kenya,Kilifi,1995.0,True,Analysis_set,SPT42837,True,included_QC_cohort
SPT42838,1132-PF-K1000G-DBS-KE-BEJON,Kenya,Kilifi,1995.0,True,Analysis_set,SPT42838,True,included_QC_cohort
SPT42839,1132-PF-K1000G-DBS-KE-BEJON,Kenya,Kilifi,1995.0,True,Analysis_set,SPT42839,True,included_QC_cohort
SPT42840,1132-PF-K1000G-DBS-KE-BEJON,Kenya,Kilifi,1995.0,True,Analysis_set,SPT42840,True,included_QC_cohort
SPT42841,1132-PF-K1000G-DBS-KE-BEJON,Kenya,Kilifi,1995.0,True,Analysis_set,SPT42841,True,included_QC_cohort
SPT42842,1132-PF-K1000G-DBS-KE-BEJON,Kenya,Kilifi,1995.0,True,Analysis_set,SPT42842,True,included_QC_cohort
SPT42843,1132-PF-K1000G-DBS-KE-BEJON,Kenya,Kilifi,1995.0,True,Analysis_set,SPT42843,True,included_QC_cohort
SPT42844,1132-PF-K1000G-DBS-KE-BEJON,Kenya,Kilifi,1995.0,True,Analysis_set,SPT42844,True,included_QC_cohort
SPT42845,1132-PF-K1000G-DBS-KE-BEJON,Kenya,Kilifi,1995.0,True,Analysis_set,SPT42845,True,included_QC_cohort
SPT42846,1132-PF-K1000G-DBS-KE-BEJON,Kenya,Kilifi,1995.0,True,Analysis_set,SPT42846,True,included_QC_cohort
SPT42847,1132-PF-K1000G-DBS-KE-BEJON,Kenya,Kilifi,1995.0,True,Analysis_set,SPT42847,True,included_QC_cohort
SPT42848,1132-PF-K1000G-DBS-KE-BEJON,Kenya,Kilifi,1995.0,True,Analysis_set,SPT42848,True,included_QC_cohort
SPT42849,1132-PF-K1000G-DBS-KE-BEJON,Kenya,Kilifi,1995.0,True,Analysis_set,SPT42849,True,included_QC_cohort
SPT42850,1132-PF-K1000G-DBS-KE-BEJON,Kenya,Kilifi,1995.0,True,Analysis_set,SPT42850,True,included_QC_cohort
SPT42851,1132-PF-K1000G-DBS-KE-BEJON,Kenya,Kilifi,1995.0,True,Analysis_set,SPT42851,True,included_QC_cohort
SPT42852,1132-PF-K1000G-DBS-KE-BEJON,Kenya,Kilifi,1995.0,True,Analysis_set,SPT42852,True,included_QC_cohort
SPT42853,1132-PF-K1000G-DBS-KE-BEJON,Kenya,Kilifi,1995.0,True,Analysis_set,SPT42853,True,included_QC_cohort
SPT42854,1132-PF-K1000G-DBS-KE-BEJON,Kenya,Kilifi,1995.0,True,Analysis_set,SPT42854,True,included_QC_cohort
SPT42855,1132-PF-K1000G-DBS-KE-BEJON,Kenya,Kilifi,1995.0,True,Analysis_set,SPT42855,True,included_QC_cohort
SPT42856,1132-PF-K1000G-DBS-KE-BEJON,Kenya,Kilifi,1995.0,True,Analysis_set,SPT42856,True,included_QC_cohort
SPT42857,1132-PF-K1000G-DBS-KE-BEJON,Kenya,Kilifi,1995.0,True,Analysis_set,SPT42857,True,included_QC_cohort
SPT42858,1132-PF-K1000G-DBS-KE-BEJON,Kenya,Kilifi,1995.0,True,Analysis_set,SPT42858,True,included_QC_cohort
SPT42859,1132-PF-K1000G-DBS-KE-BEJON,Kenya,Kilifi,1995.0,True,Analysis_set,SPT42859,True,included_QC_cohort
SPT42860,1132-PF-K1000G-DBS-KE-BEJON,Kenya,Kilifi,1995.0,True,Analysis_set,SPT42860,True,included_QC_cohort
SPT42861,1132-PF-K1000G-DBS-KE-BEJON,Kenya,Kilifi,1995.0,True,Analysis_set,SPT42861,True,included_QC_cohort
SPT42862,1132-PF-K1000G-DBS-KE-BEJON,Kenya,Kilifi,1995.0,True,Analysis_set,SPT42862,True,included_QC_cohort
SPT42863,1132-PF-K1000G-DBS-KE-BEJON,Kenya,Kilifi,1995.0,True,Analysis_set,SPT42863,True,included_QC_cohort
SPT42864,1132-PF-K1000G-DBS-KE-BEJON,Kenya,Kilifi,1995.0,True,Analysis_set,SPT42864,True,included_QC_cohort
SPT42865,1132-PF-K1000G-DBS-KE-BEJON,Kenya,Kilifi,1995.0,True,Analysis_set,SPT42865,True,included_QC_cohort
SPT42866,1132-PF-K1000G-DBS-KE-BEJON,Kenya,Kilifi,1995.0,True,Analysis_set,SPT42866,True,included_QC_cohort
SPT42867,1132-PF-K1000G-DBS-KE-BEJON,Kenya,Kilifi,1995.0,True,Analysis_set,SPT42867,True,included_QC_cohort
SPT42868,1132-PF-K1000G-DBS-KE-BEJON,Kenya,Kilifi,1995.0,True,Analysis_set,SPT42868,True,included_QC_cohort
SPT42869,1132-PF-K1000G-DBS-KE-BEJON,Kenya,Kilifi,1995.0,True,Analysis_set,SPT42869,True,included_QC_cohort
SPT42870,1132-PF-K1000G-DBS-KE-BEJON,Kenya,Kilifi,1995.0,True,Analysis_set,SPT42870,True,included_QC_cohort
SPT42872,1132-PF-K1000G-DBS-KE-BEJON,Kenya,Kilifi,1995.0,True,Analysis_set,SPT42872,True,included_QC_cohort
SPT42873,1132-PF-K1000G-DBS-KE-BEJON,Kenya,Kilifi,1995.0,True,Analysis_set,SPT42873,True,included_QC_cohort
SPT42874,1132-PF-K1000G-DBS-KE-BEJON,Kenya,Kilifi,1995.0,True,Analysis_set,SPT42874,True,included_QC_cohort
SPT42875,1132-PF-K1000G-DBS-KE-BEJON,Kenya,Kilifi,1996.0,True,Analysis_set,SPT42875,True,included_QC_cohort
SPT42876,1132-PF-K1000G-DBS-KE-BEJON,Kenya,Kilifi,1996.0,True,Analysis_set,SPT42876,True,included_QC_cohort
SPT42877,1132-PF-K1000G-DBS-KE-BEJON,Kenya,Kilifi,1996.0,True,Analysis_set,SPT42877,True,included_QC_cohort
SPT42878,1132-PF-K1000G-DBS-KE-BEJON,Kenya,Kilifi,1996.0,True,Analysis_set,SPT42878,True,included_QC_cohort
SPT42879,1132-PF-K1000G-DBS-KE-BEJON,Kenya,Kilifi,1996.0,True,Analysis_set,SPT42879,True,included_QC_cohort
SPT42880,1132-PF-K1000G-DBS-KE-BEJON,Kenya,Kilifi,1996.0,True,Analysis_set,SPT42880,True,included_QC_cohort
SPT42881,1132-PF-K1000G-DBS-KE-BEJON,Kenya,Kilifi,1996.0,True,Analysis_set,SPT42881,True,included_QC_cohort
SPT42882,1132-PF-K1000G-DBS-KE-BEJON,Kenya,Kilifi,1996.0,True,Analysis_set,SPT42882,True,included_QC_cohort
SPT42883,1132-PF-K1000G-DBS-KE-BEJON,Kenya,Kilifi,1996.0,True,Analysis_set,SPT42883,True,included_QC_cohort
SPT42884,1132-PF-K1000G-DBS-KE-BEJON,Kenya,Kilifi,1996.0,True,Analysis_set,SPT42884,True,included_QC_cohort
SPT42885,1132-PF-K1000G-DBS-KE-BEJON,Kenya,Kilifi,1996.0,True,Analysis_set,SPT42885,True,included_QC_cohort
SPT42886,1132-PF-K1000G-DBS-KE-BEJON,Kenya,Kilifi,1996.0,True,Analysis_set,SPT42886,True,included_QC_cohort
SPT42887,1132-PF-K1000G-DBS-KE-BEJON,Kenya,Kilifi,1996.0,True,Analysis_set,SPT42887,True,included_QC_cohort
SPT42888,1132-PF-K1000G-DBS-KE-BEJON,Kenya,Kilifi,1996.0,True,Analysis_set,SPT42888,True,included_QC_cohort
SPT42889,1132-PF-K1000G-DBS-KE-BEJON,Kenya,Kilifi,1996.0,True,Analysis_set,SPT42889,True,included_QC_cohort
SPT42890,1132-PF-K1000G-DBS-KE-BEJON,Kenya,Kilifi,1996.0,True,Analysis_set,SPT42890,True,included_QC_cohort
SPT42891,1132-PF-K1000G-DBS-KE-BEJON,Kenya,Kilifi,1996.0,True,Analysis_set,SPT42891,True,included_QC_cohort
SPT42892,1132-PF-K1000G-DBS-KE-BEJON,Kenya,Kilifi,1996.0,True,Analysis_set,SPT42892,True,included_QC_cohort
SPT42893,1132-PF-K1000G-DBS-KE-BEJON,Kenya,Kilifi,1996.0,True,Analysis_set,SPT42893,True,included_QC_cohort
SPT42894,1132-PF-K1000G-DBS-KE-BEJON,Kenya,Kilifi,1996.0,True,Analysis_set,SPT42894,True,included_QC_cohort
SPT42895,1132-PF-K1000G-DBS-KE-BEJON,Kenya,Kilifi,1996.0,True,Analysis_set,SPT42895,True,included_QC_cohort
SPT42896,1132-PF-K1000G-DBS-KE-BEJON,Kenya,Kilifi,1996.0,True,Analysis_set,SPT42896,True,included_QC_cohort
SPT42897,1132-PF-K1000G-DBS-KE-BEJON,Kenya,Kilifi,1996.0,True,Analysis_set,SPT42897,True,included_QC_cohort
SPT42898,1132-PF-K1000G-DBS-KE-BEJON,Kenya,Kilifi,1996.0,True,Analysis_set,SPT42898,True,included_QC_cohort
SPT42899,1132-PF-K1000G-DBS-KE-BEJON,Kenya,Kilifi,1996.0,True,Analysis_set,SPT42899,True,included_QC_cohort
SPT42900,1132-PF-K1000G-DBS-KE-BEJON,Kenya,Kilifi,1996.0,True,Analysis_set,SPT42900,True,included_QC_cohort
SPT42901,1132-PF-K1000G-DBS-KE-BEJON,Kenya,Kilifi,1996.0,True,Analysis_set,SPT42901,True,included_QC_cohort
SPT42902,1132-PF-K1000G-DBS-KE-BEJON,Kenya,Kilifi,1996.0,True,Analysis_set,SPT42902,True,included_QC_cohort
SPT42903,1132-PF-K1000G-DBS-KE-BEJON,Kenya,Kilifi,1996.0,True,Analysis_set,SPT42903,True,included_QC_cohort
SPT42904,1132-PF-K1000G-DBS-KE-BEJON,Kenya,Kilifi,1996.0,True,Analysis_set,SPT42904,True,included_QC_cohort
SPT42905,1132-PF-K1000G-DBS-KE-BEJON,Kenya,Kilifi,1996.0,True,Analysis_set,SPT42905,True,included_QC_cohort
SPT42906,1132-PF-K1000G-DBS-KE-BEJON,Kenya,Kilifi,1996.0,True,Analysis_set,SPT42906,True,included_QC_cohort
SPT42907,1132-PF-K1000G-DBS-KE-BEJON,Kenya,Kilifi,1996.0,True,Analysis_set,SPT42907,True,included_QC_cohort
SPT42908,1132-PF-K1000G-DBS-KE-BEJON,Kenya,Kilifi,1996.0,True,Analysis_set,SPT42908,True,included_QC_cohort
SPT42909,1132-PF-K1000G-DBS-KE-BEJON,Kenya,Kilifi,1996.0,True,Analysis_set,SPT42909,True,included_QC_cohort
SPT42910,1132-PF-K1000G-DBS-KE-BEJON,Kenya,Kilifi,1996.0,True,Analysis_set,SPT42910,True,included_QC_cohort
SPT42911,1132-PF-K1000G-DBS-KE-BEJON,Kenya,Kilifi,1996.0,True,Analysis_set,SPT42911,True,included_QC_cohort
SPT42912,1132-PF-K1000G-DBS-KE-BEJON,Kenya,Kilifi,1996.0,True,Analysis_set,SPT42912,True,included_QC_cohort
SPT42913,1132-PF-K1000G-DBS-KE-BEJON,Kenya,Kilifi,1996.0,True,Analysis_set,SPT42913,True,included_QC_cohort
SPT42914,1132-PF-K1000G-DBS-KE-BEJON,Kenya,Kilifi,1996.0,True,Analysis_set,SPT42914,True,included_QC_cohort
SPT42915,1132-PF-K1000G-DBS-KE-BEJON,Kenya,Kilifi,1996.0,True,Analysis_set,SPT42915,True,included_QC_cohort
SPT42916,1132-PF-K1000G-DBS-KE-BEJON,Kenya,Kilifi,1996.0,True,Analysis_set,SPT42916,True,included_QC_cohort
SPT42917,1132-PF-K1000G-DBS-KE-BEJON,Kenya,Kilifi,1996.0,True,Analysis_set,SPT42917,True,included_QC_cohort
SPT42918,1132-PF-K1000G-DBS-KE-BEJON,Kenya,Kilifi,1996.0,True,Analysis_set,SPT42918,True,included_QC_cohort
SPT42919,1132-PF-K1000G-DBS-KE-BEJON,Kenya,Kilifi,1996.0,True,Analysis_set,SPT42919,True,included_QC_cohort
SPT42920,1132-PF-K1000G-DBS-KE-BEJON,Kenya,Kilifi,1996.0,True,Analysis_set,SPT42920,True,included_QC_cohort
SPT42921,1132-PF-K1000G-DBS-KE-BEJON,Kenya,Kilifi,1996.0,True,Analysis_set,SPT42921,True,included_QC_cohort
SPT42922,1132-PF-K1000G-DBS-KE-BEJON,Kenya,Kilifi,1996.0,True,Analysis_set,SPT42922,True,included_QC_cohort
SPT42923,1132-PF-K1000G-DBS-KE-BEJON,Kenya,Kilifi,1996.0,True,Analysis_set,SPT42923,True,included_QC_cohort
SPT42924,1132-PF-K1000G-DBS-KE-BEJON,Kenya,Kilifi,1996.0,True,Analysis_set,SPT42924,True,included_QC_cohort
SPT42925,1132-PF-K1000G-DBS-KE-BEJON,Kenya,Kilifi,1996.0,True,Analysis_set,SPT42925,True,included_QC_cohort
SPT42926,1132-PF-K1000G-DBS-KE-BEJON,Kenya,Kilifi,1996.0,True,Analysis_set,SPT42926,True,included_QC_cohort
SPT42927,1132-PF-K1000G-DBS-KE-BEJON,Kenya,Kilifi,1996.0,True,Analysis_set,SPT42927,True,included_QC_cohort
SPT42928,1132-PF-K1000G-DBS-KE-BEJON,Kenya,Kilifi,1996.0,True,Analysis_set,SPT42928,True,included_QC_cohort
SPT42929,1132-PF-K1000G-DBS-KE-BEJON,Kenya,Kilifi,1996.0,True,Analysis_set,SPT42929,True,included_QC_cohort
SPT42930,1132-PF-K1000G-DBS-KE-BEJON,Kenya,Kilifi,1996.0,True,Analysis_set,SPT42930,True,included_QC_cohort
SPT42931,1132-PF-K1000G-DBS-KE-BEJON,Kenya,Kilifi,1996.0,True,Analysis_set,SPT42931,True,included_QC_cohort
SPT42932,1132-PF-K1000G-DBS-KE-BEJON,Kenya,Kilifi,1996.0,True,Analysis_set,SPT42932,True,included_QC_cohort
SPT42933,1132-PF-K1000G-DBS-KE-BEJON,Kenya,Kilifi,1996.0,True,Analysis_set,SPT42933,True,included_QC_cohort
SPT42934,1132-PF-K1000G-DBS-KE-BEJON,Kenya,Kilifi,1996.0,False,Low_coverage,SPT42934,False,excluded_QC
SPT42935,1132-PF-K1000G-DBS-KE-BEJON,Kenya,Kilifi,1996.0,True,Analysis_set,SPT42935,True,included_QC_cohort
SPT42936,1132-PF-K1000G-DBS-KE-BEJON,Kenya,Kilifi,1996.0,True,Analysis_set,SPT42936,True,included_QC_cohort
SPT42937,1132-PF-K1000G-DBS-KE-BEJON,Kenya,Kilifi,1996.0,True,Analysis_set,SPT42937,True,included_QC_cohort
SPT42938,1132-PF-K1000G-DBS-KE-BEJON,Kenya,Kilifi,1996.0,True,Analysis_set,SPT42938,True,included_QC_cohort
SPT42939,1132-PF-K1000G-DBS-KE-BEJON,Kenya,Kilifi,1996.0,True,Analysis_set,SPT42939,True,included_QC_cohort
SPT42940,1132-PF-K1000G-DBS-KE-BEJON,Kenya,Kilifi,1996.0,True,Analysis_set,SPT42940,True,included_QC_cohort
SPT42941,1132-PF-K1000G-DBS-KE-BEJON,Kenya,Kilifi,1997.0,True,Analysis_set,SPT42941,True,included_QC_cohort
SPT42942,1132-PF-K1000G-DBS-KE-BEJON,Kenya,Kilifi,1997.0,True,Analysis_set,SPT42942,True,included_QC_cohort
SPT42943,1132-PF-K1000G-DBS-KE-BEJON,Kenya,Kilifi,1997.0,True,Analysis_set,SPT42943,True,included_QC_cohort
SPT42944,1132-PF-K1000G-DBS-KE-BEJON,Kenya,Kilifi,1998.0,True,Analysis_set,SPT42944,True,included_QC_cohort
SPT42945,1132-PF-K1000G-DBS-KE-BEJON,Kenya,Kilifi,1998.0,True,Analysis_set,SPT42945,True,included_QC_cohort
SPT42946,1132-PF-K1000G-DBS-KE-BEJON,Kenya,Kilifi,1998.0,True,Analysis_set,SPT42946,True,included_QC_cohort
SPT42947,1132-PF-K1000G-DBS-KE-BEJON,Kenya,Kilifi,1998.0,True,Analysis_set,SPT42947,True,included_QC_cohort
SPT42948,1132-PF-K1000G-DBS-KE-BEJON,Kenya,Kilifi,1998.0,True,Analysis_set,SPT42948,True,included_QC_cohort
SPT42949,1132-PF-K1000G-DBS-KE-BEJON,Kenya,Kilifi,1998.0,True,Analysis_set,SPT42949,True,included_QC_cohort
SPT42950,1132-PF-K1000G-DBS-KE-BEJON,Kenya,Kilifi,1998.0,True,Analysis_set,SPT42950,True,included_QC_cohort
SPT42951,1132-PF-K1000G-DBS-KE-BEJON,Kenya,Kilifi,1999.0,True,Analysis_set,SPT42951,True,included_QC_cohort
SPT42952,1132-PF-K1000G-DBS-KE-BEJON,Kenya,Kilifi,1999.0,True,Analysis_set,SPT42952,True,included_QC_cohort
SPT42954,1132-PF-K1000G-DBS-KE-BEJON,Kenya,Kilifi,2004.0,True,Analysis_set,SPT42954,True,included_QC_cohort
SPT42955,1132-PF-K1000G-DBS-KE-BEJON,Kenya,Kilifi,2004.0,True,Analysis_set,SPT42955,True,included_QC_cohort
SPT42956,1132-PF-K1000G-DBS-KE-BEJON,Kenya,Kilifi,2004.0,True,Analysis_set,SPT42956,True,included_QC_cohort
SPT42957,1132-PF-K1000G-DBS-KE-BEJON,Kenya,Kilifi,2004.0,True,Analysis_set,SPT42957,True,included_QC_cohort
SPT42958,1132-PF-K1000G-DBS-KE-BEJON,Kenya,Kilifi,2004.0,True,Analysis_set,SPT42958,True,included_QC_cohort
SPT42959,1132-PF-K1000G-DBS-KE-BEJON,Kenya,Kilifi,2004.0,True,Analysis_set,SPT42959,True,included_QC_cohort
SPT42960,1132-PF-K1000G-DBS-KE-BEJON,Kenya,Kilifi,2004.0,True,Analysis_set,SPT42960,True,included_QC_cohort
SPT42961,1132-PF-K1000G-DBS-KE-BEJON,Kenya,Kilifi,2004.0,True,Analysis_set,SPT42961,True,included_QC_cohort
SPT42962,1132-PF-K1000G-DBS-KE-BEJON,Kenya,Kilifi,2005.0,True,Analysis_set,SPT42962,True,included_QC_cohort
SPT42963,1132-PF-K1000G-DBS-KE-BEJON,Kenya,Kilifi,2005.0,True,Analysis_set,SPT42963,True,included_QC_cohort
SPT42964,1132-PF-K1000G-DBS-KE-BEJON,Kenya,Kilifi,2005.0,True,Analysis_set,SPT42964,True,included_QC_cohort
SPT42965,1132-PF-K1000G-DBS-KE-BEJON,Kenya,Kilifi,2005.0,True,Analysis_set,SPT42965,True,included_QC_cohort
SPT42966,1132-PF-K1000G-DBS-KE-BEJON,Kenya,Kilifi,2005.0,True,Analysis_set,SPT42966,True,included_QC_cohort
SPT42967,1132-PF-K1000G-DBS-KE-BEJON,Kenya,Kilifi,2005.0,True,Analysis_set,SPT42967,True,included_QC_cohort
SPT42968,1132-PF-K1000G-DBS-KE-BEJON,Kenya,Kilifi,2005.0,True,Analysis_set,SPT42968,True,included_QC_cohort
SPT42969,1132-PF-K1000G-DBS-KE-BEJON,Kenya,Kilifi,2005.0,True,Analysis_set,SPT42969,True,included_QC_cohort
SPT42970,1132-PF-K1000G-DBS-KE-BEJON,Kenya,Kilifi,2005.0,True,Analysis_set,SPT42970,True,included_QC_cohort
SPT42971,1132-PF-K1000G-DBS-KE-BEJON,Kenya,Kilifi,2005.0,True,Analysis_set,SPT42971,True,included_QC_cohort
SPT42972,1132-PF-K1000G-DBS-KE-BEJON,Kenya,Kilifi,2005.0,True,Analysis_set,SPT42972,True,included_QC_cohort
SPT42973,1132-PF-K1000G-DBS-KE-BEJON,Kenya,Kilifi,2005.0,True,Analysis_set,SPT42973,True,included_QC_cohort
SPT42974,1132-PF-K1000G-DBS-KE-BEJON,Kenya,Kilifi,2005.0,True,Analysis_set,SPT42974,True,included_QC_cohort
SPT42975,1132-PF-K1000G-DBS-KE-BEJON,Kenya,Kilifi,2005.0,True,Analysis_set,SPT42975,True,included_QC_cohort
SPT42976,1132-PF-K1000G-DBS-KE-BEJON,Kenya,Kilifi,2005.0,True,Analysis_set,SPT42976,True,included_QC_cohort
SPT42977,1132-PF-K1000G-DBS-KE-BEJON,Kenya,Kilifi,2005.0,True,Analysis_set,SPT42977,True,included_QC_cohort
SPT42978,1132-PF-K1000G-DBS-KE-BEJON,Kenya,Kilifi,2005.0,True,Analysis_set,SPT42978,True,included_QC_cohort
SPT42979,1132-PF-K1000G-DBS-KE-BEJON,Kenya,Kilifi,2005.0,True,Analysis_set,SPT42979,True,included_QC_cohort
SPT42980,1132-PF-K1000G-DBS-KE-BEJON,Kenya,Kilifi,2005.0,True,Analysis_set,SPT42980,True,included_QC_cohort
SPT42981,1132-PF-K1000G-DBS-KE-BEJON,Kenya,Kilifi,2005.0,True,Analysis_set,SPT42981,True,included_QC_cohort
SPT42982,1132-PF-K1000G-DBS-KE-BEJON,Kenya,Kilifi,2005.0,True,Analysis_set,SPT42982,True,included_QC_cohort
SPT42983,1132-PF-K1000G-DBS-KE-BEJON,Kenya,Kilifi,2005.0,True,Analysis_set,SPT42983,True,included_QC_cohort
SPT42984,1132-PF-K1000G-DBS-KE-BEJON,Kenya,Kilifi,2005.0,True,Analysis_set,SPT42984,True,included_QC_cohort
SPT42985,1132-PF-K1000G-DBS-KE-BEJON,Kenya,Kilifi,2005.0,True,Analysis_set,SPT42985,True,included_QC_cohort
SPT42986,1132-PF-K1000G-DBS-KE-BEJON,Kenya,Kilifi,2005.0,True,Analysis_set,SPT42986,True,included_QC_cohort
SPT42987,1132-PF-K1000G-DBS-KE-BEJON,Kenya,Kilifi,2005.0,True,Analysis_set,SPT42987,True,included_QC_cohort
SPT42988,1132-PF-K1000G-DBS-KE-BEJON,Kenya,Kilifi,2005.0,True,Analysis_set,SPT42988,True,included_QC_cohort
SPT42989,1132-PF-K1000G-DBS-KE-BEJON,Kenya,Kilifi,2005.0,True,Analysis_set,SPT42989,True,included_QC_cohort
SPT42990,1132-PF-K1000G-DBS-KE-BEJON,Kenya,Kilifi,2005.0,True,Analysis_set,SPT42990,True,included_QC_cohort
SPT42991,1132-PF-K1000G-DBS-KE-BEJON,Kenya,Kilifi,2005.0,True,Analysis_set,SPT42991,True,included_QC_cohort
SPT42992,1132-PF-K1000G-DBS-KE-BEJON,Kenya,Kilifi,2005.0,True,Analysis_set,SPT42992,True,included_QC_cohort
SPT42993,1132-PF-K1000G-DBS-KE-BEJON,Kenya,Kilifi,2005.0,True,Analysis_set,SPT42993,True,included_QC_cohort
SPT42994,1132-PF-K1000G-DBS-KE-BEJON,Kenya,Kilifi,2005.0,True,Analysis_set,SPT42994,True,included_QC_cohort
SPT42995,1132-PF-K1000G-DBS-KE-BEJON,Kenya,Kilifi,2006.0,True,Analysis_set,SPT42995,True,included_QC_cohort
SPT42996,1132-PF-K1000G-DBS-KE-BEJON,Kenya,Kilifi,2006.0,True,Analysis_set,SPT42996,True,included_QC_cohort
SPT42997,1132-PF-K1000G-DBS-KE-BEJON,Kenya,Kilifi,2006.0,True,Analysis_set,SPT42997,True,included_QC_cohort
SPT42998,1132-PF-K1000G-DBS-KE-BEJON,Kenya,Kilifi,2006.0,True,Analysis_set,SPT42998,True,included_QC_cohort
SPT42999,1132-PF-K1000G-DBS-KE-BEJON,Kenya,Kilifi,2006.0,True,Analysis_set,SPT42999,True,included_QC_cohort
SPT43000,1132-PF-K1000G-DBS-KE-BEJON,Kenya,Kilifi,2006.0,True,Analysis_set,SPT43000,True,included_QC_cohort
SPT43001,1132-PF-K1000G-DBS-KE-BEJON,Kenya,Kilifi,2006.0,True,Analysis_set,SPT43001,True,included_QC_cohort
SPT43002,1132-PF-K1000G-DBS-KE-BEJON,Kenya,Kilifi,2006.0,True,Analysis_set,SPT43002,True,included_QC_cohort
SPT43003,1132-PF-K1000G-DBS-KE-BEJON,Kenya,Kilifi,2006.0,True,Analysis_set,SPT43003,True,included_QC_cohort
SPT43004,1132-PF-K1000G-DBS-KE-BEJON,Kenya,Kilifi,2006.0,True,Analysis_set,SPT43004,True,included_QC_cohort
SPT43005,1132-PF-K1000G-DBS-KE-BEJON,Kenya,Kilifi,2006.0,True,Analysis_set,SPT43005,True,included_QC_cohort
SPT43006,1132-PF-K1000G-DBS-KE-BEJON,Kenya,Kilifi,2006.0,True,Analysis_set,SPT43006,True,included_QC_cohort
SPT43007,1132-PF-K1000G-DBS-KE-BEJON,Kenya,Kilifi,2006.0,True,Analysis_set,SPT43007,True,included_QC_cohort
SPT43008,1132-PF-K1000G-DBS-KE-BEJON,Kenya,Kilifi,2006.0,True,Analysis_set,SPT43008,True,included_QC_cohort
SPT43009,1132-PF-K1000G-DBS-KE-BEJON,Kenya,Kilifi,2006.0,True,Analysis_set,SPT43009,True,included_QC_cohort
SPT43010,1132-PF-K1000G-DBS-KE-BEJON,Kenya,Kilifi,2006.0,True,Analysis_set,SPT43010,True,included_QC_cohort
SPT43011,1132-PF-K1000G-DBS-KE-BEJON,Kenya,Kilifi,2006.0,True,Analysis_set,SPT43011,True,included_QC_cohort
SPT43012,1132-PF-K1000G-DBS-KE-BEJON,Kenya,Kilifi,2006.0,True,Analysis_set,SPT43012,True,included_QC_cohort
SPT43013,1132-PF-K1000G-DBS-KE-BEJON,Kenya,Kilifi,2006.0,True,Analysis_set,SPT43013,True,included_QC_cohort
SPT43014,1132-PF-K1000G-DBS-KE-BEJON,Kenya,Kilifi,2006.0,True,Analysis_set,SPT43014,True,included_QC_cohort
SPT43015,1132-PF-K1000G-DBS-KE-BEJON,Kenya,Kilifi,2006.0,True,Analysis_set,SPT43015,True,included_QC_cohort
SPT43016,1132-PF-K1000G-DBS-KE-BEJON,Kenya,Kilifi,2006.0,True,Analysis_set,SPT43016,True,included_QC_cohort
SPT43019,1132-PF-K1000G-DBS-KE-BEJON,Kenya,Kilifi,2006.0,True,Analysis_set,SPT43019,True,included_QC_cohort
SPT43021,1132-PF-K1000G-DBS-KE-BEJON,Kenya,Kilifi,2006.0,True,Analysis_set,SPT43021,True,included_QC_cohort
SPT43022,1132-PF-K1000G-DBS-KE-BEJON,Kenya,Kilifi,2006.0,True,Analysis_set,SPT43022,True,included_QC_cohort
SPT43023,1132-PF-K1000G-DBS-KE-BEJON,Kenya,Kilifi,2006.0,True,Analysis_set,SPT43023,True,included_QC_cohort
SPT43025,1132-PF-K1000G-DBS-KE-BEJON,Kenya,Kilifi,2006.0,False,Low_coverage,SPT43025,False,excluded_QC
SPT43026,1132-PF-K1000G-DBS-KE-BEJON,Kenya,Kilifi,2006.0,True,Analysis_set,SPT43026,True,included_QC_cohort
SPT43028,1132-PF-K1000G-DBS-KE-BEJON,Kenya,Kilifi,2006.0,True,Analysis_set,SPT43028,True,included_QC_cohort
SPT43029,1132-PF-K1000G-DBS-KE-BEJON,Kenya,Kilifi,2006.0,True,Analysis_set,SPT43029,True,included_QC_cohort
SPT43030,1132-PF-K1000G-DBS-KE-BEJON,Kenya,Kilifi,2006.0,True,Analysis_set,SPT43030,True,included_QC_cohort
SPT43031,1132-PF-K1000G-DBS-KE-BEJON,Kenya,Kilifi,2006.0,True,Analysis_set,SPT43031,True,included_QC_cohort
SPT43032,1132-PF-K1000G-DBS-KE-BEJON,Kenya,Kilifi,2006.0,True,Analysis_set,SPT43032,True,included_QC_cohort
SPT43034,1132-PF-K1000G-DBS-KE-BEJON,Kenya,Kilifi,2006.0,False,Low_coverage,SPT43034,False,excluded_QC
SPT43035,1132-PF-K1000G-DBS-KE-BEJON,Kenya,Kilifi,2006.0,True,Analysis_set,SPT43035,True,included_QC_cohort
SPT43036,1132-PF-K1000G-DBS-KE-BEJON,Kenya,Kilifi,2006.0,True,Analysis_set,SPT43036,True,included_QC_cohort
SPT43037,1132-PF-K1000G-DBS-KE-BEJON,Kenya,Kilifi,2006.0,True,Analysis_set,SPT43037,True,included_QC_cohort
SPT43038,1132-PF-K1000G-DBS-KE-BEJON,Kenya,Kilifi,2006.0,True,Analysis_set,SPT43038,True,included_QC_cohort
SPT43041,1132-PF-K1000G-DBS-KE-BEJON,Kenya,Kilifi,2007.0,True,Analysis_set,SPT43041,True,included_QC_cohort
SPT43043,1132-PF-K1000G-DBS-KE-BEJON,Kenya,Kilifi,2007.0,True,Analysis_set,SPT43043,True,included_QC_cohort
SPT43044,1132-PF-K1000G-DBS-KE-BEJON,Kenya,Kilifi,2007.0,True,Analysis_set,SPT43044,True,included_QC_cohort
SPT43045,1132-PF-K1000G-DBS-KE-BEJON,Kenya,Kilifi,2007.0,True,Analysis_set,SPT43045,True,included_QC_cohort
SPT43046,1132-PF-K1000G-DBS-KE-BEJON,Kenya,Kilifi,2007.0,True,Analysis_set,SPT43046,True,included_QC_cohort
SPT43047,1132-PF-K1000G-DBS-KE-BEJON,Kenya,Kilifi,2007.0,True,Analysis_set,SPT43047,True,included_QC_cohort
SPT43048,1132-PF-K1000G-DBS-KE-BEJON,Kenya,Kilifi,2007.0,True,Analysis_set,SPT43048,True,included_QC_cohort
SPT43049,1132-PF-K1000G-DBS-KE-BEJON,Kenya,Kilifi,2007.0,True,Analysis_set,SPT43049,True,included_QC_cohort
SPT43050,1132-PF-K1000G-DBS-KE-BEJON,Kenya,Kilifi,2007.0,True,Analysis_set,SPT43050,True,included_QC_cohort
SPT43051,1132-PF-K1000G-DBS-KE-BEJON,Kenya,Kilifi,2007.0,True,Analysis_set,SPT43051,True,included_QC_cohort
SPT43052,1132-PF-K1000G-DBS-KE-BEJON,Kenya,Kilifi,2007.0,True,Analysis_set,SPT43052,True,included_QC_cohort
SPT43053,1132-PF-K1000G-DBS-KE-BEJON,Kenya,Kilifi,2007.0,True,Analysis_set,SPT43053,True,included_QC_cohort
SPT43054,1132-PF-K1000G-DBS-KE-BEJON,Kenya,Kilifi,2007.0,True,Analysis_set,SPT43054,True,included_QC_cohort
SPT43056,1132-PF-K1000G-DBS-KE-BEJON,Kenya,Kilifi,2007.0,True,Analysis_set,SPT43056,True,included_QC_cohort
SPT43057,1132-PF-K1000G-DBS-KE-BEJON,Kenya,Kilifi,2008.0,True,Analysis_set,SPT43057,True,included_QC_cohort
SPT43058,1132-PF-K1000G-DBS-KE-BEJON,Kenya,Kilifi,2008.0,True,Analysis_set,SPT43058,True,included_QC_cohort
SPT43059,1132-PF-K1000G-DBS-KE-BEJON,Kenya,Kilifi,2008.0,True,Analysis_set,SPT43059,True,included_QC_cohort
SPT43060,1132-PF-K1000G-DBS-KE-BEJON,Kenya,Kilifi,2008.0,True,Analysis_set,SPT43060,True,included_QC_cohort
SPT43061,1132-PF-K1000G-DBS-KE-BEJON,Kenya,Kilifi,2008.0,True,Analysis_set,SPT43061,True,included_QC_cohort
SPT43062,1132-PF-K1000G-DBS-KE-BEJON,Kenya,Kilifi,2008.0,True,Analysis_set,SPT43062,True,included_QC_cohort
SPT43063,1132-PF-K1000G-DBS-KE-BEJON,Kenya,Kilifi,2008.0,True,Analysis_set,SPT43063,True,included_QC_cohort
SPT43064,1132-PF-K1000G-DBS-KE-BEJON,Kenya,Kilifi,2008.0,False,Low_coverage,SPT43064,False,excluded_QC
SPT43065,1132-PF-K1000G-DBS-KE-BEJON,Kenya,Kilifi,2008.0,True,Analysis_set,SPT43065,True,included_QC_cohort
SPT43066,1132-PF-K1000G-DBS-KE-BEJON,Kenya,Kilifi,2008.0,True,Analysis_set,SPT43066,True,included_QC_cohort
SPT43067,1132-PF-K1000G-DBS-KE-BEJON,Kenya,Kilifi,2008.0,True,Analysis_set,SPT43067,True,included_QC_cohort
SPT43068,1132-PF-K1000G-DBS-KE-BEJON,Kenya,Kilifi,2008.0,True,Analysis_set,SPT43068,True,included_QC_cohort
SPT43069,1132-PF-K1000G-DBS-KE-BEJON,Kenya,Kilifi,2008.0,True,Analysis_set,SPT43069,True,included_QC_cohort
SPT43070,1132-PF-K1000G-DBS-KE-BEJON,Kenya,Kilifi,2008.0,True,Analysis_set,SPT43070,True,included_QC_cohort
SPT43071,1132-PF-K1000G-DBS-KE-BEJON,Kenya,Kilifi,2008.0,True,Analysis_set,SPT43071,True,included_QC_cohort
SPT43072,1132-PF-K1000G-DBS-KE-BEJON,Kenya,Kilifi,2008.0,True,Analysis_set,SPT43072,True,included_QC_cohort
SPT43073,1132-PF-K1000G-DBS-KE-BEJON,Kenya,Kilifi,2008.0,False,Low_coverage,SPT43073,False,excluded_QC
SPT43075,1132-PF-K1000G-DBS-KE-BEJON,Kenya,Kilifi,2008.0,True,Analysis_set,SPT43075,True,included_QC_cohort
SPT43076,1132-PF-K1000G-DBS-KE-BEJON,Kenya,Kilifi,2008.0,True,Analysis_set,SPT43076,True,included_QC_cohort
SPT43077,1132-PF-K1000G-DBS-KE-BEJON,Kenya,Kilifi,2008.0,True,Analysis_set,SPT43077,True,included_QC_cohort
SPT43078,1132-PF-K1000G-DBS-KE-BEJON,Kenya,Kilifi,2008.0,True,Analysis_set,SPT43078,True,included_QC_cohort
SPT43079,1132-PF-K1000G-DBS-KE-BEJON,Kenya,Kilifi,2008.0,True,Analysis_set,SPT43079,True,included_QC_cohort
SPT43080,1132-PF-K1000G-DBS-KE-BEJON,Kenya,Kilifi,2008.0,True,Analysis_set,SPT43080,True,included_QC_cohort
SPT43081,1132-PF-K1000G-DBS-KE-BEJON,Kenya,Kilifi,2008.0,True,Analysis_set,SPT43081,True,included_QC_cohort
SPT43083,1132-PF-K1000G-DBS-KE-BEJON,Kenya,Kilifi,2008.0,True,Analysis_set,SPT43083,True,included_QC_cohort
SPT43084,1132-PF-K1000G-DBS-KE-BEJON,Kenya,Kilifi,2008.0,True,Analysis_set,SPT43084,True,included_QC_cohort
SPT43085,1132-PF-K1000G-DBS-KE-BEJON,Kenya,Kilifi,2008.0,True,Analysis_set,SPT43085,True,included_QC_cohort
SPT43086,1132-PF-K1000G-DBS-KE-BEJON,Kenya,Kilifi,2008.0,True,Analysis_set,SPT43086,True,included_QC_cohort
SPT43087,1132-PF-K1000G-DBS-KE-BEJON,Kenya,Kilifi,2008.0,True,Analysis_set,SPT43087,True,included_QC_cohort
SPT43088,1132-PF-K1000G-DBS-KE-BEJON,Kenya,Kilifi,2008.0,True,Analysis_set,SPT43088,True,included_QC_cohort
SPT43089,1132-PF-K1000G-DBS-KE-BEJON,Kenya,Kilifi,2008.0,True,Analysis_set,SPT43089,True,included_QC_cohort
SPT43093,1132-PF-K1000G-DBS-KE-BEJON,Kenya,Kilifi,2008.0,True,Analysis_set,SPT43093,True,included_QC_cohort
SPT43094,1132-PF-K1000G-DBS-KE-BEJON,Kenya,Kilifi,2008.0,True,Analysis_set,SPT43094,True,included_QC_cohort
SPT43096,1132-PF-K1000G-DBS-KE-BEJON,Kenya,Kilifi,2009.0,True,Analysis_set,SPT43096,True,included_QC_cohort
SPT43097,1132-PF-K1000G-DBS-KE-BEJON,Kenya,Kilifi,2009.0,True,Analysis_set,SPT43097,True,included_QC_cohort
SPT43098,1132-PF-K1000G-DBS-KE-BEJON,Kenya,Kilifi,2009.0,True,Analysis_set,SPT43098,True,included_QC_cohort
SPT43099,1132-PF-K1000G-DBS-KE-BEJON,Kenya,Kilifi,2009.0,True,Analysis_set,SPT43099,True,included_QC_cohort
SPT43100,1132-PF-K1000G-DBS-KE-BEJON,Kenya,Kilifi,2009.0,True,Analysis_set,SPT43100,True,included_QC_cohort
SPT43101,1132-PF-K1000G-DBS-KE-BEJON,Kenya,Kilifi,2009.0,True,Analysis_set,SPT43101,True,included_QC_cohort
SPT43102,1132-PF-K1000G-DBS-KE-BEJON,Kenya,Kilifi,2009.0,True,Analysis_set,SPT43102,True,included_QC_cohort
SPT43103,1132-PF-K1000G-DBS-KE-BEJON,Kenya,Kilifi,2009.0,True,Analysis_set,SPT43103,True,included_QC_cohort
SPT43104,1132-PF-K1000G-DBS-KE-BEJON,Kenya,Kilifi,2009.0,True,Analysis_set,SPT43104,True,included_QC_cohort
SPT43105,1132-PF-K1000G-DBS-KE-BEJON,Kenya,Kilifi,2009.0,True,Analysis_set,SPT43105,True,included_QC_cohort
SPT43106,1132-PF-K1000G-DBS-KE-BEJON,Kenya,Kilifi,2009.0,True,Analysis_set,SPT43106,True,included_QC_cohort
SPT43107,1132-PF-K1000G-DBS-KE-BEJON,Kenya,Kilifi,2009.0,True,Analysis_set,SPT43107,True,included_QC_cohort
SPT43108,1132-PF-K1000G-DBS-KE-BEJON,Kenya,Kilifi,2009.0,True,Analysis_set,SPT43108,True,included_QC_cohort
SPT43109,1132-PF-K1000G-DBS-KE-BEJON,Kenya,Kilifi,2009.0,True,Analysis_set,SPT43109,True,included_QC_cohort
SPT43110,1132-PF-K1000G-DBS-KE-BEJON,Kenya,Kilifi,2009.0,True,Analysis_set,SPT43110,True,included_QC_cohort
SPT43111,1132-PF-K1000G-DBS-KE-BEJON,Kenya,Kilifi,2009.0,True,Analysis_set,SPT43111,True,included_QC_cohort
SPT43112,1132-PF-K1000G-DBS-KE-BEJON,Kenya,Kilifi,2009.0,True,Analysis_set,SPT43112,True,included_QC_cohort
SPT43113,1132-PF-K1000G-DBS-KE-BEJON,Kenya,Kilifi,2009.0,True,Analysis_set,SPT43113,True,included_QC_cohort
SPT43114,1132-PF-K1000G-DBS-KE-BEJON,Kenya,Kilifi,2009.0,False,Low_coverage,SPT43114,False,excluded_QC
SPT43115,1132-PF-K1000G-DBS-KE-BEJON,Kenya,Kilifi,2009.0,True,Analysis_set,SPT43115,True,included_QC_cohort
SPT43116,1132-PF-K1000G-DBS-KE-BEJON,Kenya,Kilifi,2009.0,True,Analysis_set,SPT43116,True,included_QC_cohort
SPT43117,1132-PF-K1000G-DBS-KE-BEJON,Kenya,Kilifi,2009.0,True,Analysis_set,SPT43117,True,included_QC_cohort
SPT43118,1132-PF-K1000G-DBS-KE-BEJON,Kenya,Kilifi,2009.0,True,Analysis_set,SPT43118,True,included_QC_cohort
SPT43119,1132-PF-K1000G-DBS-KE-BEJON,Kenya,Kilifi,2009.0,True,Analysis_set,SPT43119,True,included_QC_cohort
SPT43120,1132-PF-K1000G-DBS-KE-BEJON,Kenya,Kilifi,2009.0,True,Analysis_set,SPT43120,True,included_QC_cohort
SPT43121,1132-PF-K1000G-DBS-KE-BEJON,Kenya,Kilifi,2009.0,True,Analysis_set,SPT43121,True,included_QC_cohort
SPT43122,1132-PF-K1000G-DBS-KE-BEJON,Kenya,Kilifi,2009.0,True,Analysis_set,SPT43122,True,included_QC_cohort
SPT43123,1132-PF-K1000G-DBS-KE-BEJON,Kenya,Kilifi,2009.0,True,Analysis_set,SPT43123,True,included_QC_cohort
SPT43124,1132-PF-K1000G-DBS-KE-BEJON,Kenya,Kilifi,2009.0,True,Analysis_set,SPT43124,True,included_QC_cohort
SPT43125,1132-PF-K1000G-DBS-KE-BEJON,Kenya,Kilifi,2009.0,True,Analysis_set,SPT43125,True,included_QC_cohort
SPT43126,1132-PF-K1000G-DBS-KE-BEJON,Kenya,Kilifi,2009.0,True,Analysis_set,SPT43126,True,included_QC_cohort
SPT43127,1132-PF-K1000G-DBS-KE-BEJON,Kenya,Kilifi,2009.0,True,Analysis_set,SPT43127,True,included_QC_cohort
SPT43128,1132-PF-K1000G-DBS-KE-BEJON,Kenya,Kilifi,2009.0,True,Analysis_set,SPT43128,True,included_QC_cohort
SPT43129,1132-PF-K1000G-DBS-KE-BEJON,Kenya,Kilifi,2009.0,True,Analysis_set,SPT43129,True,included_QC_cohort
SPT43130,1132-PF-K1000G-DBS-KE-BEJON,Kenya,Kilifi,2009.0,True,Analysis_set,SPT43130,True,included_QC_cohort
SPT43131,1132-PF-K1000G-DBS-KE-BEJON,Kenya,Kilifi,2009.0,True,Analysis_set,SPT43131,True,included_QC_cohort
SPT43133,1132-PF-K1000G-DBS-KE-BEJON,Kenya,Kilifi,2009.0,True,Analysis_set,SPT43133,True,included_QC_cohort
SPT43134,1132-PF-K1000G-DBS-KE-BEJON,Kenya,Kilifi,2009.0,True,Analysis_set,SPT43134,True,included_QC_cohort
SPT43135,1132-PF-K1000G-DBS-KE-BEJON,Kenya,Kilifi,2009.0,True,Analysis_set,SPT43135,True,included_QC_cohort
SPT43136,1132-PF-K1000G-DBS-KE-BEJON,Kenya,Kilifi,2009.0,True,Analysis_set,SPT43136,True,included_QC_cohort
SPT43137,1132-PF-K1000G-DBS-KE-BEJON,Kenya,Kilifi,2009.0,True,Analysis_set,SPT43137,True,included_QC_cohort
SPT43138,1132-PF-K1000G-DBS-KE-BEJON,Kenya,Kilifi,2009.0,True,Analysis_set,SPT43138,True,included_QC_cohort
SPT43139,1132-PF-K1000G-DBS-KE-BEJON,Kenya,Kilifi,2009.0,True,Analysis_set,SPT43139,True,included_QC_cohort
SPT43140,1132-PF-K1000G-DBS-KE-BEJON,Kenya,Kilifi,2009.0,True,Analysis_set,SPT43140,True,included_QC_cohort
SPT43141,1132-PF-K1000G-DBS-KE-BEJON,Kenya,Kilifi,2009.0,True,Analysis_set,SPT43141,True,included_QC_cohort
SPT43142,1132-PF-K1000G-DBS-KE-BEJON,Kenya,Kilifi,2009.0,True,Analysis_set,SPT43142,True,included_QC_cohort
SPT43143,1132-PF-K1000G-DBS-KE-BEJON,Kenya,Kilifi,2009.0,True,Analysis_set,SPT43143,True,included_QC_cohort
SPT43144,1132-PF-K1000G-DBS-KE-BEJON,Kenya,Kilifi,2009.0,True,Analysis_set,SPT43144,True,included_QC_cohort
SPT43145,1132-PF-K1000G-DBS-KE-BEJON,Kenya,Kilifi,2010.0,True,Analysis_set,SPT43145,True,included_QC_cohort
SPT43146,1132-PF-K1000G-DBS-KE-BEJON,Kenya,Kilifi,2010.0,True,Analysis_set,SPT43146,True,included_QC_cohort
SPT43147,1132-PF-K1000G-DBS-KE-BEJON,Kenya,Kilifi,2010.0,True,Analysis_set,SPT43147,True,included_QC_cohort
SPT43148,1132-PF-K1000G-DBS-KE-BEJON,Kenya,Kilifi,2010.0,True,Analysis_set,SPT43148,True,included_QC_cohort
SPT43149,1132-PF-K1000G-DBS-KE-BEJON,Kenya,Kilifi,2010.0,True,Analysis_set,SPT43149,True,included_QC_cohort
SPT43150,1132-PF-K1000G-DBS-KE-BEJON,Kenya,Kilifi,2010.0,True,Analysis_set,SPT43150,True,included_QC_cohort
SPT43151,1132-PF-K1000G-DBS-KE-BEJON,Kenya,Kilifi,2010.0,True,Analysis_set,SPT43151,True,included_QC_cohort
SPT43152,1132-PF-K1000G-DBS-KE-BEJON,Kenya,Kilifi,2010.0,True,Analysis_set,SPT43152,True,included_QC_cohort
SPT43153,1132-PF-K1000G-DBS-KE-BEJON,Kenya,Kilifi,2010.0,True,Analysis_set,SPT43153,True,included_QC_cohort
SPT43154,1132-PF-K1000G-DBS-KE-BEJON,Kenya,Kilifi,2010.0,True,Analysis_set,SPT43154,True,included_QC_cohort
SPT43155,1132-PF-K1000G-DBS-KE-BEJON,Kenya,Kilifi,2010.0,True,Analysis_set,SPT43155,True,included_QC_cohort
SPT43156,1132-PF-K1000G-DBS-KE-BEJON,Kenya,Kilifi,2010.0,True,Analysis_set,SPT43156,True,included_QC_cohort
SPT43157,1132-PF-K1000G-DBS-KE-BEJON,Kenya,Kilifi,2010.0,True,Analysis_set,SPT43157,True,included_QC_cohort
SPT43158,1132-PF-K1000G-DBS-KE-BEJON,Kenya,Kilifi,2010.0,True,Analysis_set,SPT43158,True,included_QC_cohort
SPT43159,1132-PF-K1000G-DBS-KE-BEJON,Kenya,Kilifi,2010.0,True,Analysis_set,SPT43159,True,included_QC_cohort
SPT43160,1132-PF-K1000G-DBS-KE-BEJON,Kenya,Kilifi,2010.0,True,Analysis_set,SPT43160,True,included_QC_cohort
SPT43161,1132-PF-K1000G-DBS-KE-BEJON,Kenya,Kilifi,2010.0,True,Analysis_set,SPT43161,True,included_QC_cohort
SPT43162,1132-PF-K1000G-DBS-KE-BEJON,Kenya,Kilifi,2010.0,True,Analysis_set,SPT43162,True,included_QC_cohort
SPT43163,1132-PF-K1000G-DBS-KE-BEJON,Kenya,Kilifi,2010.0,True,Analysis_set,SPT43163,True,included_QC_cohort
SPT43164,1132-PF-K1000G-DBS-KE-BEJON,Kenya,Kilifi,2010.0,True,Analysis_set,SPT43164,True,included_QC_cohort
SPT43165,1132-PF-K1000G-DBS-KE-BEJON,Kenya,Kilifi,2010.0,True,Analysis_set,SPT43165,True,included_QC_cohort
SPT43166,1132-PF-K1000G-DBS-KE-BEJON,Kenya,Kilifi,2010.0,True,Analysis_set,SPT43166,True,included_QC_cohort
SPT43167,1132-PF-K1000G-DBS-KE-BEJON,Kenya,Kilifi,2010.0,True,Analysis_set,SPT43167,True,included_QC_cohort
SPT43168,1132-PF-K1000G-DBS-KE-BEJON,Kenya,Kilifi,2010.0,True,Analysis_set,SPT43168,True,included_QC_cohort
SPT43169,1132-PF-K1000G-DBS-KE-BEJON,Kenya,Kilifi,2010.0,True,Analysis_set,SPT43169,True,included_QC_cohort
SPT43170,1132-PF-K1000G-DBS-KE-BEJON,Kenya,Kilifi,2010.0,True,Analysis_set,SPT43170,True,included_QC_cohort
SPT43171,1132-PF-K1000G-DBS-KE-BEJON,Kenya,Kilifi,2010.0,True,Analysis_set,SPT43171,True,included_QC_cohort
SPT43172,1132-PF-K1000G-DBS-KE-BEJON,Kenya,Kilifi,2010.0,True,Analysis_set,SPT43172,True,included_QC_cohort
SPT43175,1132-PF-K1000G-DBS-KE-BEJON,Kenya,Kilifi,2010.0,True,Analysis_set,SPT43175,True,included_QC_cohort
SPT43176,1132-PF-K1000G-DBS-KE-BEJON,Kenya,Kilifi,2010.0,True,Analysis_set,SPT43176,True,included_QC_cohort
SPT43177,1132-PF-K1000G-DBS-KE-BEJON,Kenya,Kilifi,2010.0,True,Analysis_set,SPT43177,True,included_QC_cohort
SPT43178,1132-PF-K1000G-DBS-KE-BEJON,Kenya,Kilifi,2010.0,True,Analysis_set,SPT43178,True,included_QC_cohort
SPT43179,1132-PF-K1000G-DBS-KE-BEJON,Kenya,Kilifi,2010.0,True,Analysis_set,SPT43179,True,included_QC_cohort
SPT43180,1132-PF-K1000G-DBS-KE-BEJON,Kenya,Kilifi,2010.0,True,Analysis_set,SPT43180,True,included_QC_cohort
SPT43181,1132-PF-K1000G-DBS-KE-BEJON,Kenya,Kilifi,2010.0,False,Low_coverage,SPT43181,False,excluded_QC
SPT43182,1132-PF-K1000G-DBS-KE-BEJON,Kenya,Kilifi,2010.0,False,Low_coverage,SPT43182,False,excluded_QC
SPT43183,1132-PF-K1000G-DBS-KE-BEJON,Kenya,Kilifi,2010.0,True,Analysis_set,SPT43183,True,included_QC_cohort
SPT43184,1132-PF-K1000G-DBS-KE-BEJON,Kenya,Kilifi,2010.0,True,Analysis_set,SPT43184,True,included_QC_cohort
SPT43185,1132-PF-K1000G-DBS-KE-BEJON,Kenya,Kilifi,2010.0,True,Analysis_set,SPT43185,True,included_QC_cohort
SPT43186,1132-PF-K1000G-DBS-KE-BEJON,Kenya,Kilifi,2010.0,True,Analysis_set,SPT43186,True,included_QC_cohort
SPT43187,1132-PF-K1000G-DBS-KE-BEJON,Kenya,Kilifi,2010.0,True,Analysis_set,SPT43187,True,included_QC_cohort
SPT43188,1132-PF-K1000G-DBS-KE-BEJON,Kenya,Kilifi,2010.0,True,Analysis_set,SPT43188,True,included_QC_cohort
SPT43191,1132-PF-K1000G-DBS-KE-BEJON,Kenya,Kilifi,2010.0,True,Analysis_set,SPT43191,True,included_QC_cohort
SPT43192,1132-PF-K1000G-DBS-KE-BEJON,Kenya,Kilifi,2010.0,True,Analysis_set,SPT43192,True,included_QC_cohort
SPT43193,1132-PF-K1000G-DBS-KE-BEJON,Kenya,Kilifi,2010.0,True,Analysis_set,SPT43193,True,included_QC_cohort
SPT43194,1132-PF-K1000G-DBS-KE-BEJON,Kenya,Kilifi,2010.0,True,Analysis_set,SPT43194,True,included_QC_cohort
SPT43195,1132-PF-K1000G-DBS-KE-BEJON,Kenya,Kilifi,2010.0,True,Analysis_set,SPT43195,True,included_QC_cohort
SPT43196,1132-PF-K1000G-DBS-KE-BEJON,Kenya,Kilifi,2010.0,True,Analysis_set,SPT43196,True,included_QC_cohort
SPT43197,1132-PF-K1000G-DBS-KE-BEJON,Kenya,Kilifi,2010.0,True,Analysis_set,SPT43197,True,included_QC_cohort
SPT43198,1132-PF-K1000G-DBS-KE-BEJON,Kenya,Kilifi,2010.0,True,Analysis_set,SPT43198,True,included_QC_cohort
SPT43199,1132-PF-K1000G-DBS-KE-BEJON,Kenya,Kilifi,2010.0,True,Analysis_set,SPT43199,True,included_QC_cohort
SPT43200,1132-PF-K1000G-DBS-KE-BEJON,Kenya,Kilifi,2010.0,True,Analysis_set,SPT43200,True,included_QC_cohort
SPT43201,1132-PF-K1000G-DBS-KE-BEJON,Kenya,Kilifi,2010.0,True,Analysis_set,SPT43201,True,included_QC_cohort
SPT43202,1132-PF-K1000G-DBS-KE-BEJON,Kenya,Kilifi,2010.0,True,Analysis_set,SPT43202,True,included_QC_cohort
SPT43203,1132-PF-K1000G-DBS-KE-BEJON,Kenya,Kilifi,2010.0,True,Analysis_set,SPT43203,True,included_QC_cohort
SPT43204,1132-PF-K1000G-DBS-KE-BEJON,Kenya,Kilifi,2010.0,True,Analysis_set,SPT43204,True,included_QC_cohort
SPT43205,1132-PF-K1000G-DBS-KE-BEJON,Kenya,Kilifi,2010.0,True,Analysis_set,SPT43205,True,included_QC_cohort
SPT43206,1132-PF-K1000G-DBS-KE-BEJON,Kenya,Kilifi,2010.0,True,Analysis_set,SPT43206,True,included_QC_cohort
SPT43207,1132-PF-K1000G-DBS-KE-BEJON,Kenya,Kilifi,2010.0,False,Low_coverage,SPT43207,False,excluded_QC
SPT43208,1132-PF-K1000G-DBS-KE-BEJON,Kenya,Kilifi,2010.0,True,Analysis_set,SPT43208,True,included_QC_cohort
SPT43209,1132-PF-K1000G-DBS-KE-BEJON,Kenya,Kilifi,2010.0,True,Analysis_set,SPT43209,True,included_QC_cohort
SPT43210,1132-PF-K1000G-DBS-KE-BEJON,Kenya,Kilifi,2010.0,True,Analysis_set,SPT43210,True,included_QC_cohort
SPT43211,1132-PF-K1000G-DBS-KE-BEJON,Kenya,Kilifi,2010.0,True,Analysis_set,SPT43211,True,included_QC_cohort
SPT43212,1132-PF-K1000G-DBS-KE-BEJON,Kenya,Kilifi,2010.0,True,Analysis_set,SPT43212,True,included_QC_cohort
SPT43213,1132-PF-K1000G-DBS-KE-BEJON,Kenya,Kilifi,2010.0,True,Analysis_set,SPT43213,True,included_QC_cohort
SPT43214,1132-PF-K1000G-DBS-KE-BEJON,Kenya,Kilifi,2010.0,True,Analysis_set,SPT43214,True,included_QC_cohort
SPT43215,1132-PF-K1000G-DBS-KE-BEJON,Kenya,Kilifi,2010.0,True,Analysis_set,SPT43215,True,included_QC_cohort
SPT43216,1132-PF-K1000G-DBS-KE-BEJON,Kenya,Kilifi,2010.0,True,Analysis_set,SPT43216,True,included_QC_cohort
SPT43217,1132-PF-K1000G-DBS-KE-BEJON,Kenya,Kilifi,2010.0,True,Analysis_set,SPT43217,True,included_QC_cohort
SPT43218,1132-PF-K1000G-DBS-KE-BEJON,Kenya,Kilifi,2010.0,True,Analysis_set,SPT43218,True,included_QC_cohort
SPT43219,1132-PF-K1000G-DBS-KE-BEJON,Kenya,Kilifi,2010.0,True,Analysis_set,SPT43219,True,included_QC_cohort
SPT43220,1132-PF-K1000G-DBS-KE-BEJON,Kenya,Kilifi,2010.0,True,Analysis_set,SPT43220,True,included_QC_cohort
SPT43222,1132-PF-K1000G-DBS-KE-BEJON,Kenya,Kilifi,2010.0,True,Analysis_set,SPT43222,True,included_QC_cohort
SPT43223,1132-PF-K1000G-DBS-KE-BEJON,Kenya,Kilifi,2010.0,True,Analysis_set,SPT43223,True,included_QC_cohort
SPT43224,1132-PF-K1000G-DBS-KE-BEJON,Kenya,Kilifi,2010.0,True,Analysis_set,SPT43224,True,included_QC_cohort
SPT43225,1132-PF-K1000G-DBS-KE-BEJON,Kenya,Kilifi,2010.0,True,Analysis_set,SPT43225,True,included_QC_cohort
SPT43226,1132-PF-K1000G-DBS-KE-BEJON,Kenya,Kilifi,2010.0,True,Analysis_set,SPT43226,True,included_QC_cohort
SPT43227,1132-PF-K1000G-DBS-KE-BEJON,Kenya,Kilifi,2010.0,True,Analysis_set,SPT43227,True,included_QC_cohort
SPT43228,1132-PF-K1000G-DBS-KE-BEJON,Kenya,Kilifi,2010.0,True,Analysis_set,SPT43228,True,included_QC_cohort
SPT43229,1132-PF-K1000G-DBS-KE-BEJON,Kenya,Kilifi,2010.0,True,Analysis_set,SPT43229,True,included_QC_cohort
SPT43230,1132-PF-K1000G-DBS-KE-BEJON,Kenya,Kilifi,2010.0,True,Analysis_set,SPT43230,True,included_QC_cohort
SPT43231,1132-PF-K1000G-DBS-KE-BEJON,Kenya,Kilifi,2010.0,True,Analysis_set,SPT43231,True,included_QC_cohort
SPT43232,1132-PF-K1000G-DBS-KE-BEJON,Kenya,Kilifi,2011.0,True,Analysis_set,SPT43232,True,included_QC_cohort
SPT43233,1132-PF-K1000G-DBS-KE-BEJON,Kenya,Kilifi,2011.0,True,Analysis_set,SPT43233,True,included_QC_cohort
SPT43234,1132-PF-K1000G-DBS-KE-BEJON,Kenya,Kilifi,2011.0,True,Analysis_set,SPT43234,True,included_QC_cohort
SPT43235,1132-PF-K1000G-DBS-KE-BEJON,Kenya,Kilifi,2011.0,True,Analysis_set,SPT43235,True,included_QC_cohort
SPT43236,1132-PF-K1000G-DBS-KE-BEJON,Kenya,Kilifi,2011.0,True,Analysis_set,SPT43236,True,included_QC_cohort
SPT43237,1132-PF-K1000G-DBS-KE-BEJON,Kenya,Kilifi,2011.0,True,Analysis_set,SPT43237,True,included_QC_cohort
SPT43238,1132-PF-K1000G-DBS-KE-BEJON,Kenya,Kilifi,2011.0,True,Analysis_set,SPT43238,True,included_QC_cohort
SPT43239,1132-PF-K1000G-DBS-KE-BEJON,Kenya,Kilifi,2011.0,True,Analysis_set,SPT43239,True,included_QC_cohort
SPT43240,1132-PF-K1000G-DBS-KE-BEJON,Kenya,Kilifi,2011.0,True,Analysis_set,SPT43240,True,included_QC_cohort
SPT43241,1132-PF-K1000G-DBS-KE-BEJON,Kenya,Kilifi,2011.0,True,Analysis_set,SPT43241,True,included_QC_cohort
SPT43242,1132-PF-K1000G-DBS-KE-BEJON,Kenya,Kilifi,2011.0,True,Analysis_set,SPT43242,True,included_QC_cohort
SPT43243,1132-PF-K1000G-DBS-KE-BEJON,Kenya,Kilifi,2011.0,True,Analysis_set,SPT43243,True,included_QC_cohort
SPT43244,1132-PF-K1000G-DBS-KE-BEJON,Kenya,Kilifi,2011.0,True,Analysis_set,SPT43244,True,included_QC_cohort
SPT43246,1132-PF-K1000G-DBS-KE-BEJON,Kenya,Kilifi,2011.0,True,Analysis_set,SPT43246,True,included_QC_cohort
SPT43247,1132-PF-K1000G-DBS-KE-BEJON,Kenya,Kilifi,2011.0,True,Analysis_set,SPT43247,True,included_QC_cohort
SPT43248,1132-PF-K1000G-DBS-KE-BEJON,Kenya,Kilifi,2011.0,True,Analysis_set,SPT43248,True,included_QC_cohort
SPT43249,1132-PF-K1000G-DBS-KE-BEJON,Kenya,Kilifi,2011.0,True,Analysis_set,SPT43249,True,included_QC_cohort
SPT43250,1132-PF-K1000G-DBS-KE-BEJON,Kenya,Kilifi,2011.0,True,Analysis_set,SPT43250,True,included_QC_cohort
SPT43251,1132-PF-K1000G-DBS-KE-BEJON,Kenya,Kilifi,2011.0,True,Analysis_set,SPT43251,True,included_QC_cohort
SPT43252,1132-PF-K1000G-DBS-KE-BEJON,Kenya,Kilifi,2011.0,True,Analysis_set,SPT43252,True,included_QC_cohort
SPT43253,1132-PF-K1000G-DBS-KE-BEJON,Kenya,Kilifi,2011.0,True,Analysis_set,SPT43253,True,included_QC_cohort
SPT43254,1132-PF-K1000G-DBS-KE-BEJON,Kenya,Kilifi,2011.0,True,Analysis_set,SPT43254,True,included_QC_cohort
SPT43255,1132-PF-K1000G-DBS-KE-BEJON,Kenya,Kilifi,2011.0,True,Analysis_set,SPT43255,True,included_QC_cohort
SPT43256,1132-PF-K1000G-DBS-KE-BEJON,Kenya,Kilifi,2011.0,True,Analysis_set,SPT43256,True,included_QC_cohort
SPT43257,1132-PF-K1000G-DBS-KE-BEJON,Kenya,Kilifi,2011.0,True,Analysis_set,SPT43257,True,included_QC_cohort
SPT43258,1132-PF-K1000G-DBS-KE-BEJON,Kenya,Kilifi,2011.0,True,Analysis_set,SPT43258,True,included_QC_cohort
SPT43259,1132-PF-K1000G-DBS-KE-BEJON,Kenya,Kilifi,2011.0,True,Analysis_set,SPT43259,True,included_QC_cohort
SPT43260,1132-PF-K1000G-DBS-KE-BEJON,Kenya,Kilifi,2011.0,True,Analysis_set,SPT43260,True,included_QC_cohort
SPT43261,1132-PF-K1000G-DBS-KE-BEJON,Kenya,Kilifi,2011.0,True,Analysis_set,SPT43261,True,included_QC_cohort
SPT43262,1132-PF-K1000G-DBS-KE-BEJON,Kenya,Kilifi,2011.0,True,Analysis_set,SPT43262,True,included_QC_cohort
SPT43263,1132-PF-K1000G-DBS-KE-BEJON,Kenya,Kilifi,2011.0,True,Analysis_set,SPT43263,True,included_QC_cohort
SPT43264,1132-PF-K1000G-DBS-KE-BEJON,Kenya,Kilifi,2011.0,True,Analysis_set,SPT43264,True,included_QC_cohort
SPT43265,1132-PF-K1000G-DBS-KE-BEJON,Kenya,Kilifi,2011.0,True,Analysis_set,SPT43265,True,included_QC_cohort
SPT43266,1132-PF-K1000G-DBS-KE-BEJON,Kenya,Kilifi,2011.0,True,Analysis_set,SPT43266,True,included_QC_cohort
SPT43267,1132-PF-K1000G-DBS-KE-BEJON,Kenya,Kilifi,2011.0,True,Analysis_set,SPT43267,True,included_QC_cohort
SPT43268,1132-PF-K1000G-DBS-KE-BEJON,Kenya,Kilifi,2011.0,True,Analysis_set,SPT43268,True,included_QC_cohort
SPT43269,1132-PF-K1000G-DBS-KE-BEJON,Kenya,Kilifi,2011.0,True,Analysis_set,SPT43269,True,included_QC_cohort
SPT43270,1132-PF-K1000G-DBS-KE-BEJON,Kenya,Kilifi,2011.0,True,Analysis_set,SPT43270,True,included_QC_cohort
SPT43271,1132-PF-K1000G-DBS-KE-BEJON,Kenya,Kilifi,2011.0,True,Analysis_set,SPT43271,True,included_QC_cohort
SPT43272,1132-PF-K1000G-DBS-KE-BEJON,Kenya,Kilifi,2011.0,True,Analysis_set,SPT43272,True,included_QC_cohort
SPT43273,1132-PF-K1000G-DBS-KE-BEJON,Kenya,Kilifi,2011.0,True,Analysis_set,SPT43273,True,included_QC_cohort
SPT43274,1132-PF-K1000G-DBS-KE-BEJON,Kenya,Kilifi,2011.0,True,Analysis_set,SPT43274,True,included_QC_cohort
SPT43275,1132-PF-K1000G-DBS-KE-BEJON,Kenya,Kilifi,2011.0,True,Analysis_set,SPT43275,True,included_QC_cohort
SPT43276,1132-PF-K1000G-DBS-KE-BEJON,Kenya,Kilifi,2011.0,True,Analysis_set,SPT43276,True,included_QC_cohort
SPT43277,1132-PF-K1000G-DBS-KE-BEJON,Kenya,Kilifi,2011.0,True,Analysis_set,SPT43277,True,included_QC_cohort
SPT43278,1132-PF-K1000G-DBS-KE-BEJON,Kenya,Kilifi,2011.0,False,Low_coverage,SPT43278,False,excluded_QC
SPT43279,1132-PF-K1000G-DBS-KE-BEJON,Kenya,Kilifi,2011.0,True,Analysis_set,SPT43279,True,included_QC_cohort
SPT43280,1132-PF-K1000G-DBS-KE-BEJON,Kenya,Kilifi,2011.0,True,Analysis_set,SPT43280,True,included_QC_cohort
SPT43281,1132-PF-K1000G-DBS-KE-BEJON,Kenya,Kilifi,2011.0,True,Analysis_set,SPT43281,True,included_QC_cohort
SPT43282,1132-PF-K1000G-DBS-KE-BEJON,Kenya,Kilifi,2011.0,True,Analysis_set,SPT43282,True,included_QC_cohort
SPT43283,1132-PF-K1000G-DBS-KE-BEJON,Kenya,Kilifi,2011.0,True,Analysis_set,SPT43283,True,included_QC_cohort
SPT43284,1132-PF-K1000G-DBS-KE-BEJON,Kenya,Kilifi,2011.0,True,Analysis_set,SPT43284,True,included_QC_cohort
SPT43285,1132-PF-K1000G-DBS-KE-BEJON,Kenya,Kilifi,2011.0,True,Analysis_set,SPT43285,True,included_QC_cohort
SPT43286,1132-PF-K1000G-DBS-KE-BEJON,Kenya,Kilifi,2011.0,True,Analysis_set,SPT43286,True,included_QC_cohort
SPT43287,1132-PF-K1000G-DBS-KE-BEJON,Kenya,Kilifi,2011.0,True,Analysis_set,SPT43287,True,included_QC_cohort
SPT43288,1132-PF-K1000G-DBS-KE-BEJON,Kenya,Kilifi,2011.0,True,Analysis_set,SPT43288,True,included_QC_cohort
SPT43289,1132-PF-K1000G-DBS-KE-BEJON,Kenya,Kilifi,2011.0,True,Analysis_set,SPT43289,True,included_QC_cohort
SPT43290,1132-PF-K1000G-DBS-KE-BEJON,Kenya,Kilifi,2011.0,True,Analysis_set,SPT43290,True,included_QC_cohort
SPT43291,1132-PF-K1000G-DBS-KE-BEJON,Kenya,Kilifi,2011.0,True,Analysis_set,SPT43291,True,included_QC_cohort
SPT43292,1132-PF-K1000G-DBS-KE-BEJON,Kenya,Kilifi,2011.0,True,Analysis_set,SPT43292,True,included_QC_cohort
SPT43293,1132-PF-K1000G-DBS-KE-BEJON,Kenya,Kilifi,2011.0,True,Analysis_set,SPT43293,True,included_QC_cohort
SPT43294,1132-PF-K1000G-DBS-KE-BEJON,Kenya,Kilifi,2012.0,True,Analysis_set,SPT43294,True,included_QC_cohort
SPT43295,1132-PF-K1000G-DBS-KE-BEJON,Kenya,Kilifi,2012.0,True,Analysis_set,SPT43295,True,included_QC_cohort
SPT43296,1132-PF-K1000G-DBS-KE-BEJON,Kenya,Kilifi,2012.0,True,Analysis_set,SPT43296,True,included_QC_cohort
SPT43297,1132-PF-K1000G-DBS-KE-BEJON,Kenya,Kilifi,2012.0,True,Analysis_set,SPT43297,True,included_QC_cohort
SPT43298,1132-PF-K1000G-DBS-KE-BEJON,Kenya,Kilifi,2012.0,True,Analysis_set,SPT43298,True,included_QC_cohort
SPT43299,1132-PF-K1000G-DBS-KE-BEJON,Kenya,Kilifi,2012.0,True,Analysis_set,SPT43299,True,included_QC_cohort
SPT43300,1132-PF-K1000G-DBS-KE-BEJON,Kenya,Kilifi,2012.0,True,Analysis_set,SPT43300,True,included_QC_cohort
SPT43301,1132-PF-K1000G-DBS-KE-BEJON,Kenya,Kilifi,2012.0,True,Analysis_set,SPT43301,True,included_QC_cohort
SPT43302,1132-PF-K1000G-DBS-KE-BEJON,Kenya,Kilifi,2012.0,True,Analysis_set,SPT43302,True,included_QC_cohort
SPT43303,1132-PF-K1000G-DBS-KE-BEJON,Kenya,Kilifi,2012.0,True,Analysis_set,SPT43303,True,included_QC_cohort
SPT43304,1132-PF-K1000G-DBS-KE-BEJON,Kenya,Kilifi,2012.0,True,Analysis_set,SPT43304,True,included_QC_cohort
SPT43305,1132-PF-K1000G-DBS-KE-BEJON,Kenya,Kilifi,2012.0,True,Analysis_set,SPT43305,True,included_QC_cohort
SPT43306,1132-PF-K1000G-DBS-KE-BEJON,Kenya,Kilifi,2012.0,True,Analysis_set,SPT43306,True,included_QC_cohort
SPT43307,1132-PF-K1000G-DBS-KE-BEJON,Kenya,Kilifi,2012.0,True,Analysis_set,SPT43307,True,included_QC_cohort
SPT43308,1132-PF-K1000G-DBS-KE-BEJON,Kenya,Kilifi,2012.0,True,Analysis_set,SPT43308,True,included_QC_cohort
SPT43309,1132-PF-K1000G-DBS-KE-BEJON,Kenya,Kilifi,2012.0,False,Low_coverage,SPT43309,False,excluded_QC
SPT43310,1132-PF-K1000G-DBS-KE-BEJON,Kenya,Kilifi,2012.0,True,Analysis_set,SPT43310,True,included_QC_cohort
SPT43311,1132-PF-K1000G-DBS-KE-BEJON,Kenya,Kilifi,2012.0,True,Analysis_set,SPT43311,True,included_QC_cohort
SPT43312,1132-PF-K1000G-DBS-KE-BEJON,Kenya,Kilifi,2012.0,True,Analysis_set,SPT43312,True,included_QC_cohort
SPT43313,1132-PF-K1000G-DBS-KE-BEJON,Kenya,Kilifi,2012.0,True,Analysis_set,SPT43313,True,included_QC_cohort
SPT43314,1132-PF-K1000G-DBS-KE-BEJON,Kenya,Kilifi,2012.0,True,Analysis_set,SPT43314,True,included_QC_cohort
SPT43315,1132-PF-K1000G-DBS-KE-BEJON,Kenya,Kilifi,2012.0,True,Analysis_set,SPT43315,True,included_QC_cohort
SPT43316,1132-PF-K1000G-DBS-KE-BEJON,Kenya,Kilifi,2012.0,True,Analysis_set,SPT43316,True,included_QC_cohort
SPT43317,1132-PF-K1000G-DBS-KE-BEJON,Kenya,Kilifi,2012.0,True,Analysis_set,SPT43317,True,included_QC_cohort
SPT43318,1132-PF-K1000G-DBS-KE-BEJON,Kenya,Kilifi,2012.0,True,Analysis_set,SPT43318,True,included_QC_cohort
SPT43319,1132-PF-K1000G-DBS-KE-BEJON,Kenya,Kilifi,2012.0,True,Analysis_set,SPT43319,True,included_QC_cohort
SPT43320,1132-PF-K1000G-DBS-KE-BEJON,Kenya,Kilifi,2012.0,True,Analysis_set,SPT43320,True,included_QC_cohort
SPT43321,1132-PF-K1000G-DBS-KE-BEJON,Kenya,Kilifi,2012.0,True,Analysis_set,SPT43321,True,included_QC_cohort
SPT43322,1132-PF-K1000G-DBS-KE-BEJON,Kenya,Kilifi,2012.0,True,Analysis_set,SPT43322,True,included_QC_cohort
SPT43323,1132-PF-K1000G-DBS-KE-BEJON,Kenya,Kilifi,2012.0,True,Analysis_set,SPT43323,True,included_QC_cohort
SPT43324,1132-PF-K1000G-DBS-KE-BEJON,Kenya,Kilifi,2012.0,True,Analysis_set,SPT43324,True,included_QC_cohort
SPT43325,1132-PF-K1000G-DBS-KE-BEJON,Kenya,Kilifi,2012.0,True,Analysis_set,SPT43325,True,included_QC_cohort
SPT43326,1132-PF-K1000G-DBS-KE-BEJON,Kenya,Kilifi,2012.0,True,Analysis_set,SPT43326,True,included_QC_cohort
SPT43327,1132-PF-K1000G-DBS-KE-BEJON,Kenya,Kilifi,2012.0,False,Low_coverage,SPT43327,False,excluded_QC
SPT43328,1132-PF-K1000G-DBS-KE-BEJON,Kenya,Kilifi,2012.0,True,Analysis_set,SPT43328,True,included_QC_cohort
SPT43329,1132-PF-K1000G-DBS-KE-BEJON,Kenya,Kilifi,2012.0,True,Analysis_set,SPT43329,True,included_QC_cohort
SPT43330,1132-PF-K1000G-DBS-KE-BEJON,Kenya,Kilifi,2012.0,True,Analysis_set,SPT43330,True,included_QC_cohort
SPT43331,1132-PF-K1000G-DBS-KE-BEJON,Kenya,Kilifi,2012.0,True,Analysis_set,SPT43331,True,included_QC_cohort
SPT43332,1132-PF-K1000G-DBS-KE-BEJON,Kenya,Kilifi,2012.0,False,Low_coverage,SPT43332,False,excluded_QC
SPT43333,1132-PF-K1000G-DBS-KE-BEJON,Kenya,Kilifi,2012.0,True,Analysis_set,SPT43333,True,included_QC_cohort
SPT43334,1132-PF-K1000G-DBS-KE-BEJON,Kenya,Kilifi,2012.0,True,Analysis_set,SPT43334,True,included_QC_cohort
SPT43335,1132-PF-K1000G-DBS-KE-BEJON,Kenya,Kilifi,2012.0,True,Analysis_set,SPT43335,True,included_QC_cohort
SPT43336,1132-PF-K1000G-DBS-KE-BEJON,Kenya,Kilifi,2012.0,True,Analysis_set,SPT43336,True,included_QC_cohort
SPT43337,1132-PF-K1000G-DBS-KE-BEJON,Kenya,Kilifi,2012.0,True,Analysis_set,SPT43337,True,included_QC_cohort
SPT43338,1132-PF-K1000G-DBS-KE-BEJON,Kenya,Kilifi,2012.0,True,Analysis_set,SPT43338,True,included_QC_cohort
SPT43339,1132-PF-K1000G-DBS-KE-BEJON,Kenya,Kilifi,2012.0,True,Analysis_set,SPT43339,True,included_QC_cohort
SPT43340,1132-PF-K1000G-DBS-KE-BEJON,Kenya,Kilifi,2012.0,True,Analysis_set,SPT43340,True,included_QC_cohort
SPT43341,1132-PF-K1000G-DBS-KE-BEJON,Kenya,Kilifi,2012.0,True,Analysis_set,SPT43341,True,included_QC_cohort
SPT43342,1132-PF-K1000G-DBS-KE-BEJON,Kenya,Kilifi,2012.0,True,Analysis_set,SPT43342,True,included_QC_cohort
SPT43343,1132-PF-K1000G-DBS-KE-BEJON,Kenya,Kilifi,2012.0,True,Analysis_set,SPT43343,True,included_QC_cohort
SPT43344,1132-PF-K1000G-DBS-KE-BEJON,Kenya,Kilifi,2012.0,True,Analysis_set,SPT43344,True,included_QC_cohort
SPT43345,1132-PF-K1000G-DBS-KE-BEJON,Kenya,Kilifi,2012.0,True,Analysis_set,SPT43345,True,included_QC_cohort
SPT43346,1132-PF-K1000G-DBS-KE-BEJON,Kenya,Kilifi,2012.0,True,Analysis_set,SPT43346,True,included_QC_cohort
SPT43347,1132-PF-K1000G-DBS-KE-BEJON,Kenya,Kilifi,2012.0,True,Analysis_set,SPT43347,True,included_QC_cohort
SPT43348,1132-PF-K1000G-DBS-KE-BEJON,Kenya,Kilifi,2012.0,True,Analysis_set,SPT43348,True,included_QC_cohort
SPT43349,1132-PF-K1000G-DBS-KE-BEJON,Kenya,Kilifi,2012.0,True,Analysis_set,SPT43349,True,included_QC_cohort
SPT43350,1132-PF-K1000G-DBS-KE-BEJON,Kenya,Kilifi,2012.0,True,Analysis_set,SPT43350,True,included_QC_cohort
SPT43351,1132-PF-K1000G-DBS-KE-BEJON,Kenya,Kilifi,2012.0,True,Analysis_set,SPT43351,True,included_QC_cohort
SPT43352,1132-PF-K1000G-DBS-KE-BEJON,Kenya,Kilifi,2012.0,True,Analysis_set,SPT43352,True,included_QC_cohort
SPT43355,1132-PF-K1000G-DBS-KE-BEJON,Kenya,Kilifi,2012.0,True,Analysis_set,SPT43355,True,included_QC_cohort
SPT43356,1132-PF-K1000G-DBS-KE-BEJON,Kenya,Kilifi,2012.0,True,Analysis_set,SPT43356,True,included_QC_cohort
SPT43357,1132-PF-K1000G-DBS-KE-BEJON,Kenya,Kilifi,2012.0,True,Analysis_set,SPT43357,True,included_QC_cohort
SPT43358,1132-PF-K1000G-DBS-KE-BEJON,Kenya,Kilifi,2012.0,True,Analysis_set,SPT43358,True,included_QC_cohort
SPT43359,1132-PF-K1000G-DBS-KE-BEJON,Kenya,Kilifi,2012.0,True,Analysis_set,SPT43359,True,included_QC_cohort
SPT43360,1132-PF-K1000G-DBS-KE-BEJON,Kenya,Kilifi,2012.0,True,Analysis_set,SPT43360,True,included_QC_cohort
SPT43361,1132-PF-K1000G-DBS-KE-BEJON,Kenya,Kilifi,2012.0,True,Analysis_set,SPT43361,True,included_QC_cohort
SPT43362,1132-PF-K1000G-DBS-KE-BEJON,Kenya,Kilifi,2012.0,True,Analysis_set,SPT43362,True,included_QC_cohort
SPT43363,1132-PF-K1000G-DBS-KE-BEJON,Kenya,Kilifi,2012.0,True,Analysis_set,SPT43363,True,included_QC_cohort
SPT43364,1132-PF-K1000G-DBS-KE-BEJON,Kenya,Kilifi,2012.0,True,Analysis_set,SPT43364,True,included_QC_cohort
SPT43365,1132-PF-K1000G-DBS-KE-BEJON,Kenya,Kilifi,2012.0,True,Analysis_set,SPT43365,True,included_QC_cohort
SPT43366,1132-PF-K1000G-DBS-KE-BEJON,Kenya,Kilifi,2012.0,True,Analysis_set,SPT43366,True,included_QC_cohort
SPT43367,1132-PF-K1000G-DBS-KE-BEJON,Kenya,Kilifi,2012.0,True,Analysis_set,SPT43367,True,included_QC_cohort
SPT43368,1132-PF-K1000G-DBS-KE-BEJON,Kenya,Kilifi,2012.0,True,Analysis_set,SPT43368,True,included_QC_cohort
SPT43369,1132-PF-K1000G-DBS-KE-BEJON,Kenya,Kilifi,2012.0,True,Analysis_set,SPT43369,True,included_QC_cohort
SPT43370,1132-PF-K1000G-DBS-KE-BEJON,Kenya,Kilifi,2012.0,True,Analysis_set,SPT43370,True,included_QC_cohort
SPT43371,1132-PF-K1000G-DBS-KE-BEJON,Kenya,Kilifi,2012.0,True,Analysis_set,SPT43371,True,included_QC_cohort
SPT43372,1132-PF-K1000G-DBS-KE-BEJON,Kenya,Kilifi,2012.0,True,Analysis_set,SPT43372,True,included_QC_cohort
SPT43373,1132-PF-K1000G-DBS-KE-BEJON,Kenya,Kilifi,2012.0,True,Analysis_set,SPT43373,True,included_QC_cohort
SPT43374,1132-PF-K1000G-DBS-KE-BEJON,Kenya,Kilifi,2012.0,True,Analysis_set,SPT43374,True,included_QC_cohort
SPT43375,1132-PF-K1000G-DBS-KE-BEJON,Kenya,Kilifi,2012.0,True,Analysis_set,SPT43375,True,included_QC_cohort
SPT43376,1132-PF-K1000G-DBS-KE-BEJON,Kenya,Kilifi,2012.0,True,Analysis_set,SPT43376,True,included_QC_cohort
SPT43377,1132-PF-K1000G-DBS-KE-BEJON,Kenya,Kilifi,2017.0,True,Analysis_set,SPT43377,True,included_QC_cohort
SPT43381,1132-PF-K1000G-DBS-KE-BEJON,Kenya,Kilifi,2017.0,False,Low_coverage,SPT43381,False,excluded_QC
SPT43390,1132-PF-K1000G-DBS-KE-BEJON,Kenya,Kilifi,2018.0,True,Analysis_set,SPT43390,True,included_QC_cohort
SPT43391,1132-PF-K1000G-DBS-KE-BEJON,Kenya,Kilifi,2018.0,True,Analysis_set,SPT43391,True,included_QC_cohort
SPT43403,1132-PF-K1000G-DBS-KE-BEJON,Kenya,Kilifi,2018.0,False,Low_coverage,SPT43403,False,excluded_QC
SPT50132,1132-PF-K1000G-DBS-KE-BEJON,Kenya,Kilifi,1994.0,True,Analysis_set,SPT50132,True,included_QC_cohort
SPT50133,1132-PF-K1000G-DBS-KE-BEJON,Kenya,Kilifi,1994.0,True,Analysis_set,SPT50133,True,included_QC_cohort
SPT50134,1132-PF-K1000G-DBS-KE-BEJON,Kenya,Kilifi,1994.0,True,Analysis_set,SPT50134,True,included_QC_cohort
SPT50135,1132-PF-K1000G-DBS-KE-BEJON,Kenya,Kilifi,1994.0,True,Analysis_set,SPT50135,True,included_QC_cohort
SPT50136,1132-PF-K1000G-DBS-KE-BEJON,Kenya,Kilifi,1994.0,True,Analysis_set,SPT50136,True,included_QC_cohort
SPT50137,1132-PF-K1000G-DBS-KE-BEJON,Kenya,Kilifi,1994.0,True,Analysis_set,SPT50137,True,included_QC_cohort
SPT50138,1132-PF-K1000G-DBS-KE-BEJON,Kenya,Kilifi,1994.0,True,Analysis_set,SPT50138,True,included_QC_cohort
SPT50139,1132-PF-K1000G-DBS-KE-BEJON,Kenya,Kilifi,1994.0,True,Analysis_set,SPT50139,True,included_QC_cohort
SPT50140,1132-PF-K1000G-DBS-KE-BEJON,Kenya,Kilifi,1994.0,True,Analysis_set,SPT50140,True,included_QC_cohort
SPT50141,1132-PF-K1000G-DBS-KE-BEJON,Kenya,Kilifi,1994.0,True,Analysis_set,SPT50141,True,included_QC_cohort
SPT50142,1132-PF-K1000G-DBS-KE-BEJON,Kenya,Kilifi,1994.0,True,Analysis_set,SPT50142,True,included_QC_cohort
SPT50143,1132-PF-K1000G-DBS-KE-BEJON,Kenya,Kilifi,1994.0,True,Analysis_set,SPT50143,True,included_QC_cohort
SPT50144,1132-PF-K1000G-DBS-KE-BEJON,Kenya,Kilifi,1994.0,True,Analysis_set,SPT50144,True,included_QC_cohort
SPT50145,1132-PF-K1000G-DBS-KE-BEJON,Kenya,Kilifi,1994.0,True,Analysis_set,SPT50145,True,included_QC_cohort
SPT50146,1132-PF-K1000G-DBS-KE-BEJON,Kenya,Kilifi,1994.0,True,Analysis_set,SPT50146,True,included_QC_cohort
SPT50147,1132-PF-K1000G-DBS-KE-BEJON,Kenya,Kilifi,1994.0,True,Analysis_set,SPT50147,True,included_QC_cohort
SPT50148,1132-PF-K1000G-DBS-KE-BEJON,Kenya,Kilifi,1997.0,True,Analysis_set,SPT50148,True,included_QC_cohort
SPT50149,1132-PF-K1000G-DBS-KE-BEJON,Kenya,Kilifi,1997.0,True,Analysis_set,SPT50149,True,included_QC_cohort
SPT50150,1132-PF-K1000G-DBS-KE-BEJON,Kenya,Kilifi,1997.0,True,Analysis_set,"PC4018-C,SPT50150",True,included_QC_cohort
SPT50151,1132-PF-K1000G-DBS-KE-BEJON,Kenya,Kilifi,1997.0,True,Analysis_set,SPT50151,True,included_QC_cohort
SPT50152,1132-PF-K1000G-DBS-KE-BEJON,Kenya,Kilifi,1997.0,True,Analysis_set,SPT50152,True,included_QC_cohort
SPT50153,1132-PF-K1000G-DBS-KE-BEJON,Kenya,Kilifi,1997.0,True,Analysis_set,SPT50153,True,included_QC_cohort
SPT50154,1132-PF-K1000G-DBS-KE-BEJON,Kenya,Kilifi,1997.0,True,Analysis_set,SPT50154,True,included_QC_cohort
SPT50155,1132-PF-K1000G-DBS-KE-BEJON,Kenya,Kilifi,1998.0,True,Analysis_set,SPT50155,True,included_QC_cohort
SPT50156,1132-PF-K1000G-DBS-KE-BEJON,Kenya,Kilifi,1998.0,True,Analysis_set,SPT50156,True,included_QC_cohort
SPT50157,1132-PF-K1000G-DBS-KE-BEJON,Kenya,Kilifi,1998.0,True,Analysis_set,SPT50157,True,included_QC_cohort
SPT50158,1132-PF-K1000G-DBS-KE-BEJON,Kenya,Kilifi,1998.0,True,Analysis_set,SPT50158,True,included_QC_cohort
SPT50159,1132-PF-K1000G-DBS-KE-BEJON,Kenya,Kilifi,1998.0,True,Analysis_set,SPT50159,True,included_QC_cohort
SPT50160,1132-PF-K1000G-DBS-KE-BEJON,Kenya,Kilifi,1998.0,True,Analysis_set,SPT50160,True,included_QC_cohort
SPT50161,1132-PF-K1000G-DBS-KE-BEJON,Kenya,Kilifi,1998.0,True,Analysis_set,SPT50161,True,included_QC_cohort
SPT50162,1132-PF-K1000G-DBS-KE-BEJON,Kenya,Kilifi,1998.0,True,Analysis_set,SPT50162,True,included_QC_cohort
SPT50163,1132-PF-K1000G-DBS-KE-BEJON,Kenya,Kilifi,1998.0,True,Analysis_set,SPT50163,True,included_QC_cohort
SPT50164,1132-PF-K1000G-DBS-KE-BEJON,Kenya,Kilifi,1999.0,True,Analysis_set,SPT50164,True,included_QC_cohort
SPT50165,1132-PF-K1000G-DBS-KE-BEJON,Kenya,Kilifi,2003.0,True,Analysis_set,SPT50165,True,included_QC_cohort
SPT50166,1132-PF-K1000G-DBS-KE-BEJON,Kenya,Kilifi,2003.0,True,Analysis_set,"PC4051-C,SPT50166",True,included_QC_cohort
SPT50167,1132-PF-K1000G-DBS-KE-BEJON,Kenya,Kilifi,2004.0,True,Analysis_set,SPT50167,True,included_QC_cohort
SPT50168,1132-PF-K1000G-DBS-KE-BEJON,Kenya,Kilifi,2005.0,True,Analysis_set,SPT50168,True,included_QC_cohort
SPT50169,1132-PF-K1000G-DBS-KE-BEJON,Kenya,Kilifi,2008.0,True,Analysis_set,SPT50169,True,included_QC_cohort
SPT50170,1132-PF-K1000G-DBS-KE-BEJON,Kenya,Kilifi,2009.0,True,Analysis_set,SPT50170,True,included_QC_cohort
SPT50171,1132-PF-K1000G-DBS-KE-BEJON,Kenya,Kilifi,2009.0,True,Analysis_set,SPT50171,True,included_QC_cohort
SPT50172,1132-PF-K1000G-DBS-KE-BEJON,Kenya,Kilifi,2009.0,True,Analysis_set,SPT50172,True,included_QC_cohort
SPT50173,1132-PF-K1000G-DBS-KE-BEJON,Kenya,Kilifi,2009.0,True,Analysis_set,SPT50173,True,included_QC_cohort
SPT50174,1132-PF-K1000G-DBS-KE-BEJON,Kenya,Kilifi,2009.0,True,Analysis_set,SPT50174,True,included_QC_cohort
SPT50175,1132-PF-K1000G-DBS-KE-BEJON,Kenya,Kilifi,2009.0,True,Analysis_set,SPT50175,True,included_QC_cohort
SPT50176,1132-PF-K1000G-DBS-KE-BEJON,Kenya,Kilifi,2009.0,True,Analysis_set,SPT50176,True,included_QC_cohort
SPT50177,1132-PF-K1000G-DBS-KE-BEJON,Kenya,Kilifi,2009.0,True,Analysis_set,SPT50177,True,included_QC_cohort
SPT50178,1132-PF-K1000G-DBS-KE-BEJON,Kenya,Kilifi,2009.0,True,Analysis_set,SPT50178,True,included_QC_cohort
SPT50179,1132-PF-K1000G-DBS-KE-BEJON,Kenya,Kilifi,2009.0,True,Analysis_set,SPT50179,True,included_QC_cohort
SPT50180,1132-PF-K1000G-DBS-KE-BEJON,Kenya,Kilifi,2009.0,True,Analysis_set,SPT50180,True,included_QC_cohort
SPT50181,1132-PF-K1000G-DBS-KE-BEJON,Kenya,Kilifi,2009.0,True,Analysis_set,SPT50181,True,included_QC_cohort
SPT50182,1132-PF-K1000G-DBS-KE-BEJON,Kenya,Kilifi,2009.0,True,Analysis_set,SPT50182,True,included_QC_cohort
SPT50183,1132-PF-K1000G-DBS-KE-BEJON,Kenya,Kilifi,2009.0,True,Analysis_set,SPT50183,True,included_QC_cohort
SPT50184,1132-PF-K1000G-DBS-KE-BEJON,Kenya,Kilifi,2009.0,True,Analysis_set,SPT50184,True,included_QC_cohort
SPT50185,1132-PF-K1000G-DBS-KE-BEJON,Kenya,Kilifi,2009.0,True,Analysis_set,SPT50185,True,included_QC_cohort
SPT50186,1132-PF-K1000G-DBS-KE-BEJON,Kenya,Kilifi,2010.0,True,Analysis_set,SPT50186,True,included_QC_cohort
SPT50187,1132-PF-K1000G-DBS-KE-BEJON,Kenya,Kilifi,2010.0,True,Analysis_set,SPT50187,True,included_QC_cohort
SPT50188,1132-PF-K1000G-DBS-KE-BEJON,Kenya,Kilifi,2010.0,True,Analysis_set,SPT50188,True,included_QC_cohort
SPT50189,1132-PF-K1000G-DBS-KE-BEJON,Kenya,Kilifi,2010.0,True,Analysis_set,SPT50189,True,included_QC_cohort
SPT50190,1132-PF-K1000G-DBS-KE-BEJON,Kenya,Kilifi,2010.0,True,Analysis_set,SPT50190,True,included_QC_cohort
SPT50191,1132-PF-K1000G-DBS-KE-BEJON,Kenya,Kilifi,2010.0,True,Analysis_set,SPT50191,True,included_QC_cohort
SPT50192,1132-PF-K1000G-DBS-KE-BEJON,Kenya,Kilifi,2010.0,True,Analysis_set,SPT50192,True,included_QC_cohort
SPT50193,1132-PF-K1000G-DBS-KE-BEJON,Kenya,Kilifi,2010.0,True,Analysis_set,SPT50193,True,included_QC_cohort
SPT50194,1132-PF-K1000G-DBS-KE-BEJON,Kenya,Kilifi,2010.0,True,Analysis_set,SPT50194,True,included_QC_cohort
SPT50195,1132-PF-K1000G-DBS-KE-BEJON,Kenya,Kilifi,2010.0,True,Analysis_set,SPT50195,True,included_QC_cohort
SPT50196,1132-PF-K1000G-DBS-KE-BEJON,Kenya,Kilifi,2010.0,True,Analysis_set,SPT50196,True,included_QC_cohort
SPT50197,1132-PF-K1000G-DBS-KE-BEJON,Kenya,Kilifi,2011.0,True,Analysis_set,SPT50197,True,included_QC_cohort
SPT50198,1132-PF-K1000G-DBS-KE-BEJON,Kenya,Kilifi,2011.0,True,Analysis_set,SPT50198,True,included_QC_cohort
SPT50199,1132-PF-K1000G-DBS-KE-BEJON,Kenya,Kilifi,2011.0,True,Analysis_set,SPT50199,True,included_QC_cohort
SPT50200,1132-PF-K1000G-DBS-KE-BEJON,Kenya,Kilifi,2011.0,True,Analysis_set,SPT50200,True,included_QC_cohort
SPT50201,1132-PF-K1000G-DBS-KE-BEJON,Kenya,Kilifi,2011.0,True,Analysis_set,SPT50201,True,included_QC_cohort
SPT50202,1132-PF-K1000G-DBS-KE-BEJON,Kenya,Kilifi,2011.0,True,Analysis_set,SPT50202,True,included_QC_cohort
SPT50203,1132-PF-K1000G-DBS-KE-BEJON,Kenya,Kilifi,2011.0,True,Analysis_set,SPT50203,True,included_QC_cohort
SPT50204,1132-PF-K1000G-DBS-KE-BEJON,Kenya,Kilifi,2011.0,True,Analysis_set,SPT50204,True,included_QC_cohort
SPT50205,1132-PF-K1000G-DBS-KE-BEJON,Kenya,Kilifi,2011.0,True,Analysis_set,SPT50205,True,included_QC_cohort
SPT50206,1132-PF-K1000G-DBS-KE-BEJON,Kenya,Kilifi,2011.0,True,Analysis_set,SPT50206,True,included_QC_cohort
SPT50207,1132-PF-K1000G-DBS-KE-BEJON,Kenya,Kilifi,2011.0,True,Analysis_set,SPT50207,True,included_QC_cohort
SPT50208,1132-PF-K1000G-DBS-KE-BEJON,Kenya,Kilifi,2011.0,True,Analysis_set,SPT50208,True,included_QC_cohort
SPT50209,1132-PF-K1000G-DBS-KE-BEJON,Kenya,Kilifi,2012.0,True,Analysis_set,SPT50209,True,included_QC_cohort
SPT50210,1132-PF-K1000G-DBS-KE-BEJON,Kenya,Kilifi,2012.0,True,Analysis_set,SPT50210,True,included_QC_cohort
SPT50211,1132-PF-K1000G-DBS-KE-BEJON,Kenya,Kilifi,2013.0,True,Analysis_set,SPT50211,True,included_QC_cohort
SPT50212,1132-PF-K1000G-DBS-KE-BEJON,Kenya,Kilifi,2013.0,True,Analysis_set,SPT50212,True,included_QC_cohort
SPT50213,1132-PF-K1000G-DBS-KE-BEJON,Kenya,Kilifi,2013.0,True,Analysis_set,SPT50213,True,included_QC_cohort
SPT50214,1132-PF-K1000G-DBS-KE-BEJON,Kenya,Kilifi,2013.0,True,Analysis_set,SPT50214,True,included_QC_cohort
SPT50215,1132-PF-K1000G-DBS-KE-BEJON,Kenya,Kilifi,2013.0,True,Analysis_set,SPT50215,True,included_QC_cohort
SPT50216,1132-PF-K1000G-DBS-KE-BEJON,Kenya,Kilifi,2013.0,True,Analysis_set,SPT50216,True,included_QC_cohort
SPT50217,1132-PF-K1000G-DBS-KE-BEJON,Kenya,Kilifi,2013.0,True,Analysis_set,SPT50217,True,included_QC_cohort
SPT50218,1132-PF-K1000G-DBS-KE-BEJON,Kenya,Kilifi,2013.0,True,Analysis_set,SPT50218,True,included_QC_cohort
SPT50219,1132-PF-K1000G-DBS-KE-BEJON,Kenya,Kilifi,2013.0,True,Analysis_set,SPT50219,True,included_QC_cohort
SPT50220,1132-PF-K1000G-DBS-KE-BEJON,Kenya,Kilifi,2014.0,True,Analysis_set,SPT50220,True,included_QC_cohort
SPT50221,1132-PF-K1000G-DBS-KE-BEJON,Kenya,Kilifi,2014.0,True,Analysis_set,SPT50221,True,included_QC_cohort
SPT50222,1132-PF-K1000G-DBS-KE-BEJON,Kenya,Kilifi,2014.0,True,Analysis_set,SPT50222,True,included_QC_cohort
SPT50223,1132-PF-K1000G-DBS-KE-BEJON,Kenya,Kilifi,2014.0,True,Analysis_set,SPT50223,True,included_QC_cohort
SPT50224,1132-PF-K1000G-DBS-KE-BEJON,Kenya,Kilifi,2014.0,True,Analysis_set,SPT50224,True,included_QC_cohort
SPT50225,1132-PF-K1000G-DBS-KE-BEJON,Kenya,Kilifi,2014.0,True,Analysis_set,"PC4010-C,PC4010-Cx,SPT50225",True,included_QC_cohort
SPT50226,1132-PF-K1000G-DBS-KE-BEJON,Kenya,Kilifi,2014.0,True,Analysis_set,SPT50226,True,included_QC_cohort
SPT50227,1132-PF-K1000G-DBS-KE-BEJON,Kenya,Kilifi,2014.0,True,Analysis_set,SPT50227,True,included_QC_cohort
SPT50228,1132-PF-K1000G-DBS-KE-BEJON,Kenya,Kilifi,2014.0,True,Analysis_set,SPT50228,True,included_QC_cohort
SPT50229,1132-PF-K1000G-DBS-KE-BEJON,Kenya,Kilifi,2014.0,True,Analysis_set,SPT50229,True,included_QC_cohort
SPT50230,1132-PF-K1000G-DBS-KE-BEJON,Kenya,Kilifi,2014.0,True,Analysis_set,SPT50230,True,included_QC_cohort
SPT50231,1132-PF-K1000G-DBS-KE-BEJON,Kenya,Kilifi,2014.0,True,Analysis_set,SPT50231,True,included_QC_cohort
SPT50232,1132-PF-K1000G-DBS-KE-BEJON,Kenya,Kilifi,2014.0,True,Analysis_set,SPT50232,True,included_QC_cohort
SPT50233,1132-PF-K1000G-DBS-KE-BEJON,Kenya,Kilifi,2014.0,True,Analysis_set,SPT50233,True,included_QC_cohort
SPT50234,1132-PF-K1000G-DBS-KE-BEJON,Kenya,Kilifi,2014.0,True,Analysis_set,SPT50234,True,included_QC_cohort
SPT50235,1132-PF-K1000G-DBS-KE-BEJON,Kenya,Kilifi,2014.0,True,Analysis_set,SPT50235,True,included_QC_cohort
SPT50236,1132-PF-K1000G-DBS-KE-BEJON,Kenya,Kilifi,2014.0,True,Analysis_set,SPT50236,True,included_QC_cohort
SPT50237,1132-PF-K1000G-DBS-KE-BEJON,Kenya,Kilifi,2014.0,True,Analysis_set,SPT50237,True,included_QC_cohort
SPT50238,1132-PF-K1000G-DBS-KE-BEJON,Kenya,Kilifi,2015.0,True,Analysis_set,SPT50238,True,included_QC_cohort
SPT50239,1132-PF-K1000G-DBS-KE-BEJON,Kenya,Kilifi,2015.0,True,Analysis_set,SPT50239,True,included_QC_cohort
SPT50240,1132-PF-K1000G-DBS-KE-BEJON,Kenya,Kilifi,2015.0,True,Analysis_set,SPT50240,True,included_QC_cohort
SPT50241,1132-PF-K1000G-DBS-KE-BEJON,Kenya,Kilifi,2015.0,True,Analysis_set,SPT50241,True,included_QC_cohort
SPT50242,1132-PF-K1000G-DBS-KE-BEJON,Kenya,Kilifi,2015.0,True,Analysis_set,SPT50242,True,included_QC_cohort
SPT50243,1132-PF-K1000G-DBS-KE-BEJON,Kenya,Kilifi,2015.0,True,Analysis_set,SPT50243,True,included_QC_cohort
SPT50244,1132-PF-K1000G-DBS-KE-BEJON,Kenya,Kilifi,2015.0,False,Mixed_species,SPT50244,False,excluded_QC
SPT50245,1132-PF-K1000G-DBS-KE-BEJON,Kenya,Kilifi,2015.0,True,Analysis_set,SPT50245,True,included_QC_cohort
SPT50246,1132-PF-K1000G-DBS-KE-BEJON,Kenya,Kilifi,2015.0,True,Analysis_set,SPT50246,True,included_QC_cohort
SPT50247,1132-PF-K1000G-DBS-KE-BEJON,Kenya,Kilifi,2015.0,True,Analysis_set,SPT50247,True,included_QC_cohort
SPT50248,1132-PF-K1000G-DBS-KE-BEJON,Kenya,Kilifi,2015.0,True,Analysis_set,SPT50248,True,included_QC_cohort
SPT50249,1132-PF-K1000G-DBS-KE-BEJON,Kenya,Kilifi,2016.0,True,Analysis_set,SPT50249,True,included_QC_cohort
SPT50250,1132-PF-K1000G-DBS-KE-BEJON,Kenya,Kilifi,2016.0,True,Analysis_set,SPT50250,True,included_QC_cohort
SPT50251,1132-PF-K1000G-DBS-KE-BEJON,Kenya,Kilifi,2017.0,True,Analysis_set,SPT50251,True,included_QC_cohort
SPT50252,1132-PF-K1000G-DBS-KE-BEJON,Kenya,Kilifi,2017.0,True,Analysis_set,SPT50252,True,included_QC_cohort
SPT50253,1132-PF-K1000G-DBS-KE-BEJON,Kenya,Kilifi,2017.0,True,Analysis_set,SPT50253,True,included_QC_cohort
SPT50254,1132-PF-K1000G-DBS-KE-BEJON,Kenya,Kilifi,2017.0,True,Analysis_set,SPT50254,True,included_QC_cohort
SPT50255,1132-PF-K1000G-DBS-KE-BEJON,Kenya,Kilifi,2017.0,True,Analysis_set,SPT50255,True,included_QC_cohort
SPT50256,1132-PF-K1000G-DBS-KE-BEJON,Kenya,Kilifi,2008.0,True,Analysis_set,SPT50256,True,included_QC_cohort
SPT50257,1132-PF-K1000G-DBS-KE-BEJON,Kenya,Kilifi,2008.0,True,Analysis_set,SPT50257,True,included_QC_cohort
SPT50258,1132-PF-K1000G-DBS-KE-BEJON,Kenya,Kilifi,2008.0,True,Analysis_set,SPT50258,True,included_QC_cohort
SPT50259,1132-PF-K1000G-DBS-KE-BEJON,Kenya,Kilifi,2008.0,True,Analysis_set,SPT50259,True,included_QC_cohort
SPT50260,1132-PF-K1000G-DBS-KE-BEJON,Kenya,Kilifi,2008.0,True,Analysis_set,SPT50260,True,included_QC_cohort
SPT50261,1132-PF-K1000G-DBS-KE-BEJON,Kenya,Kilifi,2008.0,True,Analysis_set,SPT50261,True,included_QC_cohort
SPT50262,1132-PF-K1000G-DBS-KE-BEJON,Kenya,Kilifi,2008.0,True,Analysis_set,SPT50262,True,included_QC_cohort
SPT50263,1132-PF-K1000G-DBS-KE-BEJON,Kenya,Kilifi,1994.0,True,Analysis_set,SPT50263,True,included_QC_cohort
SPT50264,1132-PF-K1000G-DBS-KE-BEJON,Kenya,Kilifi,1994.0,True,Analysis_set,SPT50264,True,included_QC_cohort
SPT50265,1132-PF-K1000G-DBS-KE-BEJON,Kenya,Kilifi,1994.0,True,Analysis_set,SPT50265,True,included_QC_cohort
SPT50266,1132-PF-K1000G-DBS-KE-BEJON,Kenya,Kilifi,1995.0,True,Analysis_set,SPT50266,True,included_QC_cohort
SPT50268,1132-PF-K1000G-DBS-KE-BEJON,Kenya,Kilifi,1995.0,True,Analysis_set,SPT50268,True,included_QC_cohort
SPT50269,1132-PF-K1000G-DBS-KE-BEJON,Kenya,Kilifi,1995.0,True,Analysis_set,SPT50269,True,included_QC_cohort
SPT50270,1132-PF-K1000G-DBS-KE-BEJON,Kenya,Kilifi,1997.0,True,Analysis_set,SPT50270,True,included_QC_cohort
SPT50271,1132-PF-K1000G-DBS-KE-BEJON,Kenya,Kilifi,1997.0,True,Analysis_set,SPT50271,True,included_QC_cohort
SPT50272,1132-PF-K1000G-DBS-KE-BEJON,Kenya,Kilifi,1997.0,True,Analysis_set,SPT50272,True,included_QC_cohort
SPT50273,1132-PF-K1000G-DBS-KE-BEJON,Kenya,Kilifi,1997.0,True,Analysis_set,SPT50273,True,included_QC_cohort
SPT50274,1132-PF-K1000G-DBS-KE-BEJON,Kenya,Kilifi,1997.0,True,Analysis_set,SPT50274,True,included_QC_cohort
SPT50275,1132-PF-K1000G-DBS-KE-BEJON,Kenya,Kilifi,1997.0,True,Analysis_set,SPT50275,True,included_QC_cohort
SPT50276,1132-PF-K1000G-DBS-KE-BEJON,Kenya,Kilifi,1997.0,True,Analysis_set,SPT50276,True,included_QC_cohort
SPT50277,1132-PF-K1000G-DBS-KE-BEJON,Kenya,Kilifi,1997.0,True,Analysis_set,SPT50277,True,included_QC_cohort
SPT50278,1132-PF-K1000G-DBS-KE-BEJON,Kenya,Kilifi,1997.0,True,Analysis_set,SPT50278,True,included_QC_cohort
SPT50279,1132-PF-K1000G-DBS-KE-BEJON,Kenya,Kilifi,1998.0,True,Analysis_set,SPT50279,True,included_QC_cohort
SPT50280,1132-PF-K1000G-DBS-KE-BEJON,Kenya,Kilifi,1998.0,True,Analysis_set,SPT50280,True,included_QC_cohort
SPT50281,1132-PF-K1000G-DBS-KE-BEJON,Kenya,Kilifi,1998.0,True,Analysis_set,SPT50281,True,included_QC_cohort
SPT50282,1132-PF-K1000G-DBS-KE-BEJON,Kenya,Kilifi,1999.0,True,Analysis_set,SPT50282,True,included_QC_cohort
SPT50283,1132-PF-K1000G-DBS-KE-BEJON,Kenya,Kilifi,2003.0,True,Analysis_set,SPT50283,True,included_QC_cohort
SPT50284,1132-PF-K1000G-DBS-KE-BEJON,Kenya,Kilifi,2003.0,True,Analysis_set,SPT50284,True,included_QC_cohort
SPT50285,1132-PF-K1000G-DBS-KE-BEJON,Kenya,Kilifi,2003.0,True,Analysis_set,SPT50285,True,included_QC_cohort
SPT50286,1132-PF-K1000G-DBS-KE-BEJON,Kenya,Kilifi,2003.0,True,Analysis_set,SPT50286,True,included_QC_cohort
SPT50287,1132-PF-K1000G-DBS-KE-BEJON,Kenya,Kilifi,2004.0,True,Analysis_set,SPT50287,True,included_QC_cohort
SPT50288,1132-PF-K1000G-DBS-KE-BEJON,Kenya,Kilifi,2004.0,True,Analysis_set,SPT50288,True,included_QC_cohort
SPT50289,1132-PF-K1000G-DBS-KE-BEJON,Kenya,Kilifi,2004.0,True,Analysis_set,SPT50289,True,included_QC_cohort
SPT50290,1132-PF-K1000G-DBS-KE-BEJON,Kenya,Kilifi,2004.0,True,Analysis_set,SPT50290,True,included_QC_cohort
SPT50291,1132-PF-K1000G-DBS-KE-BEJON,Kenya,Kilifi,2005.0,True,Analysis_set,SPT50291,True,included_QC_cohort
SPT50292,1132-PF-K1000G-DBS-KE-BEJON,Kenya,Kilifi,2005.0,False,Low_coverage,SPT50292,False,excluded_QC
SPT50293,1132-PF-K1000G-DBS-KE-BEJON,Kenya,Kilifi,2005.0,True,Analysis_set,SPT50293,True,included_QC_cohort
SPT50294,1132-PF-K1000G-DBS-KE-BEJON,Kenya,Kilifi,2007.0,True,Analysis_set,SPT50294,True,included_QC_cohort
SPT50295,1132-PF-K1000G-DBS-KE-BEJON,Kenya,Kilifi,2000.0,True,Analysis_set,SPT50295,True,included_QC_cohort
SPT50296,1132-PF-K1000G-DBS-KE-BEJON,Kenya,Kilifi,2000.0,True,Analysis_set,SPT50296,True,included_QC_cohort
SPT50297,1132-PF-K1000G-DBS-KE-BEJON,Kenya,Kilifi,2000.0,True,Analysis_set,SPT50297,True,included_QC_cohort
SPT50298,1132-PF-K1000G-DBS-KE-BEJON,Kenya,Kilifi,2007.0,True,Analysis_set,SPT50298,True,included_QC_cohort
SPT50299,1132-PF-K1000G-DBS-KE-BEJON,Kenya,Kilifi,2008.0,True,Analysis_set,SPT50299,True,included_QC_cohort
SPT50301,1132-PF-K1000G-DBS-KE-BEJON,Kenya,Kilifi,2008.0,True,Analysis_set,SPT50301,True,included_QC_cohort
SPT50302,1132-PF-K1000G-DBS-KE-BEJON,Kenya,Kilifi,2008.0,True,Analysis_set,SPT50302,True,included_QC_cohort
SPT50303,1132-PF-K1000G-DBS-KE-BEJON,Kenya,Kilifi,2013.0,True,Analysis_set,SPT50303,True,included_QC_cohort
SPT50304,1132-PF-K1000G-DBS-KE-BEJON,Kenya,Kilifi,2013.0,True,Analysis_set,SPT50304,True,included_QC_cohort
SPT50305,1132-PF-K1000G-DBS-KE-BEJON,Kenya,Kilifi,2013.0,True,Analysis_set,SPT50305,True,included_QC_cohort
SPT50306,1132-PF-K1000G-DBS-KE-BEJON,Kenya,Kilifi,2013.0,True,Analysis_set,SPT50306,True,included_QC_cohort
SPT50307,1132-PF-K1000G-DBS-KE-BEJON,Kenya,Kilifi,2013.0,True,Analysis_set,SPT50307,True,included_QC_cohort
SPT50308,1132-PF-K1000G-DBS-KE-BEJON,Kenya,Kilifi,2013.0,True,Analysis_set,SPT50308,True,included_QC_cohort
SPT50309,1132-PF-K1000G-DBS-KE-BEJON,Kenya,Kilifi,2013.0,True,Analysis_set,SPT50309,True,included_QC_cohort
SPT50310,1132-PF-K1000G-DBS-KE-BEJON,Kenya,Kilifi,2013.0,True,Analysis_set,SPT50310,True,included_QC_cohort
SPT50311,1132-PF-K1000G-DBS-KE-BEJON,Kenya,Kilifi,2013.0,True,Analysis_set,SPT50311,True,included_QC_cohort
SPT50312,1132-PF-K1000G-DBS-KE-BEJON,Kenya,Kilifi,2013.0,True,Analysis_set,SPT50312,True,included_QC_cohort
SPT50313,1132-PF-K1000G-DBS-KE-BEJON,Kenya,Kilifi,2013.0,True,Analysis_set,SPT50313,True,included_QC_cohort
SPT50314,1132-PF-K1000G-DBS-KE-BEJON,Kenya,Kilifi,2013.0,False,High_num_singletons,SPT50314,False,excluded_QC
SPT50315,1132-PF-K1000G-DBS-KE-BEJON,Kenya,Kilifi,2013.0,True,Analysis_set,SPT50315,True,included_QC_cohort
SPT50316,1132-PF-K1000G-DBS-KE-BEJON,Kenya,Kilifi,2000.0,True,Analysis_set,SPT50316,True,included_QC_cohort
SPT50317,1132-PF-K1000G-DBS-KE-BEJON,Kenya,Kilifi,2000.0,True,Analysis_set,SPT50317,True,included_QC_cohort
SPT50318,1132-PF-K1000G-DBS-KE-BEJON,Kenya,Kilifi,2000.0,True,Analysis_set,SPT50318,True,included_QC_cohort
SPT50319,1132-PF-K1000G-DBS-KE-BEJON,Kenya,Kilifi,2000.0,True,Analysis_set,SPT50319,True,included_QC_cohort
SPT50320,1132-PF-K1000G-DBS-KE-BEJON,Kenya,Kilifi,2000.0,True,Analysis_set,SPT50320,True,included_QC_cohort
SPT50321,1132-PF-K1000G-DBS-KE-BEJON,Kenya,Kilifi,2000.0,True,Analysis_set,SPT50321,True,included_QC_cohort
SPT50322,1132-PF-K1000G-DBS-KE-BEJON,Kenya,Kilifi,2000.0,True,Analysis_set,SPT50322,True,included_QC_cohort
SPT50323,1132-PF-K1000G-DBS-KE-BEJON,Kenya,Kilifi,2013.0,True,Analysis_set,SPT50323,True,included_QC_cohort
SPT50324,1132-PF-K1000G-DBS-KE-BEJON,Kenya,Kilifi,2013.0,True,Analysis_set,SPT50324,True,included_QC_cohort
SPT50325,1132-PF-K1000G-DBS-KE-BEJON,Kenya,Kilifi,2013.0,True,Analysis_set,SPT50325,True,included_QC_cohort
SPT50326,1132-PF-K1000G-DBS-KE-BEJON,Kenya,Kilifi,2013.0,True,Analysis_set,SPT50326,True,included_QC_cohort
SPT50327,1132-PF-K1000G-DBS-KE-BEJON,Kenya,Kilifi,2013.0,True,Analysis_set,SPT50327,True,included_QC_cohort
SPT50329,1132-PF-K1000G-DBS-KE-BEJON,Kenya,Kilifi,2014.0,True,Analysis_set,SPT50329,True,included_QC_cohort
SPT50330,1132-PF-K1000G-DBS-KE-BEJON,Kenya,Kilifi,2014.0,True,Analysis_set,SPT50330,True,included_QC_cohort
SPT50331,1132-PF-K1000G-DBS-KE-BEJON,Kenya,Kilifi,2014.0,True,Analysis_set,SPT50331,True,included_QC_cohort
SPT50332,1132-PF-K1000G-DBS-KE-BEJON,Kenya,Kilifi,2014.0,True,Analysis_set,SPT50332,True,included_QC_cohort
SPT50333,1132-PF-K1000G-DBS-KE-BEJON,Kenya,Kilifi,2014.0,True,Analysis_set,SPT50333,True,included_QC_cohort
SPT50334,1132-PF-K1000G-DBS-KE-BEJON,Kenya,Kilifi,2014.0,True,Analysis_set,SPT50334,True,included_QC_cohort
SPT50335,1132-PF-K1000G-DBS-KE-BEJON,Kenya,Kilifi,2014.0,True,Analysis_set,SPT50335,True,included_QC_cohort
SPT50336,1132-PF-K1000G-DBS-KE-BEJON,Kenya,Kilifi,2014.0,True,Analysis_set,SPT50336,True,included_QC_cohort
SPT50337,1132-PF-K1000G-DBS-KE-BEJON,Kenya,Kilifi,2014.0,True,Analysis_set,SPT50337,True,included_QC_cohort
SPT50338,1132-PF-K1000G-DBS-KE-BEJON,Kenya,Kilifi,2014.0,True,Analysis_set,SPT50338,True,included_QC_cohort
SPT50339,1132-PF-K1000G-DBS-KE-BEJON,Kenya,Kilifi,2014.0,True,Analysis_set,SPT50339,True,included_QC_cohort
SPT50340,1132-PF-K1000G-DBS-KE-BEJON,Kenya,Kilifi,2014.0,True,Analysis_set,SPT50340,True,included_QC_cohort
SPT50341,1132-PF-K1000G-DBS-KE-BEJON,Kenya,Kilifi,2014.0,True,Analysis_set,SPT50341,True,included_QC_cohort
SPT50342,1132-PF-K1000G-DBS-KE-BEJON,Kenya,Kilifi,2014.0,True,Analysis_set,SPT50342,True,included_QC_cohort
SPT50343,1132-PF-K1000G-DBS-KE-BEJON,Kenya,Kilifi,2014.0,True,Analysis_set,SPT50343,True,included_QC_cohort
SPT50344,1132-PF-K1000G-DBS-KE-BEJON,Kenya,Kilifi,2014.0,True,Analysis_set,SPT50344,True,included_QC_cohort
SPT50345,1132-PF-K1000G-DBS-KE-BEJON,Kenya,Kilifi,2014.0,True,Analysis_set,SPT50345,True,included_QC_cohort
SPT50346,1132-PF-K1000G-DBS-KE-BEJON,Kenya,Kilifi,2014.0,True,Analysis_set,SPT50346,True,included_QC_cohort
SPT50347,1132-PF-K1000G-DBS-KE-BEJON,Kenya,Kilifi,2014.0,True,Analysis_set,SPT50347,True,included_QC_cohort
SPT50348,1132-PF-K1000G-DBS-KE-BEJON,Kenya,Kilifi,2014.0,True,Analysis_set,SPT50348,True,included_QC_cohort
SPT50349,1132-PF-K1000G-DBS-KE-BEJON,Kenya,Kilifi,2014.0,True,Analysis_set,SPT50349,True,included_QC_cohort
SPT50350,1132-PF-K1000G-DBS-KE-BEJON,Kenya,Kilifi,2014.0,True,Analysis_set,SPT50350,True,included_QC_cohort
SPT50351,1132-PF-K1000G-DBS-KE-BEJON,Kenya,Kilifi,2014.0,True,Analysis_set,SPT50351,True,included_QC_cohort
SPT50352,1132-PF-K1000G-DBS-KE-BEJON,Kenya,Kilifi,2014.0,True,Analysis_set,SPT50352,True,included_QC_cohort
SPT50353,1132-PF-K1000G-DBS-KE-BEJON,Kenya,Kilifi,2014.0,True,Analysis_set,SPT50353,True,included_QC_cohort
SPT50354,1132-PF-K1000G-DBS-KE-BEJON,Kenya,Kilifi,2014.0,True,Analysis_set,SPT50354,True,included_QC_cohort
SPT50355,1132-PF-K1000G-DBS-KE-BEJON,Kenya,Kilifi,2014.0,True,Analysis_set,SPT50355,True,included_QC_cohort
SPT50356,1132-PF-K1000G-DBS-KE-BEJON,Kenya,Kilifi,2015.0,True,Analysis_set,SPT50356,True,included_QC_cohort
SPT50357,1132-PF-K1000G-DBS-KE-BEJON,Kenya,Kilifi,2015.0,True,Analysis_set,SPT50357,True,included_QC_cohort
SPT50358,1132-PF-K1000G-DBS-KE-BEJON,Kenya,Kilifi,2015.0,True,Analysis_set,SPT50358,True,included_QC_cohort
SPT50359,1132-PF-K1000G-DBS-KE-BEJON,Kenya,Kilifi,2015.0,True,Analysis_set,SPT50359,True,included_QC_cohort
SPT50360,1132-PF-K1000G-DBS-KE-BEJON,Kenya,Kilifi,2015.0,True,Analysis_set,SPT50360,True,included_QC_cohort
SPT50361,1132-PF-K1000G-DBS-KE-BEJON,Kenya,Kilifi,2015.0,True,Analysis_set,SPT50361,True,included_QC_cohort
SPT50362,1132-PF-K1000G-DBS-KE-BEJON,Kenya,Kilifi,2015.0,True,Analysis_set,SPT50362,True,included_QC_cohort
SPT50363,1132-PF-K1000G-DBS-KE-BEJON,Kenya,Kilifi,2015.0,True,Analysis_set,SPT50363,True,included_QC_cohort
SPT50364,1132-PF-K1000G-DBS-KE-BEJON,Kenya,Kilifi,2015.0,True,Analysis_set,SPT50364,True,included_QC_cohort
SPT50365,1132-PF-K1000G-DBS-KE-BEJON,Kenya,Kilifi,2015.0,True,Analysis_set,SPT50365,True,included_QC_cohort
SPT50366,1132-PF-K1000G-DBS-KE-BEJON,Kenya,Kilifi,2015.0,True,Analysis_set,SPT50366,True,included_QC_cohort
SPT50367,1132-PF-K1000G-DBS-KE-BEJON,Kenya,Kilifi,2015.0,True,Analysis_set,SPT50367,True,included_QC_cohort
SPT50368,1132-PF-K1000G-DBS-KE-BEJON,Kenya,Kilifi,2015.0,True,Analysis_set,SPT50368,True,included_QC_cohort
SPT50369,1132-PF-K1000G-DBS-KE-BEJON,Kenya,Kilifi,2015.0,True,Analysis_set,SPT50369,True,included_QC_cohort
SPT50371,1132-PF-K1000G-DBS-KE-BEJON,Kenya,Kilifi,2015.0,True,Analysis_set,SPT50371,True,included_QC_cohort
SPT50372,1132-PF-K1000G-DBS-KE-BEJON,Kenya,Kilifi,2015.0,True,Analysis_set,SPT50372,True,included_QC_cohort
SPT50373,1132-PF-K1000G-DBS-KE-BEJON,Kenya,Kilifi,2015.0,True,Analysis_set,SPT50373,True,included_QC_cohort
SPT50374,1132-PF-K1000G-DBS-KE-BEJON,Kenya,Kilifi,2015.0,True,Analysis_set,SPT50374,True,included_QC_cohort
SPT50375,1132-PF-K1000G-DBS-KE-BEJON,Kenya,Kilifi,2016.0,True,Analysis_set,SPT50375,True,included_QC_cohort
SPT50376,1132-PF-K1000G-DBS-KE-BEJON,Kenya,Kilifi,2016.0,True,Analysis_set,SPT50376,True,included_QC_cohort
SPT50377,1132-PF-K1000G-DBS-KE-BEJON,Kenya,Kilifi,2016.0,True,Analysis_set,SPT50377,True,included_QC_cohort
SPT50378,1132-PF-K1000G-DBS-KE-BEJON,Kenya,Kilifi,2016.0,True,Analysis_set,SPT50378,True,included_QC_cohort
SPT50379,1132-PF-K1000G-DBS-KE-BEJON,Kenya,Kilifi,2016.0,True,Analysis_set,SPT50379,True,included_QC_cohort
SPT50380,1132-PF-K1000G-DBS-KE-BEJON,Kenya,Kilifi,2016.0,True,Analysis_set,SPT50380,True,included_QC_cohort
SPT50381,1132-PF-K1000G-DBS-KE-BEJON,Kenya,Kilifi,2016.0,True,Analysis_set,SPT50381,True,included_QC_cohort
SPT50382,1132-PF-K1000G-DBS-KE-BEJON,Kenya,Kilifi,2016.0,True,Analysis_set,SPT50382,True,included_QC_cohort
SPT50383,1132-PF-K1000G-DBS-KE-BEJON,Kenya,Kilifi,2016.0,True,Analysis_set,SPT50383,True,included_QC_cohort
SPT50385,1132-PF-K1000G-DBS-KE-BEJON,Kenya,Kilifi,2016.0,True,Analysis_set,SPT50385,True,included_QC_cohort
SPT50386,1132-PF-K1000G-DBS-KE-BEJON,Kenya,Kilifi,2016.0,True,Analysis_set,SPT50386,True,included_QC_cohort
SPT50387,1132-PF-K1000G-DBS-KE-BEJON,Kenya,Kilifi,2016.0,True,Analysis_set,SPT50387,True,included_QC_cohort
SPT50388,1132-PF-K1000G-DBS-KE-BEJON,Kenya,Kilifi,2016.0,True,Analysis_set,SPT50388,True,included_QC_cohort
SPT50389,1132-PF-K1000G-DBS-KE-BEJON,Kenya,Kilifi,2016.0,True,Analysis_set,SPT50389,True,included_QC_cohort
SPT50390,1132-PF-K1000G-DBS-KE-BEJON,Kenya,Kilifi,2016.0,True,Analysis_set,SPT50390,True,included_QC_cohort
SPT50391,1132-PF-K1000G-DBS-KE-BEJON,Kenya,Kilifi,2016.0,True,Analysis_set,SPT50391,True,included_QC_cohort
SPT50392,1132-PF-K1000G-DBS-KE-BEJON,Kenya,Kilifi,2016.0,True,Analysis_set,SPT50392,True,included_QC_cohort
SPT50393,1132-PF-K1000G-DBS-KE-BEJON,Kenya,Kilifi,2016.0,True,Analysis_set,SPT50393,True,included_QC_cohort
SPT50394,1132-PF-K1000G-DBS-KE-BEJON,Kenya,Kilifi,2016.0,True,Analysis_set,SPT50394,True,included_QC_cohort
SPT50395,1132-PF-K1000G-DBS-KE-BEJON,Kenya,Kilifi,2016.0,True,Analysis_set,SPT50395,True,included_QC_cohort
SPT50396,1132-PF-K1000G-DBS-KE-BEJON,Kenya,Kilifi,2016.0,True,Analysis_set,SPT50396,True,included_QC_cohort
SPT50397,1132-PF-K1000G-DBS-KE-BEJON,Kenya,Kilifi,2016.0,False,Mixed_species,SPT50397,False,excluded_QC
SPT50398,1132-PF-K1000G-DBS-KE-BEJON,Kenya,Kilifi,2016.0,True,Analysis_set,SPT50398,True,included_QC_cohort
SPT50399,1132-PF-K1000G-DBS-KE-BEJON,Kenya,Kilifi,2016.0,True,Analysis_set,SPT50399,True,included_QC_cohort
SPT50400,1132-PF-K1000G-DBS-KE-BEJON,Kenya,Kilifi,2016.0,True,Analysis_set,SPT50400,True,included_QC_cohort
SPT50401,1132-PF-K1000G-DBS-KE-BEJON,Kenya,Kilifi,2016.0,True,Analysis_set,SPT50401,True,included_QC_cohort
SPT50402,1132-PF-K1000G-DBS-KE-BEJON,Kenya,Kilifi,2016.0,True,Analysis_set,SPT50402,True,included_QC_cohort
SPT50403,1132-PF-K1000G-DBS-KE-BEJON,Kenya,Kilifi,2016.0,True,Analysis_set,SPT50403,True,included_QC_cohort
SPT50404,1132-PF-K1000G-DBS-KE-BEJON,Kenya,Kilifi,2016.0,True,Analysis_set,SPT50404,True,included_QC_cohort
SPT50405,1132-PF-K1000G-DBS-KE-BEJON,Kenya,Kilifi,2017.0,True,Analysis_set,SPT50405,True,included_QC_cohort
SPT50407,1132-PF-K1000G-DBS-KE-BEJON,Kenya,Kilifi,2017.0,True,Analysis_set,SPT50407,True,included_QC_cohort
SPT50409,1132-PF-K1000G-DBS-KE-BEJON,Kenya,Kilifi,2017.0,True,Analysis_set,SPT50409,True,included_QC_cohort
SPT50410,1132-PF-K1000G-DBS-KE-BEJON,Kenya,Kilifi,2017.0,True,Analysis_set,SPT50410,True,included_QC_cohort
SPT50411,1132-PF-K1000G-DBS-KE-BEJON,Kenya,Kilifi,2017.0,True,Analysis_set,SPT50411,True,included_QC_cohort
SPT50412,1132-PF-K1000G-DBS-KE-BEJON,Kenya,Kilifi,2017.0,True,Analysis_set,SPT50412,True,included_QC_cohort
SPT50414,1132-PF-K1000G-DBS-KE-BEJON,Kenya,Kilifi,2017.0,True,Analysis_set,SPT50414,True,included_QC_cohort
SPT50415,1132-PF-K1000G-DBS-KE-BEJON,Kenya,Kilifi,2017.0,True,Analysis_set,SPT50415,True,included_QC_cohort
SPT50416,1132-PF-K1000G-DBS-KE-BEJON,Kenya,Kilifi,2017.0,True,Analysis_set,SPT50416,True,included_QC_cohort
SPT50417,1132-PF-K1000G-DBS-KE-BEJON,Kenya,Kilifi,2017.0,True,Analysis_set,SPT50417,True,included_QC_cohort
SPT50418,1132-PF-K1000G-DBS-KE-BEJON,Kenya,Kilifi,2017.0,True,Analysis_set,SPT50418,True,included_QC_cohort
SPT50420,1132-PF-K1000G-DBS-KE-BEJON,Kenya,Kilifi,2017.0,True,Analysis_set,SPT50420,True,included_QC_cohort
SPT50421,1132-PF-K1000G-DBS-KE-BEJON,Kenya,Kilifi,2017.0,True,Analysis_set,SPT50421,True,included_QC_cohort
SPT50422,1132-PF-K1000G-DBS-KE-BEJON,Kenya,Kilifi,2017.0,True,Analysis_set,SPT50422,True,included_QC_cohort
SPT50423,1132-PF-K1000G-DBS-KE-BEJON,Kenya,Kilifi,2017.0,True,Analysis_set,SPT50423,True,included_QC_cohort
SPT50425,1132-PF-K1000G-DBS-KE-BEJON,Kenya,Kilifi,2017.0,True,Analysis_set,SPT50425,True,included_QC_cohort
SPT50426,1132-PF-K1000G-DBS-KE-BEJON,Kenya,Kilifi,2017.0,True,Analysis_set,SPT50426,True,included_QC_cohort
SPT50427,1132-PF-K1000G-DBS-KE-BEJON,Kenya,Kilifi,2017.0,True,Analysis_set,SPT50427,True,included_QC_cohort
SPT50428,1132-PF-K1000G-DBS-KE-BEJON,Kenya,Kilifi,2017.0,True,Analysis_set,SPT50428,True,included_QC_cohort
SPT50429,1132-PF-K1000G-DBS-KE-BEJON,Kenya,Kilifi,2017.0,True,Analysis_set,SPT50429,True,included_QC_cohort
SPT50430,1132-PF-K1000G-DBS-KE-BEJON,Kenya,Kilifi,2017.0,True,Analysis_set,SPT50430,True,included_QC_cohort
SPT50431,1132-PF-K1000G-DBS-KE-BEJON,Kenya,Kilifi,2018.0,True,Analysis_set,SPT50431,True,included_QC_cohort
SPT50432,1132-PF-K1000G-DBS-KE-BEJON,Kenya,Kilifi,2017.0,True,Analysis_set,SPT50432,True,included_QC_cohort
SPT50433,1132-PF-K1000G-DBS-KE-BEJON,Kenya,Kilifi,2018.0,True,Analysis_set,SPT50433,True,included_QC_cohort
SPT50434,1132-PF-K1000G-DBS-KE-BEJON,Kenya,Kilifi,2018.0,True,Analysis_set,SPT50434,True,included_QC_cohort
SPT50435,1132-PF-K1000G-DBS-KE-BEJON,Kenya,Kilifi,2018.0,True,Analysis_set,SPT50435,True,included_QC_cohort
SPT50436,1132-PF-K1000G-DBS-KE-BEJON,Kenya,Kilifi,2018.0,True,Analysis_set,SPT50436,True,included_QC_cohort
SPT50437,1132-PF-K1000G-DBS-KE-BEJON,Kenya,Kilifi,2018.0,True,Analysis_set,SPT50437,True,included_QC_cohort
SPT50438,1132-PF-K1000G-DBS-KE-BEJON,Kenya,Kilifi,2018.0,True,Analysis_set,SPT50438,True,included_QC_cohort
SPT50439,1132-PF-K1000G-DBS-KE-BEJON,Kenya,Kilifi,2017.0,True,Analysis_set,SPT50439,True,included_QC_cohort
SPT50440,1132-PF-K1000G-DBS-KE-BEJON,Kenya,Kilifi,2018.0,True,Analysis_set,SPT50440,True,included_QC_cohort
SPT50441,1132-PF-K1000G-DBS-KE-BEJON,Kenya,Kilifi,2018.0,True,Analysis_set,SPT50441,True,included_QC_cohort
SPT50442,1132-PF-K1000G-DBS-KE-BEJON,Kenya,Kilifi,2018.0,False,Low_coverage,SPT50442,False,excluded_QC
SPT50443,1132-PF-K1000G-DBS-KE-BEJON,Kenya,Kilifi,2018.0,True,Analysis_set,SPT50443,True,included_QC_cohort
SPT50444,1132-PF-K1000G-DBS-KE-BEJON,Kenya,Kilifi,2018.0,True,Analysis_set,SPT50444,True,included_QC_cohort
SPT50445,1132-PF-K1000G-DBS-KE-BEJON,Kenya,Kilifi,2018.0,True,Analysis_set,SPT50445,True,included_QC_cohort
SPT50446,1132-PF-K1000G-DBS-KE-BEJON,Kenya,Kilifi,2018.0,True,Analysis_set,SPT50446,True,included_QC_cohort
SPT50447,1132-PF-K1000G-DBS-KE-BEJON,Kenya,Kilifi,2018.0,True,Analysis_set,SPT50447,True,included_QC_cohort
SPT50448,1132-PF-K1000G-DBS-KE-BEJON,Kenya,Kilifi,2018.0,True,Analysis_set,SPT50448,True,included_QC_cohort
SPT50449,1132-PF-K1000G-DBS-KE-BEJON,Kenya,Kilifi,2018.0,True,Analysis_set,SPT50449,True,included_QC_cohort
SPT50450,1132-PF-K1000G-DBS-KE-BEJON,Kenya,Kilifi,2018.0,True,Analysis_set,SPT50450,True,included_QC_cohort
SPT50451,1132-PF-K1000G-DBS-KE-BEJON,Kenya,Kilifi,2018.0,True,Analysis_set,SPT50451,True,included_QC_cohort
SPT50452,1132-PF-K1000G-DBS-KE-BEJON,Kenya,Kilifi,2018.0,True,Analysis_set,SPT50452,True,included_QC_cohort
SPT50453,1132-PF-K1000G-DBS-KE-BEJON,Kenya,Kilifi,2018.0,True,Analysis_set,SPT50453,True,included_QC_cohort
SPT50454,1132-PF-K1000G-DBS-KE-BEJON,Kenya,Kilifi,2018.0,True,Analysis_set,SPT50454,True,included_QC_cohort
SPT50455,1132-PF-K1000G-DBS-KE-BEJON,Kenya,Kilifi,2018.0,True,Analysis_set,SPT50455,True,included_QC_cohort
SPT50456,1132-PF-K1000G-DBS-KE-BEJON,Kenya,Kilifi,2018.0,True,Analysis_set,SPT50456,True,included_QC_cohort
SPT50457,1132-PF-K1000G-DBS-KE-BEJON,Kenya,Kilifi,2018.0,True,Analysis_set,SPT50457,True,included_QC_cohort
SPT50458,1132-PF-K1000G-DBS-KE-BEJON,Kenya,Kilifi,2018.0,True,Analysis_set,SPT50458,True,included_QC_cohort
SPT50459,1132-PF-K1000G-DBS-KE-BEJON,Kenya,Kilifi,2018.0,True,Analysis_set,SPT50459,True,included_QC_cohort
SPT50460,1132-PF-K1000G-DBS-KE-BEJON,Kenya,Kilifi,2018.0,True,Analysis_set,SPT50460,True,included_QC_cohort
SPT50461,1132-PF-K1000G-DBS-KE-BEJON,Kenya,Kilifi,2018.0,True,Analysis_set,SPT50461,True,included_QC_cohort
SPT50462,1132-PF-K1000G-DBS-KE-BEJON,Kenya,Kilifi,2018.0,True,Analysis_set,SPT50462,True,included_QC_cohort
SPT50463,1132-PF-K1000G-DBS-KE-BEJON,Kenya,Kilifi,2018.0,True,Analysis_set,SPT50463,True,included_QC_cohort
SPT50464,1132-PF-K1000G-DBS-KE-BEJON,Kenya,Kilifi,2018.0,True,Analysis_set,SPT50464,True,included_QC_cohort
SPT50465,1132-PF-K1000G-DBS-KE-BEJON,Kenya,Kilifi,2018.0,True,Analysis_set,SPT50465,True,included_QC_cohort
SPT50466,1132-PF-K1000G-DBS-KE-BEJON,Kenya,Kilifi,2017.0,True,Analysis_set,SPT50466,True,included_QC_cohort
SPT50468,1132-PF-K1000G-DBS-KE-BEJON,Kenya,Kilifi,2017.0,False,Mixed_species,SPT50468,False,excluded_QC
SPT50469,1132-PF-K1000G-DBS-KE-BEJON,Kenya,Kilifi,1994.0,True,Analysis_set,SPT50469,True,included_QC_cohort
SPT50470,1132-PF-K1000G-DBS-KE-BEJON,Kenya,Kilifi,1994.0,True,Analysis_set,SPT50470,True,included_QC_cohort
SPT50471,1132-PF-K1000G-DBS-KE-BEJON,Kenya,Kilifi,1994.0,True,Analysis_set,SPT50471,True,included_QC_cohort
SPT50472,1132-PF-K1000G-DBS-KE-BEJON,Kenya,Kilifi,1994.0,True,Analysis_set,SPT50472,True,included_QC_cohort
SPT50473,1132-PF-K1000G-DBS-KE-BEJON,Kenya,Kilifi,1994.0,True,Analysis_set,SPT50473,True,included_QC_cohort
SPT50474,1132-PF-K1000G-DBS-KE-BEJON,Kenya,Kilifi,1994.0,True,Analysis_set,SPT50474,True,included_QC_cohort
SPT50475,1132-PF-K1000G-DBS-KE-BEJON,Kenya,Kilifi,1994.0,True,Analysis_set,SPT50475,True,included_QC_cohort
SPT50476,1132-PF-K1000G-DBS-KE-BEJON,Kenya,Kilifi,1994.0,True,Analysis_set,SPT50476,True,included_QC_cohort
SPT50477,1132-PF-K1000G-DBS-KE-BEJON,Kenya,Kilifi,1994.0,True,Analysis_set,SPT50477,True,included_QC_cohort
SPT50478,1132-PF-K1000G-DBS-KE-BEJON,Kenya,Kilifi,1994.0,True,Analysis_set,SPT50478,True,included_QC_cohort
SPT50479,1132-PF-K1000G-DBS-KE-BEJON,Kenya,Kilifi,1994.0,True,Analysis_set,SPT50479,True,included_QC_cohort
SPT50480,1132-PF-K1000G-DBS-KE-BEJON,Kenya,Kilifi,1994.0,True,Analysis_set,SPT50480,True,included_QC_cohort
SPT50481,1132-PF-K1000G-DBS-KE-BEJON,Kenya,Kilifi,1994.0,True,Analysis_set,SPT50481,True,included_QC_cohort
SPT50482,1132-PF-K1000G-DBS-KE-BEJON,Kenya,Kilifi,1994.0,True,Analysis_set,SPT50482,True,included_QC_cohort
SPT50483,1132-PF-K1000G-DBS-KE-BEJON,Kenya,Kilifi,1994.0,True,Analysis_set,SPT50483,True,included_QC_cohort
SPT50484,1132-PF-K1000G-DBS-KE-BEJON,Kenya,Kilifi,1994.0,True,Analysis_set,SPT50484,True,included_QC_cohort
SPT50485,1132-PF-K1000G-DBS-KE-BEJON,Kenya,Kilifi,1994.0,True,Analysis_set,SPT50485,True,included_QC_cohort
SPT50486,1132-PF-K1000G-DBS-KE-BEJON,Kenya,Kilifi,1994.0,True,Analysis_set,SPT50486,True,included_QC_cohort
SPT50487,1132-PF-K1000G-DBS-KE-BEJON,Kenya,Kilifi,1994.0,True,Analysis_set,SPT50487,True,included_QC_cohort
SPT50488,1132-PF-K1000G-DBS-KE-BEJON,Kenya,Kilifi,1994.0,True,Analysis_set,SPT50488,True,included_QC_cohort
SPT50489,1132-PF-K1000G-DBS-KE-BEJON,Kenya,Kilifi,1994.0,True,Analysis_set,SPT50489,True,included_QC_cohort
SPT50491,1132-PF-K1000G-DBS-KE-BEJON,Kenya,Kilifi,1994.0,True,Analysis_set,SPT50491,True,included_QC_cohort
SPT50492,1132-PF-K1000G-DBS-KE-BEJON,Kenya,Kilifi,1994.0,True,Analysis_set,SPT50492,True,included_QC_cohort
SPT50493,1132-PF-K1000G-DBS-KE-BEJON,Kenya,Kilifi,1995.0,True,Analysis_set,SPT50493,True,included_QC_cohort
SPT50494,1132-PF-K1000G-DBS-KE-BEJON,Kenya,Kilifi,1995.0,True,Analysis_set,SPT50494,True,included_QC_cohort
SPT50495,1132-PF-K1000G-DBS-KE-BEJON,Kenya,Kilifi,1995.0,True,Analysis_set,SPT50495,True,included_QC_cohort
SPT50496,1132-PF-K1000G-DBS-KE-BEJON,Kenya,Kilifi,1995.0,True,Analysis_set,SPT50496,True,included_QC_cohort
SPT50497,1132-PF-K1000G-DBS-KE-BEJON,Kenya,Kilifi,1995.0,True,Analysis_set,SPT50497,True,included_QC_cohort
SPT50498,1132-PF-K1000G-DBS-KE-BEJON,Kenya,Kilifi,1995.0,True,Analysis_set,SPT50498,True,included_QC_cohort
SPT50499,1132-PF-K1000G-DBS-KE-BEJON,Kenya,Kilifi,1995.0,True,Analysis_set,SPT50499,True,included_QC_cohort
SPT50501,1132-PF-K1000G-DBS-KE-BEJON,Kenya,Kilifi,1997.0,True,Analysis_set,SPT50501,True,included_QC_cohort
SPT50502,1132-PF-K1000G-DBS-KE-BEJON,Kenya,Kilifi,1997.0,True,Analysis_set,SPT50502,True,included_QC_cohort
SPT50503,1132-PF-K1000G-DBS-KE-BEJON,Kenya,Kilifi,1997.0,True,Analysis_set,SPT50503,True,included_QC_cohort
SPT50504,1132-PF-K1000G-DBS-KE-BEJON,Kenya,Kilifi,1997.0,True,Analysis_set,SPT50504,True,included_QC_cohort
SPT50505,1132-PF-K1000G-DBS-KE-BEJON,Kenya,Kilifi,1997.0,True,Analysis_set,SPT50505,True,included_QC_cohort
SPT50506,1132-PF-K1000G-DBS-KE-BEJON,Kenya,Kilifi,1997.0,True,Analysis_set,SPT50506,True,included_QC_cohort
SPT50507,1132-PF-K1000G-DBS-KE-BEJON,Kenya,Kilifi,1997.0,True,Analysis_set,SPT50507,True,included_QC_cohort
SPT50508,1132-PF-K1000G-DBS-KE-BEJON,Kenya,Kilifi,1997.0,True,Analysis_set,SPT50508,True,included_QC_cohort
SPT50509,1132-PF-K1000G-DBS-KE-BEJON,Kenya,Kilifi,1997.0,True,Analysis_set,"PC4031-C,SPT50509",True,included_QC_cohort
SPT50510,1132-PF-K1000G-DBS-KE-BEJON,Kenya,Kilifi,1998.0,True,Analysis_set,SPT50510,True,included_QC_cohort
SPT50511,1132-PF-K1000G-DBS-KE-BEJON,Kenya,Kilifi,1998.0,True,Analysis_set,SPT50511,True,included_QC_cohort
SPT50512,1132-PF-K1000G-DBS-KE-BEJON,Kenya,Kilifi,1998.0,True,Analysis_set,SPT50512,True,included_QC_cohort
SPT50513,1132-PF-K1000G-DBS-KE-BEJON,Kenya,Kilifi,1998.0,True,Analysis_set,SPT50513,True,included_QC_cohort
SPT50514,1132-PF-K1000G-DBS-KE-BEJON,Kenya,Kilifi,1998.0,True,Analysis_set,SPT50514,True,included_QC_cohort
SPT50515,1132-PF-K1000G-DBS-KE-BEJON,Kenya,Kilifi,1998.0,True,Analysis_set,SPT50515,True,included_QC_cohort
SPT50517,1132-PF-K1000G-DBS-KE-BEJON,Kenya,Kilifi,1998.0,True,Analysis_set,SPT50517,True,included_QC_cohort
SPT50518,1132-PF-K1000G-DBS-KE-BEJON,Kenya,Kilifi,1998.0,True,Analysis_set,SPT50518,True,included_QC_cohort
SPT50519,1132-PF-K1000G-DBS-KE-BEJON,Kenya,Kilifi,1998.0,True,Analysis_set,SPT50519,True,included_QC_cohort
SPT50520,1132-PF-K1000G-DBS-KE-BEJON,Kenya,Kilifi,1998.0,True,Analysis_set,SPT50520,True,included_QC_cohort
SPT50521,1132-PF-K1000G-DBS-KE-BEJON,Kenya,Kilifi,1998.0,True,Analysis_set,SPT50521,True,included_QC_cohort
SPT50522,1132-PF-K1000G-DBS-KE-BEJON,Kenya,Kilifi,2007.0,False,Mixed_species,SPT50522,False,excluded_QC
SPT50523,1132-PF-K1000G-DBS-KE-BEJON,Kenya,Kilifi,1998.0,True,Analysis_set,SPT50523,True,included_QC_cohort
SPT50524,1132-PF-K1000G-DBS-KE-BEJON,Kenya,Kilifi,1998.0,True,Analysis_set,SPT50524,True,included_QC_cohort
SPT50525,1132-PF-K1000G-DBS-KE-BEJON,Kenya,Kilifi,1998.0,True,Analysis_set,SPT50525,True,included_QC_cohort
SPT50526,1132-PF-K1000G-DBS-KE-BEJON,Kenya,Kilifi,1998.0,True,Analysis_set,SPT50526,True,included_QC_cohort
SPT50527,1132-PF-K1000G-DBS-KE-BEJON,Kenya,Kilifi,1998.0,True,Analysis_set,SPT50527,True,included_QC_cohort
SPT50528,1132-PF-K1000G-DBS-KE-BEJON,Kenya,Kilifi,1998.0,True,Analysis_set,SPT50528,True,included_QC_cohort
SPT50529,1132-PF-K1000G-DBS-KE-BEJON,Kenya,Kilifi,1998.0,True,Analysis_set,SPT50529,True,included_QC_cohort
SPT50530,1132-PF-K1000G-DBS-KE-BEJON,Kenya,Kilifi,1998.0,True,Analysis_set,SPT50530,True,included_QC_cohort
SPT50531,1132-PF-K1000G-DBS-KE-BEJON,Kenya,Kilifi,1998.0,True,Analysis_set,SPT50531,True,included_QC_cohort
SPT50532,1132-PF-K1000G-DBS-KE-BEJON,Kenya,Kilifi,1998.0,True,Analysis_set,SPT50532,True,included_QC_cohort
SPT50533,1132-PF-K1000G-DBS-KE-BEJON,Kenya,Kilifi,1998.0,True,Analysis_set,SPT50533,True,included_QC_cohort
SPT50534,1132-PF-K1000G-DBS-KE-BEJON,Kenya,Kilifi,1998.0,True,Analysis_set,SPT50534,True,included_QC_cohort
SPT50535,1132-PF-K1000G-DBS-KE-BEJON,Kenya,Kilifi,1998.0,True,Analysis_set,SPT50535,True,included_QC_cohort
SPT50536,1132-PF-K1000G-DBS-KE-BEJON,Kenya,Kilifi,2003.0,True,Analysis_set,SPT50536,True,included_QC_cohort
SPT50537,1132-PF-K1000G-DBS-KE-BEJON,Kenya,Kilifi,2003.0,True,Analysis_set,SPT50537,True,included_QC_cohort
SPT50538,1132-PF-K1000G-DBS-KE-BEJON,Kenya,Kilifi,2003.0,True,Analysis_set,SPT50538,True,included_QC_cohort
SPT50539,1132-PF-K1000G-DBS-KE-BEJON,Kenya,Kilifi,2003.0,True,Analysis_set,SPT50539,True,included_QC_cohort
SPT50540,1132-PF-K1000G-DBS-KE-BEJON,Kenya,Kilifi,2003.0,True,Analysis_set,SPT50540,True,included_QC_cohort
SPT50541,1132-PF-K1000G-DBS-KE-BEJON,Kenya,Kilifi,2003.0,True,Analysis_set,SPT50541,True,included_QC_cohort
SPT50542,1132-PF-K1000G-DBS-KE-BEJON,Kenya,Kilifi,2003.0,True,Analysis_set,SPT50542,True,included_QC_cohort
SPT50543,1132-PF-K1000G-DBS-KE-BEJON,Kenya,Kilifi,2003.0,True,Analysis_set,SPT50543,True,included_QC_cohort
SPT50544,1132-PF-K1000G-DBS-KE-BEJON,Kenya,Kilifi,2003.0,True,Analysis_set,"PC4056-C,SPT50544",True,included_QC_cohort
SPT50545,1132-PF-K1000G-DBS-KE-BEJON,Kenya,Kilifi,2003.0,True,Analysis_set,"PC4050-C,PC4050-Cx,SPT50545",True,included_QC_cohort
SPT50546,1132-PF-K1000G-DBS-KE-BEJON,Kenya,Kilifi,2003.0,True,Analysis_set,SPT50546,True,included_QC_cohort
SPT50547,1132-PF-K1000G-DBS-KE-BEJON,Kenya,Kilifi,2003.0,True,Analysis_set,SPT50547,True,included_QC_cohort
SPT50548,1132-PF-K1000G-DBS-KE-BEJON,Kenya,Kilifi,2003.0,True,Analysis_set,SPT50548,True,included_QC_cohort
SPT50549,1132-PF-K1000G-DBS-KE-BEJON,Kenya,Kilifi,2003.0,True,Analysis_set,SPT50549,True,included_QC_cohort
SPT50550,1132-PF-K1000G-DBS-KE-BEJON,Kenya,Kilifi,2003.0,True,Analysis_set,SPT50550,True,included_QC_cohort
SPT50551,1132-PF-K1000G-DBS-KE-BEJON,Kenya,Kilifi,2004.0,True,Analysis_set,SPT50551,True,included_QC_cohort
SPT50552,1132-PF-K1000G-DBS-KE-BEJON,Kenya,Kilifi,2004.0,True,Analysis_set,SPT50552,True,included_QC_cohort
SPT50553,1132-PF-K1000G-DBS-KE-BEJON,Kenya,Kilifi,2004.0,True,Analysis_set,SPT50553,True,included_QC_cohort
SPT50554,1132-PF-K1000G-DBS-KE-BEJON,Kenya,Kilifi,2004.0,True,Analysis_set,SPT50554,True,included_QC_cohort
SPT50555,1132-PF-K1000G-DBS-KE-BEJON,Kenya,Kilifi,2004.0,True,Analysis_set,SPT50555,True,included_QC_cohort
SPT50556,1132-PF-K1000G-DBS-KE-BEJON,Kenya,Kilifi,2004.0,True,Analysis_set,SPT50556,True,included_QC_cohort
SPT50557,1132-PF-K1000G-DBS-KE-BEJON,Kenya,Kilifi,2004.0,True,Analysis_set,SPT50557,True,included_QC_cohort
SPT50558,1132-PF-K1000G-DBS-KE-BEJON,Kenya,Kilifi,2004.0,True,Analysis_set,SPT50558,True,included_QC_cohort
SPT50559,1132-PF-K1000G-DBS-KE-BEJON,Kenya,Kilifi,2004.0,True,Analysis_set,SPT50559,True,included_QC_cohort
SPT50560,1132-PF-K1000G-DBS-KE-BEJON,Kenya,Kilifi,1998.0,True,Analysis_set,SPT50560,True,included_QC_cohort
SPT50561,1132-PF-K1000G-DBS-KE-BEJON,Kenya,Kilifi,2004.0,True,Analysis_set,SPT50561,True,included_QC_cohort
SPT50562,1132-PF-K1000G-DBS-KE-BEJON,Kenya,Kilifi,2004.0,True,Analysis_set,SPT50562,True,included_QC_cohort
SPT50563,1132-PF-K1000G-DBS-KE-BEJON,Kenya,Kilifi,2004.0,True,Analysis_set,SPT50563,True,included_QC_cohort
SPT50564,1132-PF-K1000G-DBS-KE-BEJON,Kenya,Kilifi,2004.0,True,Analysis_set,SPT50564,True,included_QC_cohort
SPT50565,1132-PF-K1000G-DBS-KE-BEJON,Kenya,Kilifi,2004.0,True,Analysis_set,SPT50565,True,included_QC_cohort
SPT50566,1132-PF-K1000G-DBS-KE-BEJON,Kenya,Kilifi,2004.0,True,Analysis_set,SPT50566,True,included_QC_cohort
SPT50567,1132-PF-K1000G-DBS-KE-BEJON,Kenya,Kilifi,2004.0,True,Analysis_set,SPT50567,True,included_QC_cohort
SPT50568,1132-PF-K1000G-DBS-KE-BEJON,Kenya,Kilifi,2004.0,True,Analysis_set,SPT50568,True,included_QC_cohort
SPT50569,1132-PF-K1000G-DBS-KE-BEJON,Kenya,Kilifi,2004.0,True,Analysis_set,SPT50569,True,included_QC_cohort
SPT50570,1132-PF-K1000G-DBS-KE-BEJON,Kenya,Kilifi,2004.0,True,Analysis_set,SPT50570,True,included_QC_cohort
SPT50571,1132-PF-K1000G-DBS-KE-BEJON,Kenya,Kilifi,2004.0,True,Analysis_set,SPT50571,True,included_QC_cohort
SPT50572,1132-PF-K1000G-DBS-KE-BEJON,Kenya,Kilifi,2004.0,True,Analysis_set,SPT50572,True,included_QC_cohort
SPT50573,1132-PF-K1000G-DBS-KE-BEJON,Kenya,Kilifi,2004.0,True,Analysis_set,SPT50573,True,included_QC_cohort
SPT50574,1132-PF-K1000G-DBS-KE-BEJON,Kenya,Kilifi,2004.0,True,Analysis_set,SPT50574,True,included_QC_cohort
SPT50575,1132-PF-K1000G-DBS-KE-BEJON,Kenya,Kilifi,2004.0,True,Analysis_set,SPT50575,True,included_QC_cohort
SPT50576,1132-PF-K1000G-DBS-KE-BEJON,Kenya,Kilifi,2004.0,True,Analysis_set,SPT50576,True,included_QC_cohort
SPT50577,1132-PF-K1000G-DBS-KE-BEJON,Kenya,Kilifi,2004.0,True,Analysis_set,SPT50577,True,included_QC_cohort
SPT50578,1132-PF-K1000G-DBS-KE-BEJON,Kenya,Kilifi,2004.0,True,Analysis_set,SPT50578,True,included_QC_cohort
SPT50579,1132-PF-K1000G-DBS-KE-BEJON,Kenya,Kilifi,2004.0,True,Analysis_set,SPT50579,True,included_QC_cohort
SPT50580,1132-PF-K1000G-DBS-KE-BEJON,Kenya,Kilifi,2004.0,True,Analysis_set,SPT50580,True,included_QC_cohort
SPT50581,1132-PF-K1000G-DBS-KE-BEJON,Kenya,Kilifi,2004.0,True,Analysis_set,SPT50581,True,included_QC_cohort
SPT50582,1132-PF-K1000G-DBS-KE-BEJON,Kenya,Kilifi,2004.0,True,Analysis_set,SPT50582,True,included_QC_cohort
SPT50583,1132-PF-K1000G-DBS-KE-BEJON,Kenya,Kilifi,2004.0,True,Analysis_set,SPT50583,True,included_QC_cohort
SPT50584,1132-PF-K1000G-DBS-KE-BEJON,Kenya,Kilifi,2004.0,True,Analysis_set,SPT50584,True,included_QC_cohort
SPT50585,1132-PF-K1000G-DBS-KE-BEJON,Kenya,Kilifi,2004.0,True,Analysis_set,SPT50585,True,included_QC_cohort
SPT50586,1132-PF-K1000G-DBS-KE-BEJON,Kenya,Kilifi,2004.0,True,Analysis_set,SPT50586,True,included_QC_cohort
SPT50587,1132-PF-K1000G-DBS-KE-BEJON,Kenya,Kilifi,2004.0,True,Analysis_set,SPT50587,True,included_QC_cohort
SPT50588,1132-PF-K1000G-DBS-KE-BEJON,Kenya,Kilifi,2004.0,True,Analysis_set,SPT50588,True,included_QC_cohort
SPT50589,1132-PF-K1000G-DBS-KE-BEJON,Kenya,Kilifi,2004.0,True,Analysis_set,SPT50589,True,included_QC_cohort
SPT50590,1132-PF-K1000G-DBS-KE-BEJON,Kenya,Kilifi,2004.0,True,Analysis_set,SPT50590,True,included_QC_cohort
SPT50591,1132-PF-K1000G-DBS-KE-BEJON,Kenya,Kilifi,2004.0,True,Analysis_set,SPT50591,True,included_QC_cohort
SPT50592,1132-PF-K1000G-DBS-KE-BEJON,Kenya,Kilifi,2004.0,True,Analysis_set,SPT50592,True,included_QC_cohort
SPT50593,1132-PF-K1000G-DBS-KE-BEJON,Kenya,Kilifi,2004.0,True,Analysis_set,SPT50593,True,included_QC_cohort
SPT50594,1132-PF-K1000G-DBS-KE-BEJON,Kenya,Kilifi,2004.0,True,Analysis_set,SPT50594,True,included_QC_cohort
SPT50595,1132-PF-K1000G-DBS-KE-BEJON,Kenya,Kilifi,2004.0,True,Analysis_set,SPT50595,True,included_QC_cohort
SPT50596,1132-PF-K1000G-DBS-KE-BEJON,Kenya,Kilifi,2005.0,True,Analysis_set,SPT50596,True,included_QC_cohort
SPT50597,1132-PF-K1000G-DBS-KE-BEJON,Kenya,Kilifi,2005.0,True,Analysis_set,SPT50597,True,included_QC_cohort
SPT50598,1132-PF-K1000G-DBS-KE-BEJON,Kenya,Kilifi,2005.0,True,Analysis_set,SPT50598,True,included_QC_cohort
SPT50599,1132-PF-K1000G-DBS-KE-BEJON,Kenya,Kilifi,2005.0,True,Analysis_set,SPT50599,True,included_QC_cohort
SPT50600,1132-PF-K1000G-DBS-KE-BEJON,Kenya,Kilifi,2005.0,True,Analysis_set,SPT50600,True,included_QC_cohort
SPT50601,1132-PF-K1000G-DBS-KE-BEJON,Kenya,Kilifi,2005.0,True,Analysis_set,SPT50601,True,included_QC_cohort
SPT50602,1132-PF-K1000G-DBS-KE-BEJON,Kenya,Kilifi,2005.0,True,Analysis_set,SPT50602,True,included_QC_cohort
SPT50603,1132-PF-K1000G-DBS-KE-BEJON,Kenya,Kilifi,2005.0,True,Analysis_set,SPT50603,True,included_QC_cohort
SPT50604,1132-PF-K1000G-DBS-KE-BEJON,Kenya,Kilifi,2005.0,True,Analysis_set,SPT50604,True,included_QC_cohort
SPT50605,1132-PF-K1000G-DBS-KE-BEJON,Kenya,Kilifi,2006.0,True,Analysis_set,SPT50605,True,included_QC_cohort
SPT50606,1132-PF-K1000G-DBS-KE-BEJON,Kenya,Kilifi,2006.0,True,Analysis_set,SPT50606,True,included_QC_cohort
SPT50607,1132-PF-K1000G-DBS-KE-BEJON,Kenya,Kilifi,2006.0,True,Analysis_set,SPT50607,True,included_QC_cohort
SPT50608,1132-PF-K1000G-DBS-KE-BEJON,Kenya,Kilifi,2006.0,True,Analysis_set,SPT50608,True,included_QC_cohort
SPT50609,1132-PF-K1000G-DBS-KE-BEJON,Kenya,Kilifi,2006.0,True,Analysis_set,SPT50609,True,included_QC_cohort
SPT50610,1132-PF-K1000G-DBS-KE-BEJON,Kenya,Kilifi,2006.0,True,Analysis_set,SPT50610,True,included_QC_cohort
SPT50611,1132-PF-K1000G-DBS-KE-BEJON,Kenya,Kilifi,2007.0,True,Analysis_set,SPT50611,True,included_QC_cohort
SPT50612,1132-PF-K1000G-DBS-KE-BEJON,Kenya,Kilifi,2007.0,True,Analysis_set,SPT50612,True,included_QC_cohort
SPT50613,1132-PF-K1000G-DBS-KE-BEJON,Kenya,Kilifi,2007.0,True,Analysis_set,SPT50613,True,included_QC_cohort
SPT50614,1132-PF-K1000G-DBS-KE-BEJON,Kenya,Kilifi,2007.0,True,Analysis_set,SPT50614,True,included_QC_cohort
SPT50615,1132-PF-K1000G-DBS-KE-BEJON,Kenya,Kilifi,2007.0,True,Analysis_set,SPT50615,True,included_QC_cohort
SPT50616,1132-PF-K1000G-DBS-KE-BEJON,Kenya,Kilifi,2007.0,True,Analysis_set,SPT50616,True,included_QC_cohort
SPT50617,1132-PF-K1000G-DBS-KE-BEJON,Kenya,Kilifi,2007.0,True,Analysis_set,SPT50617,True,included_QC_cohort
SPT50618,1132-PF-K1000G-DBS-KE-BEJON,Kenya,Kilifi,2007.0,True,Analysis_set,SPT50618,True,included_QC_cohort
SPT50619,1132-PF-K1000G-DBS-KE-BEJON,Kenya,Kilifi,2013.0,True,Analysis_set,SPT50619,True,included_QC_cohort
SPT50620,1132-PF-K1000G-DBS-KE-BEJON,Kenya,Kilifi,2013.0,True,Analysis_set,SPT50620,True,included_QC_cohort
SPT50621,1132-PF-K1000G-DBS-KE-BEJON,Kenya,Kilifi,2013.0,True,Analysis_set,SPT50621,True,included_QC_cohort
SPT50622,1132-PF-K1000G-DBS-KE-BEJON,Kenya,Kilifi,2013.0,True,Analysis_set,SPT50622,True,included_QC_cohort
SPT50623,1132-PF-K1000G-DBS-KE-BEJON,Kenya,Kilifi,2013.0,True,Analysis_set,SPT50623,True,included_QC_cohort
SPT50624,1132-PF-K1000G-DBS-KE-BEJON,Kenya,Kilifi,2013.0,True,Analysis_set,SPT50624,True,included_QC_cohort
SPT50625,1132-PF-K1000G-DBS-KE-BEJON,Kenya,Kilifi,2013.0,True,Analysis_set,SPT50625,True,included_QC_cohort
SPT50626,1132-PF-K1000G-DBS-KE-BEJON,Kenya,Kilifi,2013.0,True,Analysis_set,SPT50626,True,included_QC_cohort
SPT50627,1132-PF-K1000G-DBS-KE-BEJON,Kenya,Kilifi,2013.0,True,Analysis_set,SPT50627,True,included_QC_cohort
SPT50628,1132-PF-K1000G-DBS-KE-BEJON,Kenya,Kilifi,2013.0,True,Analysis_set,SPT50628,True,included_QC_cohort
SPT50629,1132-PF-K1000G-DBS-KE-BEJON,Kenya,Kilifi,2014.0,True,Analysis_set,SPT50629,True,included_QC_cohort
SPT50630,1132-PF-K1000G-DBS-KE-BEJON,Kenya,Kilifi,2014.0,True,Analysis_set,SPT50630,True,included_QC_cohort
SPT50631,1132-PF-K1000G-DBS-KE-BEJON,Kenya,Kilifi,2014.0,True,Analysis_set,SPT50631,True,included_QC_cohort
SPT50632,1132-PF-K1000G-DBS-KE-BEJON,Kenya,Kilifi,2014.0,True,Analysis_set,SPT50632,True,included_QC_cohort
SPT50633,1132-PF-K1000G-DBS-KE-BEJON,Kenya,Kilifi,2014.0,True,Analysis_set,SPT50633,True,included_QC_cohort
SPT50634,1132-PF-K1000G-DBS-KE-BEJON,Kenya,Kilifi,2014.0,True,Analysis_set,SPT50634,True,included_QC_cohort
SPT50635,1132-PF-K1000G-DBS-KE-BEJON,Kenya,Kilifi,2014.0,True,Analysis_set,SPT50635,True,included_QC_cohort
SPT50636,1132-PF-K1000G-DBS-KE-BEJON,Kenya,Kilifi,2014.0,True,Analysis_set,SPT50636,True,included_QC_cohort
SPT50637,1132-PF-K1000G-DBS-KE-BEJON,Kenya,Kilifi,2014.0,True,Analysis_set,SPT50637,True,included_QC_cohort
SPT50638,1132-PF-K1000G-DBS-KE-BEJON,Kenya,Kilifi,2014.0,True,Analysis_set,SPT50638,True,included_QC_cohort
SPT50639,1132-PF-K1000G-DBS-KE-BEJON,Kenya,Kilifi,2015.0,True,Analysis_set,SPT50639,True,included_QC_cohort
SPT50640,1132-PF-K1000G-DBS-KE-BEJON,Kenya,Kilifi,2015.0,True,Analysis_set,SPT50640,True,included_QC_cohort
SPT50641,1132-PF-K1000G-DBS-KE-BEJON,Kenya,Kilifi,2015.0,True,Analysis_set,SPT50641,True,included_QC_cohort
SPT50642,1132-PF-K1000G-DBS-KE-BEJON,Kenya,Kilifi,2015.0,True,Analysis_set,SPT50642,True,included_QC_cohort
SPT50643,1132-PF-K1000G-DBS-KE-BEJON,Kenya,Kilifi,2015.0,True,Analysis_set,SPT50643,True,included_QC_cohort
SPT50644,1132-PF-K1000G-DBS-KE-BEJON,Kenya,Kilifi,2015.0,True,Analysis_set,SPT50644,True,included_QC_cohort
SPT50645,1132-PF-K1000G-DBS-KE-BEJON,Kenya,Kilifi,2015.0,True,Analysis_set,SPT50645,True,included_QC_cohort
SPT50646,1132-PF-K1000G-DBS-KE-BEJON,Kenya,Kilifi,2015.0,True,Analysis_set,SPT50646,True,included_QC_cohort
SPT50647,1132-PF-K1000G-DBS-KE-BEJON,Kenya,Kilifi,2015.0,True,Analysis_set,SPT50647,True,included_QC_cohort
SPT50648,1132-PF-K1000G-DBS-KE-BEJON,Kenya,Kilifi,2015.0,True,Analysis_set,SPT50648,True,included_QC_cohort
SPT50649,1132-PF-K1000G-DBS-KE-BEJON,Kenya,Kilifi,2015.0,True,Analysis_set,SPT50649,True,included_QC_cohort
SPT50650,1132-PF-K1000G-DBS-KE-BEJON,Kenya,Kilifi,2015.0,True,Analysis_set,SPT50650,True,included_QC_cohort
SPT50651,1132-PF-K1000G-DBS-KE-BEJON,Kenya,Kilifi,2015.0,True,Analysis_set,SPT50651,True,included_QC_cohort
SPT50652,1132-PF-K1000G-DBS-KE-BEJON,Kenya,Kilifi,2015.0,True,Analysis_set,SPT50652,True,included_QC_cohort
SPT50653,1132-PF-K1000G-DBS-KE-BEJON,Kenya,Kilifi,2016.0,True,Analysis_set,SPT50653,True,included_QC_cohort
SPT50654,1132-PF-K1000G-DBS-KE-BEJON,Kenya,Kilifi,2016.0,True,Analysis_set,SPT50654,True,included_QC_cohort
SPT50655,1132-PF-K1000G-DBS-KE-BEJON,Kenya,Kilifi,2016.0,True,Analysis_set,SPT50655,True,included_QC_cohort
SPT50656,1132-PF-K1000G-DBS-KE-BEJON,Kenya,Kilifi,2016.0,True,Analysis_set,SPT50656,True,included_QC_cohort
SPT50657,1132-PF-K1000G-DBS-KE-BEJON,Kenya,Kilifi,2016.0,True,Analysis_set,SPT50657,True,included_QC_cohort
SPT50658,1132-PF-K1000G-DBS-KE-BEJON,Kenya,Kilifi,2016.0,True,Analysis_set,SPT50658,True,included_QC_cohort
SPT50659,1132-PF-K1000G-DBS-KE-BEJON,Kenya,Kilifi,2016.0,True,Analysis_set,SPT50659,True,included_QC_cohort
SPT50660,1132-PF-K1000G-DBS-KE-BEJON,Kenya,Kilifi,2016.0,True,Analysis_set,SPT50660,True,included_QC_cohort
SPT50661,1132-PF-K1000G-DBS-KE-BEJON,Kenya,Kilifi,2016.0,True,Analysis_set,SPT50661,True,included_QC_cohort
SPT50662,1132-PF-K1000G-DBS-KE-BEJON,Kenya,Kilifi,2016.0,True,Analysis_set,SPT50662,True,included_QC_cohort
SPT50663,1132-PF-K1000G-DBS-KE-BEJON,Kenya,Kilifi,2016.0,True,Analysis_set,SPT50663,True,included_QC_cohort
SPT50664,1132-PF-K1000G-DBS-KE-BEJON,Kenya,Kilifi,2016.0,True,Analysis_set,SPT50664,True,included_QC_cohort
SPT50665,1132-PF-K1000G-DBS-KE-BEJON,Kenya,Kilifi,2016.0,True,Analysis_set,SPT50665,True,included_QC_cohort
SPT50666,1132-PF-K1000G-DBS-KE-BEJON,Kenya,Kilifi,2016.0,True,Analysis_set,SPT50666,True,included_QC_cohort
SPT50667,1132-PF-K1000G-DBS-KE-BEJON,Kenya,Kilifi,2016.0,True,Analysis_set,SPT50667,True,included_QC_cohort
SPT50668,1132-PF-K1000G-DBS-KE-BEJON,Kenya,Kilifi,2016.0,True,Analysis_set,SPT50668,True,included_QC_cohort
SPT50669,1132-PF-K1000G-DBS-KE-BEJON,Kenya,Kilifi,2016.0,False,Mixed_species,SPT50669,False,excluded_QC
SPT50670,1132-PF-K1000G-DBS-KE-BEJON,Kenya,Kilifi,2017.0,True,Analysis_set,SPT50670,True,included_QC_cohort
SPT50671,1132-PF-K1000G-DBS-KE-BEJON,Kenya,Kilifi,2017.0,True,Analysis_set,SPT50671,True,included_QC_cohort
SPT50672,1132-PF-K1000G-DBS-KE-BEJON,Kenya,Kilifi,2017.0,True,Analysis_set,SPT50672,True,included_QC_cohort
SPT50673,1132-PF-K1000G-DBS-KE-BEJON,Kenya,Kilifi,2017.0,True,Analysis_set,SPT50673,True,included_QC_cohort
SPT50674,1132-PF-K1000G-DBS-KE-BEJON,Kenya,Kilifi,2017.0,True,Analysis_set,SPT50674,True,included_QC_cohort
SPT50675,1132-PF-K1000G-DBS-KE-BEJON,Kenya,Kilifi,2017.0,True,Analysis_set,SPT50675,True,included_QC_cohort
SPT50676,1132-PF-K1000G-DBS-KE-BEJON,Kenya,Kilifi,2017.0,True,Analysis_set,SPT50676,True,included_QC_cohort
SPT50677,1132-PF-K1000G-DBS-KE-BEJON,Kenya,Kilifi,2017.0,True,Analysis_set,SPT50677,True,included_QC_cohort
SPT50678,1132-PF-K1000G-DBS-KE-BEJON,Kenya,Kilifi,2017.0,True,Analysis_set,SPT50678,True,included_QC_cohort
SPT50679,1132-PF-K1000G-DBS-KE-BEJON,Kenya,Kilifi,2017.0,True,Analysis_set,SPT50679,True,included_QC_cohort
SPT50680,1132-PF-K1000G-DBS-KE-BEJON,Kenya,Kilifi,2017.0,True,Analysis_set,SPT50680,True,included_QC_cohort
SPT50681,1132-PF-K1000G-DBS-KE-BEJON,Kenya,Kilifi,2017.0,True,Analysis_set,SPT50681,True,included_QC_cohort
SPT50682,1132-PF-K1000G-DBS-KE-BEJON,Kenya,Kilifi,2017.0,True,Analysis_set,SPT50682,True,included_QC_cohort
SPT50683,1132-PF-K1000G-DBS-KE-BEJON,Kenya,Kilifi,2017.0,True,Analysis_set,SPT50683,True,included_QC_cohort
SPT50684,1132-PF-K1000G-DBS-KE-BEJON,Kenya,Kilifi,2017.0,True,Analysis_set,SPT50684,True,included_QC_cohort
SPT50685,1132-PF-K1000G-DBS-KE-BEJON,Kenya,Kilifi,2017.0,True,Analysis_set,SPT50685,True,included_QC_cohort
SPT50686,1132-PF-K1000G-DBS-KE-BEJON,Kenya,Kilifi,2017.0,True,Analysis_set,SPT50686,True,included_QC_cohort
SPT50687,1132-PF-K1000G-DBS-KE-BEJON,Kenya,Kilifi,2017.0,True,Analysis_set,SPT50687,True,included_QC_cohort
SPT50689,1132-PF-K1000G-DBS-KE-BEJON,Kenya,Kilifi,2018.0,True,Analysis_set,SPT50689,True,included_QC_cohort
SPT50690,1132-PF-K1000G-DBS-KE-BEJON,Kenya,Kilifi,2018.0,True,Analysis_set,SPT50690,True,included_QC_cohort
SPT50691,1132-PF-K1000G-DBS-KE-BEJON,Kenya,Kilifi,2018.0,True,Analysis_set,SPT50691,True,included_QC_cohort
SPT50692,1132-PF-K1000G-DBS-KE-BEJON,Kenya,Kilifi,2018.0,True,Analysis_set,SPT50692,True,included_QC_cohort
SPT50693,1132-PF-K1000G-DBS-KE-BEJON,Kenya,Kilifi,2018.0,True,Analysis_set,SPT50693,True,included_QC_cohort
SPT50694,1132-PF-K1000G-DBS-KE-BEJON,Kenya,Kilifi,2018.0,True,Analysis_set,SPT50694,True,included_QC_cohort
SPT50695,1132-PF-K1000G-DBS-KE-BEJON,Kenya,Kilifi,1994.0,True,Analysis_set,SPT50695,True,included_QC_cohort
SPT50696,1132-PF-K1000G-DBS-KE-BEJON,Kenya,Kilifi,1994.0,True,Analysis_set,SPT50696,True,included_QC_cohort
SPT50697,1132-PF-K1000G-DBS-KE-BEJON,Kenya,Kilifi,1994.0,True,Analysis_set,SPT50697,True,included_QC_cohort
SPT50698,1132-PF-K1000G-DBS-KE-BEJON,Kenya,Kilifi,2008.0,True,Analysis_set,SPT50698,True,included_QC_cohort
SPT50699,1132-PF-K1000G-DBS-KE-BEJON,Kenya,Kilifi,2018.0,True,Analysis_set,SPT50699,True,included_QC_cohort
SPT50700,1132-PF-K1000G-DBS-KE-BEJON,Kenya,Kilifi,1997.0,True,Analysis_set,SPT50700,True,included_QC_cohort
SPT50701,1132-PF-K1000G-DBS-KE-BEJON,Kenya,Kilifi,1997.0,True,Analysis_set,SPT50701,True,included_QC_cohort
SPT50702,1132-PF-K1000G-DBS-KE-BEJON,Kenya,Kilifi,1997.0,True,Analysis_set,SPT50702,True,included_QC_cohort
SPT50703,1132-PF-K1000G-DBS-KE-BEJON,Kenya,Kilifi,1997.0,True,Analysis_set,SPT50703,True,included_QC_cohort
SPT50704,1132-PF-K1000G-DBS-KE-BEJON,Kenya,Kilifi,1998.0,True,Analysis_set,SPT50704,True,included_QC_cohort
SPT50705,1132-PF-K1000G-DBS-KE-BEJON,Kenya,Kilifi,1998.0,False,Mixed_species,SPT50705,False,excluded_QC
SPT50706,1132-PF-K1000G-DBS-KE-BEJON,Kenya,Kilifi,1998.0,True,Analysis_set,SPT50706,True,included_QC_cohort
SPT50707,1132-PF-K1000G-DBS-KE-BEJON,Kenya,Kilifi,1998.0,True,Analysis_set,SPT50707,True,included_QC_cohort
SPT50708,1132-PF-K1000G-DBS-KE-BEJON,Kenya,Kilifi,1998.0,True,Analysis_set,SPT50708,True,included_QC_cohort
SPT50709,1132-PF-K1000G-DBS-KE-BEJON,Kenya,Kilifi,1999.0,False,Mixed_species,SPT50709,False,excluded_QC
SPT50710,1132-PF-K1000G-DBS-KE-BEJON,Kenya,Kilifi,1999.0,True,Analysis_set,SPT50710,True,included_QC_cohort
SPT50711,1132-PF-K1000G-DBS-KE-BEJON,Kenya,Kilifi,1999.0,True,Analysis_set,SPT50711,True,included_QC_cohort
SPT50712,1132-PF-K1000G-DBS-KE-BEJON,Kenya,Kilifi,1999.0,True,Analysis_set,SPT50712,True,included_QC_cohort
SPT50713,1132-PF-K1000G-DBS-KE-BEJON,Kenya,Kilifi,1999.0,True,Analysis_set,SPT50713,True,included_QC_cohort
SPT50714,1132-PF-K1000G-DBS-KE-BEJON,Kenya,Kilifi,1997.0,True,Analysis_set,SPT50714,True,included_QC_cohort
SPT50715,1132-PF-K1000G-DBS-KE-BEJON,Kenya,Kilifi,1994.0,True,Analysis_set,SPT50715,True,included_QC_cohort
SPT50716,1132-PF-K1000G-DBS-KE-BEJON,Kenya,Kilifi,1999.0,True,Analysis_set,SPT50716,True,included_QC_cohort
SPT50717,1132-PF-K1000G-DBS-KE-BEJON,Kenya,Kilifi,1999.0,True,Analysis_set,SPT50717,True,included_QC_cohort
SPT50718,1132-PF-K1000G-DBS-KE-BEJON,Kenya,Kilifi,2000.0,True,Analysis_set,SPT50718,True,included_QC_cohort
SPT50719,1132-PF-K1000G-DBS-KE-BEJON,Kenya,Kilifi,2000.0,True,Analysis_set,SPT50719,True,included_QC_cohort
SPT50720,1132-PF-K1000G-DBS-KE-BEJON,Kenya,Kilifi,2000.0,True,Analysis_set,SPT50720,True,included_QC_cohort
SPT50721,1132-PF-K1000G-DBS-KE-BEJON,Kenya,Kilifi,2003.0,True,Analysis_set,SPT50721,True,included_QC_cohort
SPT50722,1132-PF-K1000G-DBS-KE-BEJON,Kenya,Kilifi,2003.0,True,Analysis_set,SPT50722,True,included_QC_cohort
SPT50723,1132-PF-K1000G-DBS-KE-BEJON,Kenya,Kilifi,2003.0,True,Analysis_set,SPT50723,True,included_QC_cohort
SPT50724,1132-PF-K1000G-DBS-KE-BEJON,Kenya,Kilifi,2000.0,True,Analysis_set,SPT50724,True,included_QC_cohort
SPT50725,1132-PF-K1000G-DBS-KE-BEJON,Kenya,Kilifi,2000.0,True,Analysis_set,SPT50725,True,included_QC_cohort
SPT50726,1132-PF-K1000G-DBS-KE-BEJON,Kenya,Kilifi,2000.0,True,Analysis_set,SPT50726,True,included_QC_cohort
SPT50727,1132-PF-K1000G-DBS-KE-BEJON,Kenya,Kilifi,1994.0,True,Analysis_set,SPT50727,True,included_QC_cohort
SPT50728,1132-PF-K1000G-DBS-KE-BEJON,Kenya,Kilifi,2013.0,True,Analysis_set,SPT50728,True,included_QC_cohort
SPT50729,1132-PF-K1000G-DBS-KE-BEJON,Kenya,Kilifi,2013.0,True,Analysis_set,SPT50729,True,included_QC_cohort
SPT50730,1132-PF-K1000G-DBS-KE-BEJON,Kenya,Kilifi,2013.0,True,Analysis_set,SPT50730,True,included_QC_cohort
SPT50731,1132-PF-K1000G-DBS-KE-BEJON,Kenya,Kilifi,2013.0,True,Analysis_set,SPT50731,True,included_QC_cohort
SPT50732,1132-PF-K1000G-DBS-KE-BEJON,Kenya,Kilifi,2013.0,True,Analysis_set,SPT50732,True,included_QC_cohort
SPT50733,1132-PF-K1000G-DBS-KE-BEJON,Kenya,Kilifi,2013.0,True,Analysis_set,SPT50733,True,included_QC_cohort
SPT50734,1132-PF-K1000G-DBS-KE-BEJON,Kenya,Kilifi,2013.0,True,Analysis_set,SPT50734,True,included_QC_cohort
SPT50735,1132-PF-K1000G-DBS-KE-BEJON,Kenya,Kilifi,2013.0,True,Analysis_set,SPT50735,True,included_QC_cohort
SPT50736,1132-PF-K1000G-DBS-KE-BEJON,Kenya,Kilifi,2013.0,True,Analysis_set,SPT50736,True,included_QC_cohort
SPT50737,1132-PF-K1000G-DBS-KE-BEJON,Kenya,Kilifi,2013.0,True,Analysis_set,SPT50737,True,included_QC_cohort
SPT50738,1132-PF-K1000G-DBS-KE-BEJON,Kenya,Kilifi,2013.0,True,Analysis_set,SPT50738,True,included_QC_cohort
SPT50739,1132-PF-K1000G-DBS-KE-BEJON,Kenya,Kilifi,2013.0,True,Analysis_set,SPT50739,True,included_QC_cohort
SPT50740,1132-PF-K1000G-DBS-KE-BEJON,Kenya,Kilifi,2013.0,True,Analysis_set,SPT50740,True,included_QC_cohort
SPT50741,1132-PF-K1000G-DBS-KE-BEJON,Kenya,Kilifi,2013.0,True,Analysis_set,SPT50741,True,included_QC_cohort
SPT50742,1132-PF-K1000G-DBS-KE-BEJON,Kenya,Kilifi,2013.0,True,Analysis_set,SPT50742,True,included_QC_cohort
SPT50743,1132-PF-K1000G-DBS-KE-BEJON,Kenya,Kilifi,2013.0,True,Analysis_set,SPT50743,True,included_QC_cohort
SPT50744,1132-PF-K1000G-DBS-KE-BEJON,Kenya,Kilifi,2013.0,True,Analysis_set,SPT50744,True,included_QC_cohort
SPT50745,1132-PF-K1000G-DBS-KE-BEJON,Kenya,Kilifi,2013.0,True,Analysis_set,SPT50745,True,included_QC_cohort
SPT50746,1132-PF-K1000G-DBS-KE-BEJON,Kenya,Kilifi,2013.0,True,Analysis_set,SPT50746,True,included_QC_cohort
SPT50747,1132-PF-K1000G-DBS-KE-BEJON,Kenya,Kilifi,1999.0,True,Analysis_set,SPT50747,True,included_QC_cohort
SPT50748,1132-PF-K1000G-DBS-KE-BEJON,Kenya,Kilifi,1999.0,True,Analysis_set,SPT50748,True,included_QC_cohort
SPT50749,1132-PF-K1000G-DBS-KE-BEJON,Kenya,Kilifi,2005.0,True,Analysis_set,SPT50749,True,included_QC_cohort
SPT50750,1132-PF-K1000G-DBS-KE-BEJON,Kenya,Kilifi,2005.0,True,Analysis_set,SPT50750,True,included_QC_cohort
SPT50751,1132-PF-K1000G-DBS-KE-BEJON,Kenya,Kilifi,2005.0,True,Analysis_set,SPT50751,True,included_QC_cohort
SPT50752,1132-PF-K1000G-DBS-KE-BEJON,Kenya,Kilifi,2005.0,True,Analysis_set,SPT50752,True,included_QC_cohort
SPT50753,1132-PF-K1000G-DBS-KE-BEJON,Kenya,Kilifi,2005.0,True,Analysis_set,SPT50753,True,included_QC_cohort
SPT50754,1132-PF-K1000G-DBS-KE-BEJON,Kenya,Kilifi,2005.0,True,Analysis_set,SPT50754,True,included_QC_cohort
SPT50755,1132-PF-K1000G-DBS-KE-BEJON,Kenya,Kilifi,2016.0,True,Analysis_set,SPT50755,True,included_QC_cohort
SPT50756,1132-PF-K1000G-DBS-KE-BEJON,Kenya,Kilifi,2013.0,True,Analysis_set,SPT50756,True,included_QC_cohort
SPT50757,1132-PF-K1000G-DBS-KE-BEJON,Kenya,Kilifi,2013.0,True,Analysis_set,SPT50757,True,included_QC_cohort
SPT50758,1132-PF-K1000G-DBS-KE-BEJON,Kenya,Kilifi,2013.0,True,Analysis_set,SPT50758,True,included_QC_cohort
SPT50759,1132-PF-K1000G-DBS-KE-BEJON,Kenya,Kilifi,2013.0,True,Analysis_set,SPT50759,True,included_QC_cohort
SPT50760,1132-PF-K1000G-DBS-KE-BEJON,Kenya,Kilifi,2013.0,True,Analysis_set,SPT50760,True,included_QC_cohort
SPT50761,1132-PF-K1000G-DBS-KE-BEJON,Kenya,Kilifi,2013.0,True,Analysis_set,SPT50761,True,included_QC_cohort
SPT50762,1132-PF-K1000G-DBS-KE-BEJON,Kenya,Kilifi,2013.0,True,Analysis_set,SPT50762,True,included_QC_cohort
SPT50763,1132-PF-K1000G-DBS-KE-BEJON,Kenya,Kilifi,2018.0,True,Analysis_set,SPT50763,True,included_QC_cohort
SPT50764,1132-PF-K1000G-DBS-KE-BEJON,Kenya,Kilifi,2018.0,True,Analysis_set,SPT50764,True,included_QC_cohort
SPT50765,1132-PF-K1000G-DBS-KE-BEJON,Kenya,Kilifi,2018.0,True,Analysis_set,SPT50765,True,included_QC_cohort
SPT50766,1132-PF-K1000G-DBS-KE-BEJON,Kenya,Kilifi,2018.0,True,Analysis_set,SPT50766,True,included_QC_cohort
SPT50767,1132-PF-K1000G-DBS-KE-BEJON,Kenya,Kilifi,2018.0,True,Analysis_set,SPT50767,True,included_QC_cohort
SPT50768,1132-PF-K1000G-DBS-KE-BEJON,Kenya,Kilifi,2018.0,True,Analysis_set,SPT50768,True,included_QC_cohort
SPT50769,1132-PF-K1000G-DBS-KE-BEJON,Kenya,Kilifi,2018.0,True,Analysis_set,SPT50769,True,included_QC_cohort
SPT50770,1132-PF-K1000G-DBS-KE-BEJON,Kenya,Kilifi,2018.0,True,Analysis_set,SPT50770,True,included_QC_cohort
SPT50771,1132-PF-K1000G-DBS-KE-BEJON,Kenya,Kilifi,2018.0,True,Analysis_set,SPT50771,True,included_QC_cohort
SPT50772,1132-PF-K1000G-DBS-KE-BEJON,Kenya,Kilifi,2018.0,True,Analysis_set,SPT50772,True,included_QC_cohort
SPT50773,1132-PF-K1000G-DBS-KE-BEJON,Kenya,Kilifi,2018.0,True,Analysis_set,SPT50773,True,included_QC_cohort
SPT50774,1132-PF-K1000G-DBS-KE-BEJON,Kenya,Kilifi,2018.0,True,Analysis_set,SPT50774,True,included_QC_cohort
SPT50775,1132-PF-K1000G-DBS-KE-BEJON,Kenya,Kilifi,2018.0,True,Analysis_set,SPT50775,True,included_QC_cohort
SPT50776,1132-PF-K1000G-DBS-KE-BEJON,Kenya,Kilifi,2018.0,True,Analysis_set,SPT50776,True,included_QC_cohort
SPT50777,1132-PF-K1000G-DBS-KE-BEJON,Kenya,Kilifi,2018.0,True,Analysis_set,SPT50777,True,included_QC_cohort
SPT50778,1132-PF-K1000G-DBS-KE-BEJON,Kenya,Kilifi,2018.0,True,Analysis_set,SPT50778,True,included_QC_cohort
SPT50779,1132-PF-K1000G-DBS-KE-BEJON,Kenya,Kilifi,2018.0,True,Analysis_set,SPT50779,True,included_QC_cohort
SPT50780,1132-PF-K1000G-DBS-KE-BEJON,Kenya,Kilifi,2018.0,True,Analysis_set,SPT50780,True,included_QC_cohort
SPT50781,1132-PF-K1000G-DBS-KE-BEJON,Kenya,Kilifi,2018.0,True,Analysis_set,SPT50781,True,included_QC_cohort
SPT50782,1132-PF-K1000G-DBS-KE-BEJON,Kenya,Kilifi,2018.0,False,Mixed_species,SPT50782,False,excluded_QC
SPT50783,1132-PF-K1000G-DBS-KE-BEJON,Kenya,Kilifi,2018.0,True,Analysis_set,SPT50783,True,included_QC_cohort
SPT50784,1132-PF-K1000G-DBS-KE-BEJON,Kenya,Kilifi,1994.0,True,Analysis_set,SPT50784,True,included_QC_cohort
SPT50785,1132-PF-K1000G-DBS-KE-BEJON,Kenya,Kilifi,1994.0,True,Analysis_set,SPT50785,True,included_QC_cohort
SPT50786,1132-PF-K1000G-DBS-KE-BEJON,Kenya,Kilifi,1994.0,True,Analysis_set,SPT50786,True,included_QC_cohort
SPT50787,1132-PF-K1000G-DBS-KE-BEJON,Kenya,Kilifi,1995.0,True,Analysis_set,SPT50787,True,included_QC_cohort
SPT50788,1132-PF-K1000G-DBS-KE-BEJON,Kenya,Kilifi,1997.0,True,Analysis_set,SPT50788,True,included_QC_cohort
SPT50789,1132-PF-K1000G-DBS-KE-BEJON,Kenya,Kilifi,1997.0,True,Analysis_set,SPT50789,True,included_QC_cohort
SPT50790,1132-PF-K1000G-DBS-KE-BEJON,Kenya,Kilifi,1997.0,True,Analysis_set,SPT50790,True,included_QC_cohort
SPT50791,1132-PF-K1000G-DBS-KE-BEJON,Kenya,Kilifi,1997.0,True,Analysis_set,SPT50791,True,included_QC_cohort
SPT50792,1132-PF-K1000G-DBS-KE-BEJON,Kenya,Kilifi,1997.0,True,Analysis_set,SPT50792,True,included_QC_cohort
SPT50793,1132-PF-K1000G-DBS-KE-BEJON,Kenya,Kilifi,1997.0,True,Analysis_set,"PC4042-C,SPT50793",True,included_QC_cohort
SPT50794,1132-PF-K1000G-DBS-KE-BEJON,Kenya,Kilifi,1998.0,True,Analysis_set,SPT50794,True,included_QC_cohort
SPT50795,1132-PF-K1000G-DBS-KE-BEJON,Kenya,Kilifi,1998.0,True,Analysis_set,SPT50795,True,included_QC_cohort
SPT50796,1132-PF-K1000G-DBS-KE-BEJON,Kenya,Kilifi,1998.0,True,Analysis_set,SPT50796,True,included_QC_cohort
SPT50797,1132-PF-K1000G-DBS-KE-BEJON,Kenya,Kilifi,1998.0,True,Analysis_set,SPT50797,True,included_QC_cohort
SPT50798,1132-PF-K1000G-DBS-KE-BEJON,Kenya,Kilifi,1998.0,True,Analysis_set,SPT50798,True,included_QC_cohort
SPT50799,1132-PF-K1000G-DBS-KE-BEJON,Kenya,Kilifi,1998.0,True,Analysis_set,SPT50799,True,included_QC_cohort
SPT50800,1132-PF-K1000G-DBS-KE-BEJON,Kenya,Kilifi,1998.0,True,Analysis_set,SPT50800,True,included_QC_cohort
SPT50801,1132-PF-K1000G-DBS-KE-BEJON,Kenya,Kilifi,1998.0,True,Analysis_set,SPT50801,True,included_QC_cohort
SPT50802,1132-PF-K1000G-DBS-KE-BEJON,Kenya,Kilifi,1998.0,True,Analysis_set,SPT50802,True,included_QC_cohort
SPT50803,1132-PF-K1000G-DBS-KE-BEJON,Kenya,Kilifi,1998.0,True,Analysis_set,SPT50803,True,included_QC_cohort
SPT50804,1132-PF-K1000G-DBS-KE-BEJON,Kenya,Kilifi,1998.0,True,Analysis_set,SPT50804,True,included_QC_cohort
SPT50805,1132-PF-K1000G-DBS-KE-BEJON,Kenya,Kilifi,2000.0,True,Analysis_set,SPT50805,True,included_QC_cohort
SPT50806,1132-PF-K1000G-DBS-KE-BEJON,Kenya,Kilifi,2000.0,False,Mixed_species,SPT50806,False,excluded_QC
SPT50807,1132-PF-K1000G-DBS-KE-BEJON,Kenya,Kilifi,2000.0,True,Analysis_set,SPT50807,True,included_QC_cohort
SPT50808,1132-PF-K1000G-DBS-KE-BEJON,Kenya,Kilifi,2003.0,True,Analysis_set,SPT50808,True,included_QC_cohort
SPT50809,1132-PF-K1000G-DBS-KE-BEJON,Kenya,Kilifi,2003.0,True,Analysis_set,SPT50809,True,included_QC_cohort
SPT50810,1132-PF-K1000G-DBS-KE-BEJON,Kenya,Kilifi,2003.0,True,Analysis_set,SPT50810,True,included_QC_cohort
SPT50811,1132-PF-K1000G-DBS-KE-BEJON,Kenya,Kilifi,2004.0,True,Analysis_set,SPT50811,True,included_QC_cohort
SPT50812,1132-PF-K1000G-DBS-KE-BEJON,Kenya,Kilifi,2004.0,True,Analysis_set,SPT50812,True,included_QC_cohort
SPT50813,1132-PF-K1000G-DBS-KE-BEJON,Kenya,Kilifi,2004.0,True,Analysis_set,SPT50813,True,included_QC_cohort
SPT50814,1132-PF-K1000G-DBS-KE-BEJON,Kenya,Kilifi,2004.0,True,Analysis_set,SPT50814,True,included_QC_cohort
SPT50815,1132-PF-K1000G-DBS-KE-BEJON,Kenya,Kilifi,2004.0,True,Analysis_set,SPT50815,True,included_QC_cohort
SPT50816,1132-PF-K1000G-DBS-KE-BEJON,Kenya,Kilifi,2005.0,True,Analysis_set,SPT50816,True,included_QC_cohort
SPT50817,1132-PF-K1000G-DBS-KE-BEJON,Kenya,Kilifi,2005.0,True,Analysis_set,SPT50817,True,included_QC_cohort
SPT50818,1132-PF-K1000G-DBS-KE-BEJON,Kenya,Kilifi,2005.0,True,Analysis_set,SPT50818,True,included_QC_cohort
SPT50819,1132-PF-K1000G-DBS-KE-BEJON,Kenya,Kilifi,2005.0,True,Analysis_set,SPT50819,True,included_QC_cohort
SPT50820,1132-PF-K1000G-DBS-KE-BEJON,Kenya,Kilifi,2005.0,True,Analysis_set,SPT50820,True,included_QC_cohort
SPT50821,1132-PF-K1000G-DBS-KE-BEJON,Kenya,Kilifi,2005.0,True,Analysis_set,SPT50821,True,included_QC_cohort
SPT50822,1132-PF-K1000G-DBS-KE-BEJON,Kenya,Kilifi,2005.0,True,Analysis_set,SPT50822,True,included_QC_cohort
SPT50823,1132-PF-K1000G-DBS-KE-BEJON,Kenya,Kilifi,2006.0,True,Analysis_set,SPT50823,True,included_QC_cohort
SPT50825,1132-PF-K1000G-DBS-KE-BEJON,Kenya,Kilifi,2006.0,True,Analysis_set,SPT50825,True,included_QC_cohort
SPT50826,1132-PF-K1000G-DBS-KE-BEJON,Kenya,Kilifi,2006.0,True,Analysis_set,SPT50826,True,included_QC_cohort
SPT50827,1132-PF-K1000G-DBS-KE-BEJON,Kenya,Kilifi,2006.0,True,Analysis_set,SPT50827,True,included_QC_cohort
SPT50828,1132-PF-K1000G-DBS-KE-BEJON,Kenya,Kilifi,2007.0,True,Analysis_set,SPT50828,True,included_QC_cohort
SPT50829,1132-PF-K1000G-DBS-KE-BEJON,Kenya,Kilifi,2007.0,True,Analysis_set,SPT50829,True,included_QC_cohort
SPT50830,1132-PF-K1000G-DBS-KE-BEJON,Kenya,Kilifi,2007.0,True,Analysis_set,SPT50830,True,included_QC_cohort
SPT50831,1132-PF-K1000G-DBS-KE-BEJON,Kenya,Kilifi,2007.0,True,Analysis_set,SPT50831,True,included_QC_cohort
SPT50832,1132-PF-K1000G-DBS-KE-BEJON,Kenya,Kilifi,2007.0,True,Analysis_set,SPT50832,True,included_QC_cohort
SPT50833,1132-PF-K1000G-DBS-KE-BEJON,Kenya,Kilifi,2007.0,True,Analysis_set,SPT50833,True,included_QC_cohort
SPT50834,1132-PF-K1000G-DBS-KE-BEJON,Kenya,Kilifi,2007.0,True,Analysis_set,SPT50834,True,included_QC_cohort
SPT50835,1132-PF-K1000G-DBS-KE-BEJON,Kenya,Kilifi,2007.0,True,Analysis_set,SPT50835,True,included_QC_cohort
SPT50836,1132-PF-K1000G-DBS-KE-BEJON,Kenya,Kilifi,2007.0,True,Analysis_set,SPT50836,True,included_QC_cohort
SPT50837,1132-PF-K1000G-DBS-KE-BEJON,Kenya,Kilifi,2007.0,True,Analysis_set,SPT50837,True,included_QC_cohort
SPT50838,1132-PF-K1000G-DBS-KE-BEJON,Kenya,Kilifi,2007.0,True,Analysis_set,SPT50838,True,included_QC_cohort
SPT50839,1132-PF-K1000G-DBS-KE-BEJON,Kenya,Kilifi,2007.0,True,Analysis_set,SPT50839,True,included_QC_cohort
SPT50840,1132-PF-K1000G-DBS-KE-BEJON,Kenya,Kilifi,2007.0,True,Analysis_set,SPT50840,True,included_QC_cohort
SPT50841,1132-PF-K1000G-DBS-KE-BEJON,Kenya,Kilifi,2007.0,True,Analysis_set,SPT50841,True,included_QC_cohort
SPT50842,1132-PF-K1000G-DBS-KE-BEJON,Kenya,Kilifi,2007.0,True,Analysis_set,SPT50842,True,included_QC_cohort
SPT50843,1132-PF-K1000G-DBS-KE-BEJON,Kenya,Kilifi,2007.0,True,Analysis_set,SPT50843,True,included_QC_cohort
SPT50844,1132-PF-K1000G-DBS-KE-BEJON,Kenya,Kilifi,2007.0,True,Analysis_set,SPT50844,True,included_QC_cohort
SPT50845,1132-PF-K1000G-DBS-KE-BEJON,Kenya,Kilifi,2007.0,True,Analysis_set,SPT50845,True,included_QC_cohort
SPT50846,1132-PF-K1000G-DBS-KE-BEJON,Kenya,Kilifi,2007.0,True,Analysis_set,SPT50846,True,included_QC_cohort
SPT50847,1132-PF-K1000G-DBS-KE-BEJON,Kenya,Kilifi,2007.0,True,Analysis_set,SPT50847,True,included_QC_cohort
SPT50848,1132-PF-K1000G-DBS-KE-BEJON,Kenya,Kilifi,2007.0,True,Analysis_set,SPT50848,True,included_QC_cohort
SPT50849,1132-PF-K1000G-DBS-KE-BEJON,Kenya,Kilifi,2007.0,True,Analysis_set,SPT50849,True,included_QC_cohort
SPT50850,1132-PF-K1000G-DBS-KE-BEJON,Kenya,Kilifi,2007.0,True,Analysis_set,SPT50850,True,included_QC_cohort
SPT50851,1132-PF-K1000G-DBS-KE-BEJON,Kenya,Kilifi,2007.0,True,Analysis_set,SPT50851,True,included_QC_cohort
SPT50852,1132-PF-K1000G-DBS-KE-BEJON,Kenya,Kilifi,2008.0,True,Analysis_set,SPT50852,True,included_QC_cohort
SPT50854,1132-PF-K1000G-DBS-KE-BEJON,Kenya,Kilifi,2008.0,True,Analysis_set,SPT50854,True,included_QC_cohort
SPT50855,1132-PF-K1000G-DBS-KE-BEJON,Kenya,Kilifi,2008.0,True,Analysis_set,SPT50855,True,included_QC_cohort
SPT50856,1132-PF-K1000G-DBS-KE-BEJON,Kenya,Kilifi,2008.0,True,Analysis_set,SPT50856,True,included_QC_cohort
SPT50857,1132-PF-K1000G-DBS-KE-BEJON,Kenya,Kilifi,2009.0,True,Analysis_set,SPT50857,True,included_QC_cohort
SPT50858,1132-PF-K1000G-DBS-KE-BEJON,Kenya,Kilifi,2009.0,True,Analysis_set,SPT50858,True,included_QC_cohort
SPT50859,1132-PF-K1000G-DBS-KE-BEJON,Kenya,Kilifi,2009.0,True,Analysis_set,SPT50859,True,included_QC_cohort
SPT50860,1132-PF-K1000G-DBS-KE-BEJON,Kenya,Kilifi,2009.0,True,Analysis_set,SPT50860,True,included_QC_cohort
SPT50861,1132-PF-K1000G-DBS-KE-BEJON,Kenya,Kilifi,2009.0,True,Analysis_set,SPT50861,True,included_QC_cohort
SPT50862,1132-PF-K1000G-DBS-KE-BEJON,Kenya,Kilifi,2009.0,True,Analysis_set,SPT50862,True,included_QC_cohort
SPT50863,1132-PF-K1000G-DBS-KE-BEJON,Kenya,Kilifi,2009.0,True,Analysis_set,SPT50863,True,included_QC_cohort
SPT50878,1132-PF-K1000G-DBS-KE-BEJON,Kenya,Kilifi,2012.0,True,Analysis_set,SPT50878,True,included_QC_cohort
SPT50879,1132-PF-K1000G-DBS-KE-BEJON,Kenya,Kilifi,2012.0,True,Analysis_set,SPT50879,True,included_QC_cohort
SPT50880,1132-PF-K1000G-DBS-KE-BEJON,Kenya,Kilifi,2012.0,True,Analysis_set,SPT50880,True,included_QC_cohort
SPT50881,1132-PF-K1000G-DBS-KE-BEJON,Kenya,Kilifi,2012.0,True,Analysis_set,SPT50881,True,included_QC_cohort
SPT50882,1132-PF-K1000G-DBS-KE-BEJON,Kenya,Kilifi,2013.0,True,Analysis_set,SPT50882,True,included_QC_cohort
SPT50883,1132-PF-K1000G-DBS-KE-BEJON,Kenya,Kilifi,2013.0,True,Analysis_set,SPT50883,True,included_QC_cohort
SPT50884,1132-PF-K1000G-DBS-KE-BEJON,Kenya,Kilifi,2013.0,True,Analysis_set,SPT50884,True,included_QC_cohort
SPT50885,1132-PF-K1000G-DBS-KE-BEJON,Kenya,Kilifi,2013.0,True,Analysis_set,SPT50885,True,included_QC_cohort
SPT50886,1132-PF-K1000G-DBS-KE-BEJON,Kenya,Kilifi,2013.0,True,Analysis_set,SPT50886,True,included_QC_cohort
SPT50887,1132-PF-K1000G-DBS-KE-BEJON,Kenya,Kilifi,2013.0,True,Analysis_set,SPT50887,True,included_QC_cohort
SPT50888,1132-PF-K1000G-DBS-KE-BEJON,Kenya,Kilifi,2013.0,True,Analysis_set,SPT50888,True,included_QC_cohort
SPT50889,1132-PF-K1000G-DBS-KE-BEJON,Kenya,Kilifi,2013.0,True,Analysis_set,SPT50889,True,included_QC_cohort
SPT50890,1132-PF-K1000G-DBS-KE-BEJON,Kenya,Kilifi,2013.0,True,Analysis_set,SPT50890,True,included_QC_cohort
SPT50891,1132-PF-K1000G-DBS-KE-BEJON,Kenya,Kilifi,2013.0,True,Analysis_set,SPT50891,True,included_QC_cohort
SPT50892,1132-PF-K1000G-DBS-KE-BEJON,Kenya,Kilifi,2013.0,True,Analysis_set,SPT50892,True,included_QC_cohort
SPT50893,1132-PF-K1000G-DBS-KE-BEJON,Kenya,Kilifi,2013.0,True,Analysis_set,SPT50893,True,included_QC_cohort
SPT50894,1132-PF-K1000G-DBS-KE-BEJON,Kenya,Kilifi,2013.0,True,Analysis_set,SPT50894,True,included_QC_cohort
SPT50895,1132-PF-K1000G-DBS-KE-BEJON,Kenya,Kilifi,2013.0,True,Analysis_set,SPT50895,True,included_QC_cohort
SPT50896,1132-PF-K1000G-DBS-KE-BEJON,Kenya,Kilifi,2013.0,True,Analysis_set,SPT50896,True,included_QC_cohort
SPT50897,1132-PF-K1000G-DBS-KE-BEJON,Kenya,Kilifi,2013.0,True,Analysis_set,SPT50897,True,included_QC_cohort
SPT50898,1132-PF-K1000G-DBS-KE-BEJON,Kenya,Kilifi,2013.0,True,Analysis_set,SPT50898,True,included_QC_cohort
SPT50899,1132-PF-K1000G-DBS-KE-BEJON,Kenya,Kilifi,2013.0,True,Analysis_set,SPT50899,True,included_QC_cohort
SPT50900,1132-PF-K1000G-DBS-KE-BEJON,Kenya,Kilifi,2013.0,True,Analysis_set,SPT50900,True,included_QC_cohort
SPT50901,1132-PF-K1000G-DBS-KE-BEJON,Kenya,Kilifi,2013.0,True,Analysis_set,SPT50901,True,included_QC_cohort
SPT50902,1132-PF-K1000G-DBS-KE-BEJON,Kenya,Kilifi,2014.0,True,Analysis_set,SPT50902,True,included_QC_cohort
SPT50903,1132-PF-K1000G-DBS-KE-BEJON,Kenya,Kilifi,2014.0,True,Analysis_set,SPT50903,True,included_QC_cohort
SPT50904,1132-PF-K1000G-DBS-KE-BEJON,Kenya,Kilifi,2015.0,True,Analysis_set,SPT50904,True,included_QC_cohort
SPT50905,1132-PF-K1000G-DBS-KE-BEJON,Kenya,Kilifi,2016.0,True,Analysis_set,SPT50905,True,included_QC_cohort
SPT50906,1132-PF-K1000G-DBS-KE-BEJON,Kenya,Kilifi,2016.0,True,Analysis_set,SPT50906,True,included_QC_cohort
SPT50907,1132-PF-K1000G-DBS-KE-BEJON,Kenya,Kilifi,2017.0,True,Analysis_set,SPT50907,True,included_QC_cohort
SPT50908,1132-PF-K1000G-DBS-KE-BEJON,Kenya,Kilifi,2017.0,True,Analysis_set,SPT50908,True,included_QC_cohort
SPT50909,1132-PF-K1000G-DBS-KE-BEJON,Kenya,Kilifi,2017.0,True,Analysis_set,SPT50909,True,included_QC_cohort
SPT50910,1132-PF-K1000G-DBS-KE-BEJON,Kenya,Kilifi,2018.0,True,Analysis_set,SPT50910,True,included_QC_cohort
SPT50911,1132-PF-K1000G-DBS-KE-BEJON,Kenya,Kilifi,2018.0,True,Analysis_set,SPT50911,True,included_QC_cohort
SPT50912,1132-PF-K1000G-DBS-KE-BEJON,Kenya,Kilifi,2018.0,True,Analysis_set,SPT50912,True,included_QC_cohort
SPT50913,1132-PF-K1000G-DBS-KE-BEJON,Kenya,Kilifi,2018.0,True,Analysis_set,SPT50913,True,included_QC_cohort
SPT50914,1132-PF-K1000G-DBS-KE-BEJON,Kenya,Kilifi,2018.0,True,Analysis_set,SPT50914,True,included_QC_cohort
SPT50915,1132-PF-K1000G-DBS-KE-BEJON,Kenya,Kilifi,2018.0,True,Analysis_set,SPT50915,True,included_QC_cohort
SPT50916,1132-PF-K1000G-DBS-KE-BEJON,Kenya,Kilifi,2018.0,True,Analysis_set,SPT50916,True,included_QC_cohort
SPT50917,1132-PF-K1000G-DBS-KE-BEJON,Kenya,Kilifi,2018.0,True,Analysis_set,SPT50917,True,included_QC_cohort
SPT50918,1132-PF-K1000G-DBS-KE-BEJON,Kenya,Kilifi,2018.0,True,Analysis_set,SPT50918,True,included_QC_cohort
SPT50919,1132-PF-K1000G-DBS-KE-BEJON,Kenya,Kilifi,2003.0,True,Analysis_set,SPT50919,True,included_QC_cohort
SPT50920,1132-PF-K1000G-DBS-KE-BEJON,Kenya,Kilifi,2003.0,True,Analysis_set,SPT50920,True,included_QC_cohort
SPT50921,1132-PF-K1000G-DBS-KE-BEJON,Kenya,Kilifi,2003.0,True,Analysis_set,SPT50921,True,included_QC_cohort
SPT50922,1132-PF-K1000G-DBS-KE-BEJON,Kenya,Kilifi,2003.0,True,Analysis_set,SPT50922,True,included_QC_cohort
SPT50923,1132-PF-K1000G-DBS-KE-BEJON,Kenya,Kilifi,2003.0,True,Analysis_set,SPT50923,True,included_QC_cohort
SPT50924,1132-PF-K1000G-DBS-KE-BEJON,Kenya,Kilifi,2003.0,True,Analysis_set,SPT50924,True,included_QC_cohort
SPT50925,1132-PF-K1000G-DBS-KE-BEJON,Kenya,Kilifi,2003.0,True,Analysis_set,SPT50925,True,included_QC_cohort
SPT50926,1132-PF-K1000G-DBS-KE-BEJON,Kenya,Kilifi,2003.0,True,Analysis_set,SPT50926,True,included_QC_cohort
SPT50927,1132-PF-K1000G-DBS-KE-BEJON,Kenya,Kilifi,2003.0,True,Analysis_set,SPT50927,True,included_QC_cohort
SPT50928,1132-PF-K1000G-DBS-KE-BEJON,Kenya,Kilifi,2003.0,True,Analysis_set,SPT50928,True,included_QC_cohort
SPT50929,1132-PF-K1000G-DBS-KE-BEJON,Kenya,Kilifi,2003.0,True,Analysis_set,SPT50929,True,included_QC_cohort
SPT50930,1132-PF-K1000G-DBS-KE-BEJON,Kenya,Kilifi,2003.0,True,Analysis_set,SPT50930,True,included_QC_cohort
SPT50931,1132-PF-K1000G-DBS-KE-BEJON,Kenya,Kilifi,2003.0,True,Analysis_set,SPT50931,True,included_QC_cohort
SPT50932,1132-PF-K1000G-DBS-KE-BEJON,Kenya,Kilifi,2003.0,True,Analysis_set,SPT50932,True,included_QC_cohort
SPT50933,1132-PF-K1000G-DBS-KE-BEJON,Kenya,Kilifi,2003.0,True,Analysis_set,SPT50933,True,included_QC_cohort
SPT50934,1132-PF-K1000G-DBS-KE-BEJON,Kenya,Kilifi,2003.0,True,Analysis_set,SPT50934,True,included_QC_cohort
SPT50935,1132-PF-K1000G-DBS-KE-BEJON,Kenya,Kilifi,2003.0,True,Analysis_set,SPT50935,True,included_QC_cohort
SPT50936,1132-PF-K1000G-DBS-KE-BEJON,Kenya,Kilifi,2003.0,True,Analysis_set,SPT50936,True,included_QC_cohort
SPT50937,1132-PF-K1000G-DBS-KE-BEJON,Kenya,Kilifi,2003.0,True,Analysis_set,SPT50937,True,included_QC_cohort
SPT50938,1132-PF-K1000G-DBS-KE-BEJON,Kenya,Kilifi,2003.0,True,Analysis_set,SPT50938,True,included_QC_cohort
SPT50939,1132-PF-K1000G-DBS-KE-BEJON,Kenya,Kilifi,2003.0,True,Analysis_set,SPT50939,True,included_QC_cohort
SPT50940,1132-PF-K1000G-DBS-KE-BEJON,Kenya,Kilifi,2003.0,True,Analysis_set,SPT50940,True,included_QC_cohort
SPT50941,1132-PF-K1000G-DBS-KE-BEJON,Kenya,Kilifi,2003.0,True,Analysis_set,SPT50941,True,included_QC_cohort
SPT50942,1132-PF-K1000G-DBS-KE-BEJON,Kenya,Kilifi,2003.0,True,Analysis_set,SPT50942,True,included_QC_cohort
SPT50943,1132-PF-K1000G-DBS-KE-BEJON,Kenya,Kilifi,2003.0,True,Analysis_set,SPT50943,True,included_QC_cohort
SPT50944,1132-PF-K1000G-DBS-KE-BEJON,Kenya,Kilifi,2003.0,True,Analysis_set,SPT50944,True,included_QC_cohort
SPT50945,1132-PF-K1000G-DBS-KE-BEJON,Kenya,Kilifi,2003.0,True,Analysis_set,SPT50945,True,included_QC_cohort
SPT50946,1132-PF-K1000G-DBS-KE-BEJON,Kenya,Kilifi,2018.0,True,Analysis_set,SPT50946,True,included_QC_cohort
SPT50947,1132-PF-K1000G-DBS-KE-BEJON,Kenya,Kilifi,2004.0,True,Analysis_set,SPT50947,True,included_QC_cohort
SPT50948,1132-PF-K1000G-DBS-KE-BEJON,Kenya,Kilifi,2018.0,True,Analysis_set,SPT50948,True,included_QC_cohort
SPT50949,1132-PF-K1000G-DBS-KE-BEJON,Kenya,Kilifi,2018.0,True,Analysis_set,SPT50949,True,included_QC_cohort
SPT50950,1132-PF-K1000G-DBS-KE-BEJON,Kenya,Kilifi,2018.0,True,Analysis_set,SPT50950,True,included_QC_cohort
SPT50951,1132-PF-K1000G-DBS-KE-BEJON,Kenya,Kilifi,2018.0,True,Analysis_set,SPT50951,True,included_QC_cohort
SPT50952,1132-PF-K1000G-DBS-KE-BEJON,Kenya,Kilifi,2018.0,True,Analysis_set,SPT50952,True,included_QC_cohort
SPT50953,1132-PF-K1000G-DBS-KE-BEJON,Kenya,Kilifi,2018.0,True,Analysis_set,SPT50953,True,included_QC_cohort
SPT50954,1132-PF-K1000G-DBS-KE-BEJON,Kenya,Kilifi,2018.0,True,Analysis_set,SPT50954,True,included_QC_cohort
SPT50955,1132-PF-K1000G-DBS-KE-BEJON,Kenya,Kilifi,2018.0,True,Analysis_set,SPT50955,True,included_QC_cohort
SPT50956,1132-PF-K1000G-DBS-KE-BEJON,Kenya,Kilifi,2018.0,True,Analysis_set,SPT50956,True,included_QC_cohort
SPT50957,1132-PF-K1000G-DBS-KE-BEJON,Kenya,Kilifi,2019.0,True,Analysis_set,SPT50957,True,included_QC_cohort
SPT53686,1262-PF-KE-DONDORP-SM,Kenya,Kilifi,2018.0,True,Analysis_set,"SPT53686,SPT53687",True,included_QC_cohort
SPT53687,1262-PF-KE-DONDORP-SM,Kenya,Kilifi,2018.0,False,Lower_covered_duplicate,"SPT53686,SPT53687",False,excluded_QC
SPT53688,1262-PF-KE-DONDORP-SM,Kenya,Kilifi,2018.0,True,Analysis_set,SPT53688,True,included_QC_cohort
SPT53689,1262-PF-KE-DONDORP-SM,Kenya,Kilifi,2018.0,True,Analysis_set,SPT53689,True,included_QC_cohort
SPT53690,1262-PF-KE-DONDORP-SM,Kenya,Kilifi,2018.0,True,Analysis_set,"SPT53690,SPT53691",True,included_QC_cohort
SPT53691,1262-PF-KE-DONDORP-SM,Kenya,Kilifi,2018.0,False,Lower_covered_duplicate,"SPT53690,SPT53691",False,excluded_QC
SPT53692,1262-PF-KE-DONDORP-SM,Kenya,Kilifi,2018.0,True,Analysis_set,SPT53692,True,included_QC_cohort
SPT53693,1262-PF-KE-DONDORP-SM,Kenya,Kilifi,2018.0,True,Analysis_set,SPT53693,True,included_QC_cohort
SPT53694,1262-PF-KE-DONDORP-SM,Kenya,Kilifi,2018.0,True,Analysis_set,SPT53694,True,included_QC_cohort
SPT53695,1262-PF-KE-DONDORP-SM,Kenya,Kilifi,2018.0,True,Analysis_set,SPT53695,True,included_QC_cohort
SPT53696,1262-PF-KE-DONDORP-SM,Kenya,Kilifi,2018.0,True,Analysis_set,SPT53696,True,included_QC_cohort
SPT53697,1262-PF-KE-DONDORP-SM,Kenya,Kilifi,2018.0,True,Analysis_set,SPT53697,True,included_QC_cohort
SPT53698,1262-PF-KE-DONDORP-SM,Kenya,Kilifi,2018.0,True,Analysis_set,"SPT53698,SPT53699",True,included_QC_cohort
SPT53699,1262-PF-KE-DONDORP-SM,Kenya,Kilifi,2018.0,False,Lower_covered_duplicate,"SPT53698,SPT53699",False,excluded_QC
SPT53700,1262-PF-KE-DONDORP-SM,Kenya,Kilifi,2018.0,True,Analysis_set,"SPT53700,SPT53701",True,included_QC_cohort
SPT53701,1262-PF-KE-DONDORP-SM,Kenya,Kilifi,2018.0,False,Lower_covered_duplicate,"SPT53700,SPT53701",False,excluded_QC
SPT53702,1262-PF-KE-DONDORP-SM,Kenya,Kilifi,2018.0,False,Lower_covered_duplicate,"SPT53702,SPT53703",False,excluded_QC
SPT53703,1262-PF-KE-DONDORP-SM,Kenya,Kilifi,2018.0,True,Analysis_set,"SPT53702,SPT53703",True,included_QC_cohort
SPT53704,1262-PF-KE-DONDORP-SM,Kenya,Kilifi,2018.0,True,Analysis_set,SPT53704,True,included_QC_cohort
SPT53705,1262-PF-KE-DONDORP-SM,Kenya,Kilifi,2018.0,True,Analysis_set,SPT53705,True,included_QC_cohort
SPT53706,1262-PF-KE-DONDORP-SM,Kenya,Kilifi,2018.0,True,Analysis_set,SPT53706,True,included_QC_cohort
SPT53707,1262-PF-KE-DONDORP-SM,Kenya,Kilifi,2018.0,True,Analysis_set,SPT53707,True,included_QC_cohort
SPT53708,1262-PF-KE-DONDORP-SM,Kenya,Kilifi,2018.0,True,Analysis_set,SPT53708,True,included_QC_cohort
SPT53709,1262-PF-KE-DONDORP-SM,Kenya,Kilifi,2018.0,True,Analysis_set,"SPT53709,SPT53710",True,included_QC_cohort
SPT53710,1262-PF-KE-DONDORP-SM,Kenya,Kilifi,2018.0,False,Lower_covered_duplicate,"SPT53709,SPT53710",False,excluded_QC
SPT53711,1262-PF-KE-DONDORP-SM,Kenya,Kilifi,2018.0,True,Analysis_set,SPT53711,True,included_QC_cohort
SPT53712,1262-PF-KE-DONDORP-SM,Kenya,Kilifi,2018.0,True,Analysis_set,"SPT53712,SPT53713",True,included_QC_cohort
SPT53713,1262-PF-KE-DONDORP-SM,Kenya,Kilifi,2018.0,False,Lower_covered_duplicate,"SPT53712,SPT53713",False,excluded_QC
SPT53714,1262-PF-KE-DONDORP-SM,Kenya,Kilifi,2018.0,True,Analysis_set,SPT53714,True,included_QC_cohort
SPT53715,1262-PF-KE-DONDORP-SM,Kenya,Kilifi,2018.0,True,Analysis_set,SPT53715,True,included_QC_cohort
SPT53716,1262-PF-KE-DONDORP-SM,Kenya,Kilifi,2018.0,False,Lower_covered_duplicate,"SPT53716,SPT53717",False,excluded_QC
SPT53717,1262-PF-KE-DONDORP-SM,Kenya,Kilifi,2018.0,True,Analysis_set,"SPT53716,SPT53717",True,included_QC_cohort
SPT53718,1262-PF-KE-DONDORP-SM,Kenya,Kilifi,2018.0,True,Analysis_set,SPT53718,True,included_QC_cohort
SPT53719,1262-PF-KE-DONDORP-SM,Kenya,Kilifi,2018.0,True,Analysis_set,SPT53719,True,included_QC_cohort
SPT53720,1262-PF-KE-DONDORP-SM,Kenya,Kilifi,2018.0,True,Analysis_set,SPT53720,True,included_QC_cohort
SPT53721,1262-PF-KE-DONDORP-SM,Kenya,Kilifi,2018.0,False,Lower_covered_duplicate,"SPT53721,SPT53722",False,excluded_QC
SPT53722,1262-PF-KE-DONDORP-SM,Kenya,Kilifi,2018.0,True,Analysis_set,"SPT53721,SPT53722",True,included_QC_cohort
SPT53723,1262-PF-KE-DONDORP-SM,Kenya,Kilifi,2018.0,True,Analysis_set,SPT53723,True,included_QC_cohort
SPT53724,1262-PF-KE-DONDORP-SM,Kenya,Kilifi,2018.0,True,Analysis_set,"SPT53724,SPT53725",True,included_QC_cohort
SPT53725,1262-PF-KE-DONDORP-SM,Kenya,Kilifi,2018.0,False,Lower_covered_duplicate,"SPT53724,SPT53725",False,excluded_QC
SPT53726,1262-PF-KE-DONDORP-SM,Kenya,Kilifi,2018.0,True,Analysis_set,SPT53726,True,included_QC_cohort
SPT53727,1262-PF-KE-DONDORP-SM,Kenya,Kilifi,2018.0,True,Analysis_set,SPT53727,True,included_QC_cohort
SPT53728,1262-PF-KE-DONDORP-SM,Kenya,Kilifi,2018.0,True,Analysis_set,SPT53728,True,included_QC_cohort
SPT53729,1262-PF-KE-DONDORP-SM,Kenya,Kilifi,2018.0,True,Analysis_set,"SPT53729,SPT53730",True,included_QC_cohort
SPT53730,1262-PF-KE-DONDORP-SM,Kenya,Kilifi,2018.0,False,Lower_covered_duplicate,"SPT53729,SPT53730",False,excluded_QC
SPT53731,1262-PF-KE-DONDORP-SM,Kenya,Kilifi,2018.0,True,Analysis_set,SPT53731,True,included_QC_cohort
SPT53732,1262-PF-KE-DONDORP-SM,Kenya,Kilifi,2018.0,True,Analysis_set,SPT53732,True,included_QC_cohort
SPT53733,1262-PF-KE-DONDORP-SM,Kenya,Kilifi,2018.0,True,Analysis_set,SPT53733,True,included_QC_cohort
SPT53734,1262-PF-KE-DONDORP-SM,Kenya,Kilifi,2018.0,True,Analysis_set,"SPT53734,SPT53735",True,included_QC_cohort
SPT53735,1262-PF-KE-DONDORP-SM,Kenya,Kilifi,2018.0,False,Lower_covered_duplicate,"SPT53734,SPT53735",False,excluded_QC
SPT53736,1262-PF-KE-DONDORP-SM,Kenya,Kilifi,2018.0,True,Analysis_set,SPT53736,True,included_QC_cohort
SPT53737,1262-PF-KE-DONDORP-SM,Kenya,Kilifi,2018.0,True,Analysis_set,SPT53737,True,included_QC_cohort
SPT53738,1262-PF-KE-DONDORP-SM,Kenya,Kilifi,2018.0,True,Analysis_set,SPT53738,True,included_QC_cohort
SPT53739,1262-PF-KE-DONDORP-SM,Kenya,Kilifi,2018.0,True,Analysis_set,"SPT53739,SPT53740",True,included_QC_cohort
SPT53740,1262-PF-KE-DONDORP-SM,Kenya,Kilifi,2018.0,False,Lower_covered_duplicate,"SPT53739,SPT53740",False,excluded_QC
SPT53741,1262-PF-KE-DONDORP-SM,Kenya,Kilifi,2018.0,True,Analysis_set,SPT53741,True,included_QC_cohort
SPT53742,1262-PF-KE-DONDORP-SM,Kenya,Kilifi,2018.0,False,Lower_covered_duplicate,"SPT53742,SPT53743",False,excluded_QC
SPT53743,1262-PF-KE-DONDORP-SM,Kenya,Kilifi,2018.0,True,Analysis_set,"SPT53742,SPT53743",True,included_QC_cohort
SPT53744,1262-PF-KE-DONDORP-SM,Kenya,Kilifi,2018.0,True,Analysis_set,SPT53744,True,included_QC_cohort
SPT53745,1262-PF-KE-DONDORP-SM,Kenya,Kilifi,2018.0,True,Analysis_set,SPT53745,True,included_QC_cohort
SPT53746,1262-PF-KE-DONDORP-SM,Kenya,Kilifi,2018.0,True,Analysis_set,SPT53746,True,included_QC_cohort
SPT53747,1262-PF-KE-DONDORP-SM,Kenya,Kilifi,2018.0,True,Analysis_set,SPT53747,True,included_QC_cohort
SPT53748,1262-PF-KE-DONDORP-SM,Kenya,Kilifi,2018.0,True,Analysis_set,"SPT53748,SPT53749",True,included_QC_cohort
SPT53749,1262-PF-KE-DONDORP-SM,Kenya,Kilifi,2018.0,False,Lower_covered_duplicate,"SPT53748,SPT53749",False,excluded_QC
SPT53750,1262-PF-KE-DONDORP-SM,Kenya,Kilifi,2018.0,True,Analysis_set,"SPT53750,SPT53751",True,included_QC_cohort
SPT53751,1262-PF-KE-DONDORP-SM,Kenya,Kilifi,2018.0,False,Lower_covered_duplicate,"SPT53750,SPT53751",False,excluded_QC
SPT53752,1262-PF-KE-DONDORP-SM,Kenya,Kilifi,2018.0,True,Analysis_set,SPT53752,True,included_QC_cohort
SPT53753,1262-PF-KE-DONDORP-SM,Kenya,Kilifi,2018.0,True,Analysis_set,SPT53753,True,included_QC_cohort
SPT53754,1262-PF-KE-DONDORP-SM,Kenya,Kilifi,2018.0,True,Analysis_set,SPT53754,True,included_QC_cohort
SPT53755,1262-PF-KE-DONDORP-SM,Kenya,Kilifi,2018.0,True,Analysis_set,SPT53755,True,included_QC_cohort
SPT53756,1262-PF-KE-DONDORP-SM,Kenya,Kilifi,2018.0,True,Analysis_set,SPT53756,True,included_QC_cohort
SPT53758,1262-PF-KE-DONDORP-SM,Kenya,Kilifi,2018.0,True,Analysis_set,SPT53758,True,included_QC_cohort
SPT53759,1262-PF-KE-DONDORP-SM,Kenya,Kilifi,2018.0,True,Analysis_set,SPT53759,True,included_QC_cohort
SPT53760,1262-PF-KE-DONDORP-SM,Kenya,Kilifi,2018.0,True,Analysis_set,SPT53760,True,included_QC_cohort
SPT53761,1262-PF-KE-DONDORP-SM,Kenya,Kilifi,2018.0,True,Analysis_set,SPT53761,True,included_QC_cohort
SPT53762,1262-PF-KE-DONDORP-SM,Kenya,Kilifi,2018.0,True,Analysis_set,SPT53762,True,included_QC_cohort
SPT53763,1262-PF-KE-DONDORP-SM,Kenya,Kilifi,2018.0,True,Analysis_set,SPT53763,True,included_QC_cohort
SPT53764,1262-PF-KE-DONDORP-SM,Kenya,Kilifi,2018.0,True,Analysis_set,SPT53764,True,included_QC_cohort
SPT53765,1262-PF-KE-DONDORP-SM,Kenya,Kilifi,2018.0,True,Analysis_set,SPT53765,True,included_QC_cohort
SPT53766,1262-PF-KE-DONDORP-SM,Kenya,Kilifi,2018.0,True,Analysis_set,SPT53766,True,included_QC_cohort
SPT53767,1262-PF-KE-DONDORP-SM,Kenya,Kilifi,2018.0,True,Analysis_set,"SPT53767,SPT53768",True,included_QC_cohort
SPT53768,1262-PF-KE-DONDORP-SM,Kenya,Kilifi,2018.0,False,Lower_covered_duplicate,"SPT53767,SPT53768",False,excluded_QC
SPT53769,1262-PF-KE-DONDORP-SM,Kenya,Kilifi,2018.0,True,Analysis_set,SPT53769,True,included_QC_cohort
SPT53770,1262-PF-KE-DONDORP-SM,Kenya,Kilifi,2018.0,True,Analysis_set,SPT53770,True,included_QC_cohort
SPT53771,1262-PF-KE-DONDORP-SM,Kenya,Kilifi,2018.0,True,Analysis_set,SPT53771,True,included_QC_cohort
SPT53772,1262-PF-KE-DONDORP-SM,Kenya,Kilifi,2018.0,True,Analysis_set,"SPT53772,SPT53773",True,included_QC_cohort
SPT53773,1262-PF-KE-DONDORP-SM,Kenya,Kilifi,2018.0,False,Lower_covered_duplicate,"SPT53772,SPT53773",False,excluded_QC
SPT53774,1262-PF-KE-DONDORP-SM,Kenya,Kilifi,2018.0,True,Analysis_set,SPT53774,True,included_QC_cohort
SPT53775,1262-PF-KE-DONDORP-SM,Kenya,Kilifi,2018.0,True,Analysis_set,"SPT53775,SPT53776",True,included_QC_cohort
SPT53776,1262-PF-KE-DONDORP-SM,Kenya,Kilifi,2018.0,False,Lower_covered_duplicate,"SPT53775,SPT53776",False,excluded_QC
SPT53777,1262-PF-KE-DONDORP-SM,Kenya,Kilifi,2018.0,True,Analysis_set,SPT53777,True,included_QC_cohort
SPT53778,1262-PF-KE-DONDORP-SM,Kenya,Kilifi,2018.0,True,Analysis_set,"SPT53778,SPT53779",True,included_QC_cohort
SPT53779,1262-PF-KE-DONDORP-SM,Kenya,Kilifi,2018.0,False,Lower_covered_duplicate,"SPT53778,SPT53779",False,excluded_QC
SPT53780,1262-PF-KE-DONDORP-SM,Kenya,Kilifi,2018.0,True,Analysis_set,SPT53780,True,included_QC_cohort
SPT53781,1262-PF-KE-DONDORP-SM,Kenya,Kilifi,2018.0,True,Analysis_set,"SPT53781,SPT53782",True,included_QC_cohort
SPT53782,1262-PF-KE-DONDORP-SM,Kenya,Kilifi,2018.0,False,Lower_covered_duplicate,"SPT53781,SPT53782",False,excluded_QC
SPT53783,1262-PF-KE-DONDORP-SM,Kenya,Kilifi,2018.0,True,Analysis_set,SPT53783,True,included_QC_cohort
SPT53784,1262-PF-KE-DONDORP-SM,Kenya,Kilifi,2018.0,True,Analysis_set,SPT53784,True,included_QC_cohort
SPT53785,1262-PF-KE-DONDORP-SM,Kenya,Kilifi,2018.0,True,Analysis_set,SPT53785,True,included_QC_cohort
SPT53786,1262-PF-KE-DONDORP-SM,Kenya,Kilifi,2018.0,True,Analysis_set,SPT53786,True,included_QC_cohort
SPT53787,1262-PF-KE-DONDORP-SM,Kenya,Kilifi,2018.0,True,Analysis_set,SPT53787,True,included_QC_cohort
SPT53788,1262-PF-KE-DONDORP-SM,Kenya,Kilifi,2018.0,True,Analysis_set,SPT53788,True,included_QC_cohort
SPT53789,1262-PF-KE-DONDORP-SM,Kenya,Kilifi,2018.0,False,Lower_covered_duplicate,"SPT53789,SPT53790",False,excluded_QC
SPT53790,1262-PF-KE-DONDORP-SM,Kenya,Kilifi,2018.0,True,Analysis_set,"SPT53789,SPT53790",True,included_QC_cohort
SPT53791,1262-PF-KE-DONDORP-SM,Kenya,Kilifi,2018.0,True,Analysis_set,SPT53791,True,included_QC_cohort
SPT53792,1262-PF-KE-DONDORP-SM,Kenya,Kilifi,2018.0,True,Analysis_set,SPT53792,True,included_QC_cohort
SPT53793,1262-PF-KE-DONDORP-SM,Kenya,Kilifi,2018.0,True,Analysis_set,"SPT53793,SPT53794",True,included_QC_cohort
SPT53794,1262-PF-KE-DONDORP-SM,Kenya,Kilifi,2018.0,False,Lower_covered_duplicate,"SPT53793,SPT53794",False,excluded_QC
SPT53795,1262-PF-KE-DONDORP-SM,Kenya,Kilifi,2018.0,True,Analysis_set,SPT53795,True,included_QC_cohort
SPT53796,1262-PF-KE-DONDORP-SM,Kenya,Kilifi,2018.0,True,Analysis_set,SPT53796,True,included_QC_cohort
SPT53797,1262-PF-KE-DONDORP-SM,Kenya,Kilifi,2018.0,True,Analysis_set,"SPT53797,SPT53798",True,included_QC_cohort
SPT53798,1262-PF-KE-DONDORP-SM,Kenya,Kilifi,2018.0,False,Lower_covered_duplicate,"SPT53797,SPT53798",False,excluded_QC
SPT53799,1262-PF-KE-DONDORP-SM,Kenya,Kilifi,2018.0,True,Analysis_set,SPT53799,True,included_QC_cohort
SPT53800,1262-PF-KE-DONDORP-SM,Kenya,Kilifi,2018.0,True,Analysis_set,SPT53800,True,included_QC_cohort
SPT53801,1262-PF-KE-DONDORP-SM,Kenya,Kilifi,2018.0,True,Analysis_set,SPT53801,True,included_QC_cohort
SPT53802,1262-PF-KE-DONDORP-SM,Kenya,Kilifi,2018.0,True,Analysis_set,SPT53802,True,included_QC_cohort
SPT53803,1262-PF-KE-DONDORP-SM,Kenya,Kilifi,2018.0,True,Analysis_set,SPT53803,True,included_QC_cohort
SPT53804,1262-PF-KE-DONDORP-SM,Kenya,Kilifi,2018.0,True,Analysis_set,SPT53804,True,included_QC_cohort
SPT53805,1262-PF-KE-DONDORP-SM,Kenya,Kilifi,2018.0,True,Analysis_set,SPT53805,True,included_QC_cohort
SPT53806,1262-PF-KE-DONDORP-SM,Kenya,Kilifi,2018.0,True,Analysis_set,SPT53806,True,included_QC_cohort
SPT53807,1262-PF-KE-DONDORP-SM,Kenya,Kilifi,2018.0,True,Analysis_set,SPT53807,True,included_QC_cohort
SPT53809,1262-PF-KE-DONDORP-SM,Kenya,Kilifi,2018.0,True,Analysis_set,SPT53809,True,included_QC_cohort
SPT53810,1262-PF-KE-DONDORP-SM,Kenya,Kilifi,2018.0,True,Analysis_set,"SPT53810,SPT53811",True,included_QC_cohort
SPT53811,1262-PF-KE-DONDORP-SM,Kenya,Kilifi,2018.0,False,Lower_covered_duplicate,"SPT53810,SPT53811",False,excluded_QC
SPT53812,1262-PF-KE-DONDORP-SM,Kenya,Kilifi,2018.0,False,Lower_covered_duplicate,"SPT53812,SPT53813",False,excluded_QC
SPT53813,1262-PF-KE-DONDORP-SM,Kenya,Kilifi,2018.0,True,Analysis_set,"SPT53812,SPT53813",True,included_QC_cohort
SPT53814,1262-PF-KE-DONDORP-SM,Kenya,Kilifi,2018.0,True,Analysis_set,SPT53814,True,included_QC_cohort
SPT53815,1262-PF-KE-DONDORP-SM,Kenya,Kilifi,2018.0,True,Analysis_set,"SPT53815,SPT53816",True,included_QC_cohort
SPT53816,1262-PF-KE-DONDORP-SM,Kenya,Kilifi,2018.0,False,Lower_covered_duplicate,"SPT53815,SPT53816",False,excluded_QC
SPT53817,1262-PF-KE-DONDORP-SM,Kenya,Kilifi,2018.0,True,Analysis_set,"SPT53817,SPT53818",True,included_QC_cohort
SPT53818,1262-PF-KE-DONDORP-SM,Kenya,Kilifi,2018.0,False,Lower_covered_duplicate,"SPT53817,SPT53818",False,excluded_QC
SPT53819,1262-PF-KE-DONDORP-SM,Kenya,Kilifi,2018.0,True,Analysis_set,SPT53819,True,included_QC_cohort
SPT53820,1262-PF-KE-DONDORP-SM,Kenya,Kilifi,2018.0,False,Lower_covered_duplicate,"SPT53820,SPT53821",False,excluded_QC
SPT53821,1262-PF-KE-DONDORP-SM,Kenya,Kilifi,2018.0,True,Analysis_set,"SPT53820,SPT53821",True,included_QC_cohort
SPT53822,1262-PF-KE-DONDORP-SM,Kenya,Kilifi,2018.0,True,Analysis_set,SPT53822,True,included_QC_cohort
SPT53823,1262-PF-KE-DONDORP-SM,Kenya,Kilifi,2018.0,True,Analysis_set,SPT53823,True,included_QC_cohort
SPT53824,1262-PF-KE-DONDORP-SM,Kenya,Kilifi,2018.0,True,Analysis_set,SPT53824,True,included_QC_cohort
SPT53825,1262-PF-KE-DONDORP-SM,Kenya,Kilifi,2018.0,True,Analysis_set,SPT53825,True,included_QC_cohort
SPT53826,1262-PF-KE-DONDORP-SM,Kenya,Kilifi,2018.0,True,Analysis_set,SPT53826,True,included_QC_cohort
SPT53827,1262-PF-KE-DONDORP-SM,Kenya,Kilifi,2018.0,True,Analysis_set,SPT53827,True,included_QC_cohort
SPT53828,1262-PF-KE-DONDORP-SM,Kenya,Kilifi,2018.0,True,Analysis_set,SPT53828,True,included_QC_cohort
SPT53829,1262-PF-KE-DONDORP-SM,Kenya,Kilifi,2018.0,True,Analysis_set,SPT53829,True,included_QC_cohort
SPT53830,1262-PF-KE-DONDORP-SM,Kenya,Kilifi,2018.0,True,Analysis_set,"SPT53830,SPT53831",True,included_QC_cohort
SPT53831,1262-PF-KE-DONDORP-SM,Kenya,Kilifi,2018.0,False,Lower_covered_duplicate,"SPT53830,SPT53831",False,excluded_QC
SPT53832,1262-PF-KE-DONDORP-SM,Kenya,Kilifi,2018.0,True,Analysis_set,SPT53832,True,included_QC_cohort
SPT53833,1262-PF-KE-DONDORP-SM,Kenya,Kilifi,2018.0,True,Analysis_set,SPT53833,True,included_QC_cohort
SPT53834,1262-PF-KE-DONDORP-SM,Kenya,Kilifi,2018.0,True,Analysis_set,SPT53834,True,included_QC_cohort
SPT53835,1262-PF-KE-DONDORP-SM,Kenya,Kilifi,2018.0,False,Lower_covered_duplicate,"SPT53835,SPT53836",False,excluded_QC
SPT53836,1262-PF-KE-DONDORP-SM,Kenya,Kilifi,2018.0,True,Analysis_set,"SPT53835,SPT53836",True,included_QC_cohort
SPT53837,1262-PF-KE-DONDORP-SM,Kenya,Kilifi,2018.0,True,Analysis_set,SPT53837,True,included_QC_cohort
SPT53838,1262-PF-KE-DONDORP-SM,Kenya,Kilifi,2018.0,True,Analysis_set,SPT53838,True,included_QC_cohort
SPT53839,1262-PF-KE-DONDORP-SM,Kenya,Kilifi,2018.0,True,Analysis_set,SPT53839,True,included_QC_cohort
SPT53840,1262-PF-KE-DONDORP-SM,Kenya,Kilifi,2018.0,True,Analysis_set,"SPT53840,SPT53841",True,included_QC_cohort
SPT53841,1262-PF-KE-DONDORP-SM,Kenya,Kilifi,2018.0,False,Lower_covered_duplicate,"SPT53840,SPT53841",False,excluded_QC
SPT53842,1262-PF-KE-DONDORP-SM,Kenya,Kilifi,2018.0,True,Analysis_set,"SPT53842,SPT53843",True,included_QC_cohort
SPT53843,1262-PF-KE-DONDORP-SM,Kenya,Kilifi,2018.0,False,Lower_covered_duplicate,"SPT53842,SPT53843",False,excluded_QC
SPT53844,1262-PF-KE-DONDORP-SM,Kenya,Kilifi,2018.0,True,Analysis_set,SPT53844,True,included_QC_cohort
SPT53845,1262-PF-KE-DONDORP-SM,Kenya,Kilifi,2018.0,True,Analysis_set,"SPT53845,SPT53846",True,included_QC_cohort
SPT53846,1262-PF-KE-DONDORP-SM,Kenya,Kilifi,2018.0,False,Lower_covered_duplicate,"SPT53845,SPT53846",False,excluded_QC
SPT53847,1262-PF-KE-DONDORP-SM,Kenya,Kilifi,2018.0,True,Analysis_set,"SPT53847,SPT53848",True,included_QC_cohort
SPT53848,1262-PF-KE-DONDORP-SM,Kenya,Kilifi,2018.0,False,Lower_covered_duplicate,"SPT53847,SPT53848",False,excluded_QC
SPT53849,1262-PF-KE-DONDORP-SM,Kenya,Kilifi,2018.0,True,Analysis_set,SPT53849,True,included_QC_cohort
SPT53850,1262-PF-KE-DONDORP-SM,Kenya,Kilifi,2018.0,True,Analysis_set,SPT53850,True,included_QC_cohort
SPT53851,1262-PF-KE-DONDORP-SM,Kenya,Kilifi,2018.0,True,Analysis_set,SPT53851,True,included_QC_cohort
SPT53852,1262-PF-KE-DONDORP-SM,Kenya,Kilifi,2018.0,True,Analysis_set,"SPT53852,SPT53853",True,included_QC_cohort
SPT53853,1262-PF-KE-DONDORP-SM,Kenya,Kilifi,2018.0,False,Lower_covered_duplicate,"SPT53852,SPT53853",False,excluded_QC
SPT53854,1262-PF-KE-DONDORP-SM,Kenya,Kilifi,2018.0,True,Analysis_set,SPT53854,True,included_QC_cohort
SPT53856,1262-PF-KE-DONDORP-SM,Kenya,Kilifi,2018.0,True,Analysis_set,SPT53856,True,included_QC_cohort
SPT53857,1262-PF-KE-DONDORP-SM,Kenya,Kilifi,2018.0,True,Analysis_set,"SPT53857,SPT53858",True,included_QC_cohort
SPT53858,1262-PF-KE-DONDORP-SM,Kenya,Kilifi,2018.0,False,Lower_covered_duplicate,"SPT53857,SPT53858",False,excluded_QC
SPT53859,1262-PF-KE-DONDORP-SM,Kenya,Kilifi,2018.0,True,Analysis_set,SPT53859,True,included_QC_cohort
SPT53860,1262-PF-KE-DONDORP-SM,Kenya,Kilifi,2018.0,True,Analysis_set,SPT53860,True,included_QC_cohort
SPT53861,1262-PF-KE-DONDORP-SM,Kenya,Kilifi,2018.0,True,Analysis_set,"SPT53861,SPT53862",True,included_QC_cohort
SPT53862,1262-PF-KE-DONDORP-SM,Kenya,Kilifi,2018.0,False,Lower_covered_duplicate,"SPT53861,SPT53862",False,excluded_QC
SPT53863,1262-PF-KE-DONDORP-SM,Kenya,Kilifi,2018.0,False,Mixed_species,"SPT53863,SPT53864",False,excluded_QC
SPT53864,1262-PF-KE-DONDORP-SM,Kenya,Kilifi,2018.0,False,Lower_covered_duplicate,"SPT53863,SPT53864",False,excluded_QC
SPT53865,1262-PF-KE-DONDORP-SM,Kenya,Kilifi,2018.0,True,Analysis_set,"SPT53865,SPT53866",True,included_QC_cohort
SPT53866,1262-PF-KE-DONDORP-SM,Kenya,Kilifi,2018.0,False,Lower_covered_duplicate,"SPT53865,SPT53866",False,excluded_QC
SPT53867,1262-PF-KE-DONDORP-SM,Kenya,Kilifi,2018.0,True,Analysis_set,SPT53867,True,included_QC_cohort
SPT53868,1262-PF-KE-DONDORP-SM,Kenya,Kilifi,2018.0,True,Analysis_set,SPT53868,True,included_QC_cohort
SPT53869,1262-PF-KE-DONDORP-SM,Kenya,Kilifi,2018.0,True,Analysis_set,SPT53869,True,included_QC_cohort
SPT53870,1262-PF-KE-DONDORP-SM,Kenya,Kilifi,2018.0,False,Lower_covered_duplicate,"SPT53870,SPT53871",False,excluded_QC
SPT53871,1262-PF-KE-DONDORP-SM,Kenya,Kilifi,2018.0,True,Analysis_set,"SPT53870,SPT53871",True,included_QC_cohort
SPT53872,1262-PF-KE-DONDORP-SM,Kenya,Kilifi,2018.0,True,Analysis_set,"SPT53872,SPT53873",True,included_QC_cohort
SPT53873,1262-PF-KE-DONDORP-SM,Kenya,Kilifi,2018.0,False,Lower_covered_duplicate,"SPT53872,SPT53873",False,excluded_QC
SPT53874,1262-PF-KE-DONDORP-SM,Kenya,Kilifi,2018.0,True,Analysis_set,SPT53874,True,included_QC_cohort
SPT53875,1262-PF-KE-DONDORP-SM,Kenya,Kilifi,2018.0,True,Analysis_set,SPT53875,True,included_QC_cohort
SPT53876,1262-PF-KE-DONDORP-SM,Kenya,Kilifi,2018.0,True,Analysis_set,SPT53876,True,included_QC_cohort
SPT53877,1262-PF-KE-DONDORP-SM,Kenya,Kilifi,2018.0,True,Analysis_set,SPT53877,True,included_QC_cohort
SPT53878,1262-PF-KE-DONDORP-SM,Kenya,Kilifi,2018.0,True,Analysis_set,SPT53878,True,included_QC_cohort
SPT53879,1262-PF-KE-DONDORP-SM,Kenya,Kilifi,2018.0,True,Analysis_set,SPT53879,True,included_QC_cohort
SPT53880,1262-PF-KE-DONDORP-SM,Kenya,Kilifi,2018.0,True,Analysis_set,SPT53880,True,included_QC_cohort
SPT53881,1262-PF-KE-DONDORP-SM,Kenya,Kilifi,2018.0,True,Analysis_set,SPT53881,True,included_QC_cohort
SPT53882,1262-PF-KE-DONDORP-SM,Kenya,Kilifi,2018.0,True,Analysis_set,SPT53882,True,included_QC_cohort
SPT53883,1262-PF-KE-DONDORP-SM,Kenya,Kilifi,2018.0,True,Analysis_set,SPT53883,True,included_QC_cohort
SPT53884,1262-PF-KE-DONDORP-SM,Kenya,Kilifi,2018.0,True,Analysis_set,"SPT53884,SPT53885",True,included_QC_cohort
SPT53885,1262-PF-KE-DONDORP-SM,Kenya,Kilifi,2018.0,False,Lower_covered_duplicate,"SPT53884,SPT53885",False,excluded_QC
SPT53886,1262-PF-KE-DONDORP-SM,Kenya,Kilifi,2018.0,True,Analysis_set,SPT53886,True,included_QC_cohort
SPT53887,1262-PF-KE-DONDORP-SM,Kenya,Kilifi,2018.0,True,Analysis_set,SPT53887,True,included_QC_cohort
SPT53888,1262-PF-KE-DONDORP-SM,Kenya,Kilifi,2018.0,False,Lower_covered_duplicate,"SPT53888,SPT53889",False,excluded_QC
SPT53889,1262-PF-KE-DONDORP-SM,Kenya,Kilifi,2018.0,True,Analysis_set,"SPT53888,SPT53889",True,included_QC_cohort
SPT53890,1262-PF-KE-DONDORP-SM,Kenya,Kilifi,2018.0,False,Lower_covered_duplicate,"SPT53890,SPT53891",False,excluded_QC
SPT53891,1262-PF-KE-DONDORP-SM,Kenya,Kilifi,2018.0,True,Analysis_set,"SPT53890,SPT53891",True,included_QC_cohort
SPT53892,1262-PF-KE-DONDORP-SM,Kenya,Kilifi,2018.0,True,Analysis_set,"SPT53892,SPT53893",True,included_QC_cohort
SPT53893,1262-PF-KE-DONDORP-SM,Kenya,Kilifi,2018.0,False,Lower_covered_duplicate,"SPT53892,SPT53893",False,excluded_QC
SPT53894,1262-PF-KE-DONDORP-SM,Kenya,Kilifi,2018.0,True,Analysis_set,SPT53894,True,included_QC_cohort
SPT53895,1262-PF-KE-DONDORP-SM,Kenya,Kilifi,2018.0,True,Analysis_set,"SPT53895,SPT53896",True,included_QC_cohort
SPT53896,1262-PF-KE-DONDORP-SM,Kenya,Kilifi,2018.0,False,Lower_covered_duplicate,"SPT53895,SPT53896",False,excluded_QC
SPT53897,1262-PF-KE-DONDORP-SM,Kenya,Kilifi,2018.0,True,Analysis_set,SPT53897,True,included_QC_cohort
SPT53898,1262-PF-KE-DONDORP-SM,Kenya,Kilifi,2018.0,True,Analysis_set,SPT53898,True,included_QC_cohort
SPT53899,1262-PF-KE-DONDORP-SM,Kenya,Kilifi,2018.0,True,Analysis_set,SPT53899,True,included_QC_cohort
SPT53900,1262-PF-KE-DONDORP-SM,Kenya,Kilifi,2018.0,True,Analysis_set,SPT53900,True,included_QC_cohort
SPT53901,1262-PF-KE-DONDORP-SM,Kenya,Kilifi,2018.0,True,Analysis_set,SPT53901,True,included_QC_cohort
SPT53902,1262-PF-KE-DONDORP-SM,Kenya,Kilifi,2018.0,True,Analysis_set,SPT53902,True,included_QC_cohort
SPT53903,1262-PF-KE-DONDORP-SM,Kenya,Kilifi,2018.0,True,Analysis_set,SPT53903,True,included_QC_cohort
SPT53904,1262-PF-KE-DONDORP-SM,Kenya,Kilifi,2018.0,True,Analysis_set,SPT53904,True,included_QC_cohort
SPT53905,1262-PF-KE-DONDORP-SM,Kenya,Kilifi,2018.0,True,Analysis_set,SPT53905,True,included_QC_cohort
SPT53906,1262-PF-KE-DONDORP-SM,Kenya,Kilifi,2018.0,True,Analysis_set,SPT53906,True,included_QC_cohort
SPT53907,1262-PF-KE-DONDORP-SM,Kenya,Kilifi,2018.0,True,Analysis_set,SPT53907,True,included_QC_cohort
SPT53908,1262-PF-KE-DONDORP-SM,Kenya,Kilifi,2018.0,False,Lower_covered_duplicate,"SPT53908,SPT53909",False,excluded_QC
SPT53909,1262-PF-KE-DONDORP-SM,Kenya,Kilifi,2018.0,True,Analysis_set,"SPT53908,SPT53909",True,included_QC_cohort
SPT53910,1262-PF-KE-DONDORP-SM,Kenya,Kilifi,2018.0,True,Analysis_set,SPT53910,True,included_QC_cohort
SPT53911,1262-PF-KE-DONDORP-SM,Kenya,Kilifi,2018.0,True,Analysis_set,SPT53911,True,included_QC_cohort
SPT53912,1262-PF-KE-DONDORP-SM,Kenya,Kilifi,2018.0,True,Analysis_set,SPT53912,True,included_QC_cohort
SPT53913,1262-PF-KE-DONDORP-SM,Kenya,Kilifi,2018.0,False,Mixed_species,SPT53913,False,excluded_QC
SPT53914,1262-PF-KE-DONDORP-SM,Kenya,Kilifi,2018.0,True,Analysis_set,SPT53914,True,included_QC_cohort
SPT53915,1262-PF-KE-DONDORP-SM,Kenya,Kilifi,2018.0,True,Analysis_set,SPT53915,True,included_QC_cohort
SPT53916,1262-PF-KE-DONDORP-SM,Kenya,Kilifi,2018.0,True,Analysis_set,SPT53916,True,included_QC_cohort
SPT53917,1262-PF-KE-DONDORP-SM,Kenya,Kilifi,2018.0,True,Analysis_set,SPT53917,True,included_QC_cohort
SPT53918,1262-PF-KE-DONDORP-SM,Kenya,Kilifi,2018.0,True,Analysis_set,"SPT53918,SPT53919",True,included_QC_cohort
SPT53919,1262-PF-KE-DONDORP-SM,Kenya,Kilifi,2018.0,False,Lower_covered_duplicate,"SPT53918,SPT53919",False,excluded_QC
SPT53920,1262-PF-KE-DONDORP-SM,Kenya,Kilifi,2018.0,True,Analysis_set,"SPT53920,SPT53921",True,included_QC_cohort
SPT53921,1262-PF-KE-DONDORP-SM,Kenya,Kilifi,2018.0,False,Lower_covered_duplicate,"SPT53920,SPT53921",False,excluded_QC
SPT53922,1262-PF-KE-DONDORP-SM,Kenya,Kilifi,2019.0,True,Analysis_set,SPT53922,True,included_QC_cohort
SPT53923,1262-PF-KE-DONDORP-SM,Kenya,Kilifi,2019.0,True,Analysis_set,SPT53923,True,included_QC_cohort
SPT53924,1262-PF-KE-DONDORP-SM,Kenya,Kilifi,2019.0,True,Analysis_set,SPT53924,True,included_QC_cohort
SPT53925,1262-PF-KE-DONDORP-SM,Kenya,Kilifi,2019.0,True,Analysis_set,SPT53925,True,included_QC_cohort
SPT53926,1262-PF-KE-DONDORP-SM,Kenya,Kilifi,2019.0,True,Analysis_set,SPT53926,True,included_QC_cohort
SPT53927,1262-PF-KE-DONDORP-SM,Kenya,Kilifi,2019.0,True,Analysis_set,SPT53927,True,included_QC_cohort
SPT53928,1262-PF-KE-DONDORP-SM,Kenya,Kilifi,2019.0,True,Analysis_set,SPT53928,True,included_QC_cohort
SPT53929,1262-PF-KE-DONDORP-SM,Kenya,Kilifi,2019.0,True,Analysis_set,"SPT53929,SPT53930",True,included_QC_cohort
SPT53930,1262-PF-KE-DONDORP-SM,Kenya,Kilifi,2019.0,False,Lower_covered_duplicate,"SPT53929,SPT53930",False,excluded_QC
SPT53931,1262-PF-KE-DONDORP-SM,Kenya,Kilifi,2019.0,True,Analysis_set,SPT53931,True,included_QC_cohort
SPT53932,1262-PF-KE-DONDORP-SM,Kenya,Kilifi,2019.0,True,Analysis_set,SPT53932,True,included_QC_cohort
SPT53933,1262-PF-KE-DONDORP-SM,Kenya,Kilifi,2019.0,True,Analysis_set,SPT53933,True,included_QC_cohort
SPT53934,1262-PF-KE-DONDORP-SM,Kenya,Kilifi,2019.0,True,Analysis_set,SPT53934,True,included_QC_cohort
SPT53935,1262-PF-KE-DONDORP-SM,Kenya,Kilifi,2019.0,True,Analysis_set,SPT53935,True,included_QC_cohort
SPT53936,1262-PF-KE-DONDORP-SM,Kenya,Kilifi,2019.0,True,Analysis_set,SPT53936,True,included_QC_cohort
SPT53937,1262-PF-KE-DONDORP-SM,Kenya,Kilifi,2019.0,False,Lower_covered_duplicate,"SPT53937,SPT53938",False,excluded_QC
SPT53938,1262-PF-KE-DONDORP-SM,Kenya,Kilifi,2019.0,True,Analysis_set,"SPT53937,SPT53938",True,included_QC_cohort
SPT53939,1262-PF-KE-DONDORP-SM,Kenya,Kilifi,2019.0,True,Analysis_set,SPT53939,True,included_QC_cohort
SPT53940,1262-PF-KE-DONDORP-SM,Kenya,Kilifi,2019.0,True,Analysis_set,SPT53940,True,included_QC_cohort
SPT53942,1262-PF-KE-DONDORP-SM,Kenya,Kilifi,2019.0,True,Analysis_set,SPT53942,True,included_QC_cohort
SPT53943,1262-PF-KE-DONDORP-SM,Kenya,Kilifi,2019.0,True,Analysis_set,SPT53943,True,included_QC_cohort
SPT53944,1262-PF-KE-DONDORP-SM,Kenya,Kilifi,2019.0,True,Analysis_set,"SPT53944,SPT53945",True,included_QC_cohort
SPT53945,1262-PF-KE-DONDORP-SM,Kenya,Kilifi,2019.0,False,Lower_covered_duplicate,"SPT53944,SPT53945",False,excluded_QC
SPT53946,1262-PF-KE-DONDORP-SM,Kenya,Kilifi,2019.0,True,Analysis_set,SPT53946,True,included_QC_cohort
SPT53947,1262-PF-KE-DONDORP-SM,Kenya,Kilifi,2019.0,True,Analysis_set,SPT53947,True,included_QC_cohort
SPT53948,1262-PF-KE-DONDORP-SM,Kenya,Kilifi,2019.0,True,Analysis_set,SPT53948,True,included_QC_cohort
SPT53949,1262-PF-KE-DONDORP-SM,Kenya,Kilifi,2019.0,True,Analysis_set,SPT53949,True,included_QC_cohort
SPT53950,1262-PF-KE-DONDORP-SM,Kenya,Kilifi,2019.0,True,Analysis_set,SPT53950,True,included_QC_cohort
SPT53951,1262-PF-KE-DONDORP-SM,Kenya,Kilifi,2019.0,True,Analysis_set,SPT53951,True,included_QC_cohort
SPT53952,1262-PF-KE-DONDORP-SM,Kenya,Kilifi,2019.0,True,Analysis_set,SPT53952,True,included_QC_cohort
SPT53953,1262-PF-KE-DONDORP-SM,Kenya,Kilifi,2019.0,True,Analysis_set,SPT53953,True,included_QC_cohort
SPT53954,1262-PF-KE-DONDORP-SM,Kenya,Kilifi,2019.0,True,Analysis_set,SPT53954,True,included_QC_cohort
SPT53955,1262-PF-KE-DONDORP-SM,Kenya,Kilifi,2019.0,True,Analysis_set,SPT53955,True,included_QC_cohort
SPT53956,1262-PF-KE-DONDORP-SM,Kenya,Kilifi,2019.0,True,Analysis_set,SPT53956,True,included_QC_cohort
SPT53957,1262-PF-KE-DONDORP-SM,Kenya,Kilifi,2019.0,True,Analysis_set,SPT53957,True,included_QC_cohort
SPT53958,1262-PF-KE-DONDORP-SM,Kenya,Kilifi,2019.0,True,Analysis_set,SPT53958,True,included_QC_cohort
SPT53959,1262-PF-KE-DONDORP-SM,Kenya,Kilifi,2019.0,True,Analysis_set,SPT53959,True,included_QC_cohort
SPT53960,1262-PF-KE-DONDORP-SM,Kenya,Kilifi,2019.0,True,Analysis_set,SPT53960,True,included_QC_cohort
SPT66876,1132-PF-K1000G-DBS-KE-BEJON,Kenya,Kilifi,2019.0,True,Analysis_set,SPT66876,True,included_QC_cohort
SPT66877,1132-PF-K1000G-DBS-KE-BEJON,Kenya,Kilifi,2019.0,True,Analysis_set,SPT66877,True,included_QC_cohort
SPT66878,1132-PF-K1000G-DBS-KE-BEJON,Kenya,Kilifi,2020.0,True,Analysis_set,SPT66878,True,included_QC_cohort
SPT66879,1132-PF-K1000G-DBS-KE-BEJON,Kenya,Kilifi,2020.0,True,Analysis_set,SPT66879,True,included_QC_cohort
SPT66880,1132-PF-K1000G-DBS-KE-BEJON,Kenya,Kilifi,2020.0,True,Analysis_set,SPT66880,True,included_QC_cohort
SPT66881,1132-PF-K1000G-DBS-KE-BEJON,Kenya,Kilifi,2019.0,False,Low_coverage,SPT66881,False,excluded_QC
SPT66882,1132-PF-K1000G-DBS-KE-BEJON,Kenya,Kilifi,2019.0,False,Low_coverage,SPT66882,False,excluded_QC
SPT66884,1132-PF-K1000G-DBS-KE-BEJON,Kenya,Kilifi,2019.0,False,High_num_singletons,SPT66884,False,excluded_QC
SPT66885,1132-PF-K1000G-DBS-KE-BEJON,Kenya,Kilifi,2019.0,False,Low_coverage,SPT66885,False,excluded_QC
SPT66886,1132-PF-K1000G-DBS-KE-BEJON,Kenya,Kilifi,2020.0,False,Low_coverage,SPT66886,False,excluded_QC
SPT66887,1132-PF-K1000G-DBS-KE-BEJON,Kenya,Kilifi,2020.0,True,Analysis_set,SPT66887,True,included_QC_cohort
SPT66888,1132-PF-K1000G-DBS-KE-BEJON,Kenya,Kilifi,2020.0,False,Low_coverage,SPT66888,False,excluded_QC
SPT66889,1132-PF-K1000G-DBS-KE-BEJON,Kenya,Kilifi,2020.0,True,Analysis_set,SPT66889,True,included_QC_cohort
SPT66890,1132-PF-K1000G-DBS-KE-BEJON,Kenya,Kilifi,2019.0,True,Analysis_set,SPT66890,True,included_QC_cohort
SPT66891,1132-PF-K1000G-DBS-KE-BEJON,Kenya,Kilifi,2019.0,True,Analysis_set,SPT66891,True,included_QC_cohort
SPT66892,1132-PF-K1000G-DBS-KE-BEJON,Kenya,Kilifi,2019.0,True,Analysis_set,SPT66892,True,included_QC_cohort
SPT66893,1132-PF-K1000G-DBS-KE-BEJON,Kenya,Kilifi,2019.0,True,Analysis_set,SPT66893,True,included_QC_cohort
SPT66894,1132-PF-K1000G-DBS-KE-BEJON,Kenya,Kilifi,2019.0,True,Analysis_set,SPT66894,True,included_QC_cohort
SPT66895,1132-PF-K1000G-DBS-KE-BEJON,Kenya,Kilifi,2019.0,True,Analysis_set,SPT66895,True,included_QC_cohort
SPT66896,1132-PF-K1000G-DBS-KE-BEJON,Kenya,Kilifi,2019.0,True,Analysis_set,SPT66896,True,included_QC_cohort
SPT66897,1132-PF-K1000G-DBS-KE-BEJON,Kenya,Kilifi,2019.0,True,Analysis_set,SPT66897,True,included_QC_cohort
SPT66898,1132-PF-K1000G-DBS-KE-BEJON,Kenya,Kilifi,2019.0,True,Analysis_set,SPT66898,True,included_QC_cohort
SPT66899,1132-PF-K1000G-DBS-KE-BEJON,Kenya,Kilifi,2019.0,True,Analysis_set,SPT66899,True,included_QC_cohort
SPT66900,1132-PF-K1000G-DBS-KE-BEJON,Kenya,Kilifi,2019.0,False,Mixed_species,SPT66900,False,excluded_QC
SPT66901,1132-PF-K1000G-DBS-KE-BEJON,Kenya,Kilifi,2019.0,True,Analysis_set,SPT66901,True,included_QC_cohort
SPT66902,1132-PF-K1000G-DBS-KE-BEJON,Kenya,Kilifi,2019.0,True,Analysis_set,SPT66902,True,included_QC_cohort
SPT66903,1132-PF-K1000G-DBS-KE-BEJON,Kenya,Kilifi,2019.0,False,Mixed_species,SPT66903,False,excluded_QC
SPT66904,1132-PF-K1000G-DBS-KE-BEJON,Kenya,Kilifi,2019.0,True,Analysis_set,SPT66904,True,included_QC_cohort
SPT66905,1132-PF-K1000G-DBS-KE-BEJON,Kenya,Kilifi,2019.0,True,Analysis_set,SPT66905,True,included_QC_cohort
SPT66906,1132-PF-K1000G-DBS-KE-BEJON,Kenya,Kilifi,2019.0,True,Analysis_set,SPT66906,True,included_QC_cohort
SPT66907,1132-PF-K1000G-DBS-KE-BEJON,Kenya,Kilifi,2019.0,True,Analysis_set,SPT66907,True,included_QC_cohort
SPT66908,1132-PF-K1000G-DBS-KE-BEJON,Kenya,Kilifi,2019.0,False,Low_coverage,SPT66908,False,excluded_QC
SPT66909,1132-PF-K1000G-DBS-KE-BEJON,Kenya,Kilifi,2019.0,False,High_num_singletons,SPT66909,False,excluded_QC
SPT66910,1132-PF-K1000G-DBS-KE-BEJON,Kenya,Kilifi,2019.0,False,High_num_singletons,SPT66910,False,excluded_QC
SPT66911,1132-PF-K1000G-DBS-KE-BEJON,Kenya,Kilifi,2019.0,False,Mixed_species,SPT66911,False,excluded_QC
SPT66912,1132-PF-K1000G-DBS-KE-BEJON,Kenya,Kilifi,2019.0,True,Analysis_set,SPT66912,True,included_QC_cohort
SPT66913,1132-PF-K1000G-DBS-KE-BEJON,Kenya,Kilifi,2019.0,True,Analysis_set,SPT66913,True,included_QC_cohort
SPT66914,1132-PF-K1000G-DBS-KE-BEJON,Kenya,Kilifi,2019.0,True,Analysis_set,SPT66914,True,included_QC_cohort
SPT66915,1132-PF-K1000G-DBS-KE-BEJON,Kenya,Kilifi,2019.0,True,Analysis_set,SPT66915,True,included_QC_cohort
SPT66916,1132-PF-K1000G-DBS-KE-BEJON,Kenya,Kilifi,2019.0,True,Analysis_set,SPT66916,True,included_QC_cohort
SPT66917,1132-PF-K1000G-DBS-KE-BEJON,Kenya,Kilifi,2019.0,True,Analysis_set,SPT66917,True,included_QC_cohort
SPT66918,1132-PF-K1000G-DBS-KE-BEJON,Kenya,Kilifi,2019.0,True,Analysis_set,SPT66918,True,included_QC_cohort
SPT66919,1132-PF-K1000G-DBS-KE-BEJON,Kenya,Kilifi,2019.0,True,Analysis_set,SPT66919,True,included_QC_cohort
SPT66920,1132-PF-K1000G-DBS-KE-BEJON,Kenya,Kilifi,2019.0,True,Analysis_set,SPT66920,True,included_QC_cohort
SPT66921,1132-PF-K1000G-DBS-KE-BEJON,Kenya,Kilifi,2019.0,True,Analysis_set,SPT66921,True,included_QC_cohort
SPT66922,1132-PF-K1000G-DBS-KE-BEJON,Kenya,Kilifi,2019.0,False,Mixed_species,SPT66922,False,excluded_QC
SPT66923,1132-PF-K1000G-DBS-KE-BEJON,Kenya,Kilifi,2019.0,True,Analysis_set,SPT66923,True,included_QC_cohort
SPT66924,1132-PF-K1000G-DBS-KE-BEJON,Kenya,Kilifi,2019.0,False,Low_coverage,SPT66924,False,excluded_QC
SPT66925,1132-PF-K1000G-DBS-KE-BEJON,Kenya,Kilifi,2019.0,True,Analysis_set,SPT66925,True,included_QC_cohort
SPT66926,1132-PF-K1000G-DBS-KE-BEJON,Kenya,Kilifi,2019.0,True,Analysis_set,SPT66926,True,included_QC_cohort
SPT66927,1132-PF-K1000G-DBS-KE-BEJON,Kenya,Kilifi,2019.0,True,Analysis_set,SPT66927,True,included_QC_cohort
SPT66928,1132-PF-K1000G-DBS-KE-BEJON,Kenya,Kilifi,2019.0,True,Analysis_set,SPT66928,True,included_QC_cohort
SPT66929,1132-PF-K1000G-DBS-KE-BEJON,Kenya,Kilifi,2019.0,True,Analysis_set,SPT66929,True,included_QC_cohort
SPT66930,1132-PF-K1000G-DBS-KE-BEJON,Kenya,Kilifi,2019.0,True,Analysis_set,SPT66930,True,included_QC_cohort
SPT66931,1132-PF-K1000G-DBS-KE-BEJON,Kenya,Kilifi,2019.0,True,Analysis_set,SPT66931,True,included_QC_cohort
SPT66932,1132-PF-K1000G-DBS-KE-BEJON,Kenya,Kilifi,2019.0,True,Analysis_set,SPT66932,True,included_QC_cohort
SPT66933,1132-PF-K1000G-DBS-KE-BEJON,Kenya,Kilifi,2019.0,True,Analysis_set,SPT66933,True,included_QC_cohort
SPT66934,1132-PF-K1000G-DBS-KE-BEJON,Kenya,Kilifi,2019.0,False,Low_coverage,SPT66934,False,excluded_QC
SPT66935,1132-PF-K1000G-DBS-KE-BEJON,Kenya,Kilifi,2019.0,True,Analysis_set,SPT66935,True,included_QC_cohort
SPT66936,1132-PF-K1000G-DBS-KE-BEJON,Kenya,Kilifi,2019.0,False,High_num_singletons,SPT66936,False,excluded_QC
SPT66937,1132-PF-K1000G-DBS-KE-BEJON,Kenya,Kilifi,2019.0,True,Analysis_set,SPT66937,True,included_QC_cohort
SPT66938,1132-PF-K1000G-DBS-KE-BEJON,Kenya,Kilifi,2019.0,True,Analysis_set,SPT66938,True,included_QC_cohort
SPT66939,1132-PF-K1000G-DBS-KE-BEJON,Kenya,Kilifi,2019.0,False,Mixed_species,SPT66939,False,excluded_QC
SPT66940,1132-PF-K1000G-DBS-KE-BEJON,Kenya,Kilifi,2019.0,True,Analysis_set,SPT66940,True,included_QC_cohort
SPT66941,1132-PF-K1000G-DBS-KE-BEJON,Kenya,Kilifi,2019.0,True,Analysis_set,SPT66941,True,included_QC_cohort
SPT66942,1132-PF-K1000G-DBS-KE-BEJON,Kenya,Kilifi,2019.0,False,Mixed_species,SPT66942,False,excluded_QC
SPT66943,1132-PF-K1000G-DBS-KE-BEJON,Kenya,Kilifi,2019.0,True,Analysis_set,SPT66943,True,included_QC_cohort
SPT66944,1132-PF-K1000G-DBS-KE-BEJON,Kenya,Kilifi,2019.0,True,Analysis_set,SPT66944,True,included_QC_cohort
SPT66945,1132-PF-K1000G-DBS-KE-BEJON,Kenya,Kilifi,2019.0,False,High_num_singletons,SPT66945,False,excluded_QC
SPT66946,1132-PF-K1000G-DBS-KE-BEJON,Kenya,Kilifi,2019.0,True,Analysis_set,SPT66946,True,included_QC_cohort
SPT66947,1132-PF-K1000G-DBS-KE-BEJON,Kenya,Kilifi,2019.0,True,Analysis_set,SPT66947,True,included_QC_cohort
SPT66948,1132-PF-K1000G-DBS-KE-BEJON,Kenya,Kilifi,2019.0,True,Analysis_set,SPT66948,True,included_QC_cohort
SPT66949,1132-PF-K1000G-DBS-KE-BEJON,Kenya,Kilifi,2019.0,True,Analysis_set,SPT66949,True,included_QC_cohort
SPT66950,1132-PF-K1000G-DBS-KE-BEJON,Kenya,Kilifi,2019.0,False,Low_coverage,SPT66950,False,excluded_QC
SPT66951,1132-PF-K1000G-DBS-KE-BEJON,Kenya,Kilifi,2019.0,True,Analysis_set,SPT66951,True,included_QC_cohort
SPT66952,1132-PF-K1000G-DBS-KE-BEJON,Kenya,Kilifi,2019.0,False,High_num_singletons,SPT66952,False,excluded_QC
SPT66953,1132-PF-K1000G-DBS-KE-BEJON,Kenya,Kilifi,2019.0,True,Analysis_set,SPT66953,True,included_QC_cohort
SPT66954,1132-PF-K1000G-DBS-KE-BEJON,Kenya,Kilifi,2019.0,True,Analysis_set,SPT66954,True,included_QC_cohort
SPT66955,1132-PF-K1000G-DBS-KE-BEJON,Kenya,Kilifi,2019.0,True,Analysis_set,SPT66955,True,included_QC_cohort
SPT66956,1132-PF-K1000G-DBS-KE-BEJON,Kenya,Kilifi,2019.0,True,Analysis_set,SPT66956,True,included_QC_cohort
SPT66957,1132-PF-K1000G-DBS-KE-BEJON,Kenya,Kilifi,2019.0,True,Analysis_set,SPT66957,True,included_QC_cohort
SPT66958,1132-PF-K1000G-DBS-KE-BEJON,Kenya,Kilifi,2019.0,True,Analysis_set,SPT66958,True,included_QC_cohort
SPT66959,1132-PF-K1000G-DBS-KE-BEJON,Kenya,Kilifi,2019.0,True,Analysis_set,SPT66959,True,included_QC_cohort
SPT66960,1132-PF-K1000G-DBS-KE-BEJON,Kenya,Kilifi,2019.0,True,Analysis_set,SPT66960,True,included_QC_cohort
SPT66961,1132-PF-K1000G-DBS-KE-BEJON,Kenya,Kilifi,2019.0,True,Analysis_set,SPT66961,True,included_QC_cohort
SPT66962,1132-PF-K1000G-DBS-KE-BEJON,Kenya,Kilifi,2019.0,True,Analysis_set,SPT66962,True,included_QC_cohort
SPT66963,1132-PF-K1000G-DBS-KE-BEJON,Kenya,Kilifi,2019.0,True,Analysis_set,SPT66963,True,included_QC_cohort
SPT66964,1132-PF-K1000G-DBS-KE-BEJON,Kenya,Kilifi,2019.0,True,Analysis_set,SPT66964,True,included_QC_cohort
SPT66965,1132-PF-K1000G-DBS-KE-BEJON,Kenya,Kilifi,2019.0,False,Low_coverage,SPT66965,False,excluded_QC
SPT66966,1132-PF-K1000G-DBS-KE-BEJON,Kenya,Kilifi,2019.0,True,Analysis_set,SPT66966,True,included_QC_cohort
SPT66967,1132-PF-K1000G-DBS-KE-BEJON,Kenya,Kilifi,2019.0,False,Low_coverage,SPT66967,False,excluded_QC
SPT66968,1132-PF-K1000G-DBS-KE-BEJON,Kenya,Kilifi,2019.0,True,Analysis_set,SPT66968,True,included_QC_cohort
SPT66969,1132-PF-K1000G-DBS-KE-BEJON,Kenya,Kilifi,2019.0,True,Analysis_set,SPT66969,True,included_QC_cohort
SPT66970,1132-PF-K1000G-DBS-KE-BEJON,Kenya,Kilifi,2019.0,True,Analysis_set,SPT66970,True,included_QC_cohort
SPT66971,1132-PF-K1000G-DBS-KE-BEJON,Kenya,Kilifi,2019.0,True,Analysis_set,SPT66971,True,included_QC_cohort
SPT66972,1132-PF-K1000G-DBS-KE-BEJON,Kenya,Kilifi,2019.0,False,Low_coverage,SPT66972,False,excluded_QC
SPT66973,1132-PF-K1000G-DBS-KE-BEJON,Kenya,Kilifi,2019.0,True,Analysis_set,SPT66973,True,included_QC_cohort
SPT66974,1132-PF-K1000G-DBS-KE-BEJON,Kenya,Kilifi,2019.0,True,Analysis_set,SPT66974,True,included_QC_cohort
SPT66975,1132-PF-K1000G-DBS-KE-BEJON,Kenya,Kilifi,2019.0,False,Low_coverage,SPT66975,False,excluded_QC
SPT66977,1132-PF-K1000G-DBS-KE-BEJON,Kenya,Kilifi,2019.0,True,Analysis_set,SPT66977,True,included_QC_cohort
SPT66978,1132-PF-K1000G-DBS-KE-BEJON,Kenya,Kilifi,2019.0,True,Analysis_set,SPT66978,True,included_QC_cohort
SPT66979,1132-PF-K1000G-DBS-KE-BEJON,Kenya,Kilifi,2019.0,True,Analysis_set,SPT66979,True,included_QC_cohort
SPT66980,1132-PF-K1000G-DBS-KE-BEJON,Kenya,Kilifi,2019.0,True,Analysis_set,SPT66980,True,included_QC_cohort
SPT66981,1132-PF-K1000G-DBS-KE-BEJON,Kenya,Kilifi,2019.0,False,Low_coverage,SPT66981,False,excluded_QC
SPT66982,1132-PF-K1000G-DBS-KE-BEJON,Kenya,Kilifi,2019.0,True,Analysis_set,SPT66982,True,included_QC_cohort
SPT66983,1132-PF-K1000G-DBS-KE-BEJON,Kenya,Kilifi,2019.0,True,Analysis_set,SPT66983,True,included_QC_cohort
SPT66984,1132-PF-K1000G-DBS-KE-BEJON,Kenya,Kilifi,2019.0,True,Analysis_set,SPT66984,True,included_QC_cohort
SPT66985,1132-PF-K1000G-DBS-KE-BEJON,Kenya,Kilifi,2019.0,True,Analysis_set,SPT66985,True,included_QC_cohort
SPT66986,1132-PF-K1000G-DBS-KE-BEJON,Kenya,Kilifi,2019.0,True,Analysis_set,SPT66986,True,included_QC_cohort
SPT66987,1132-PF-K1000G-DBS-KE-BEJON,Kenya,Kilifi,2019.0,True,Analysis_set,SPT66987,True,included_QC_cohort
SPT66988,1132-PF-K1000G-DBS-KE-BEJON,Kenya,Kilifi,2019.0,True,Analysis_set,SPT66988,True,included_QC_cohort
SPT66989,1132-PF-K1000G-DBS-KE-BEJON,Kenya,Kilifi,2019.0,True,Analysis_set,SPT66989,True,included_QC_cohort
SPT66990,1132-PF-K1000G-DBS-KE-BEJON,Kenya,Kilifi,2019.0,True,Analysis_set,SPT66990,True,included_QC_cohort
SPT66991,1132-PF-K1000G-DBS-KE-BEJON,Kenya,Kilifi,2019.0,True,Analysis_set,SPT66991,True,included_QC_cohort
SPT66992,1132-PF-K1000G-DBS-KE-BEJON,Kenya,Kilifi,2019.0,True,Analysis_set,SPT66992,True,included_QC_cohort
SPT66993,1132-PF-K1000G-DBS-KE-BEJON,Kenya,Kilifi,2019.0,True,Analysis_set,SPT66993,True,included_QC_cohort
SPT66994,1132-PF-K1000G-DBS-KE-BEJON,Kenya,Kilifi,2019.0,True,Analysis_set,SPT66994,True,included_QC_cohort
SPT66995,1132-PF-K1000G-DBS-KE-BEJON,Kenya,Kilifi,2019.0,True,Analysis_set,SPT66995,True,included_QC_cohort
SPT66996,1132-PF-K1000G-DBS-KE-BEJON,Kenya,Kilifi,2019.0,True,Analysis_set,SPT66996,True,included_QC_cohort
SPT66997,1132-PF-K1000G-DBS-KE-BEJON,Kenya,Kilifi,2019.0,True,Analysis_set,SPT66997,True,included_QC_cohort
SPT66998,1132-PF-K1000G-DBS-KE-BEJON,Kenya,Kilifi,2019.0,True,Analysis_set,SPT66998,True,included_QC_cohort
SPT66999,1132-PF-K1000G-DBS-KE-BEJON,Kenya,Kilifi,2019.0,True,Analysis_set,SPT66999,True,included_QC_cohort
SPT67000,1132-PF-K1000G-DBS-KE-BEJON,Kenya,Kilifi,2019.0,True,Analysis_set,SPT67000,True,included_QC_cohort
SPT67001,1132-PF-K1000G-DBS-KE-BEJON,Kenya,Kilifi,2019.0,True,Analysis_set,SPT67001,True,included_QC_cohort
SPT67002,1132-PF-K1000G-DBS-KE-BEJON,Kenya,Kilifi,2020.0,False,Low_coverage,SPT67002,False,excluded_QC
SPT67003,1132-PF-K1000G-DBS-KE-BEJON,Kenya,Kilifi,2020.0,True,Analysis_set,SPT67003,True,included_QC_cohort
SPT67004,1132-PF-K1000G-DBS-KE-BEJON,Kenya,Kilifi,2020.0,True,Analysis_set,SPT67004,True,included_QC_cohort
SPT67005,1132-PF-K1000G-DBS-KE-BEJON,Kenya,Kilifi,2020.0,False,High_num_singletons,SPT67005,False,excluded_QC
SPT67006,1132-PF-K1000G-DBS-KE-BEJON,Kenya,Kilifi,2020.0,True,Analysis_set,SPT67006,True,included_QC_cohort
SPT67007,1132-PF-K1000G-DBS-KE-BEJON,Kenya,Kilifi,2020.0,True,Analysis_set,SPT67007,True,included_QC_cohort
SPT67008,1132-PF-K1000G-DBS-KE-BEJON,Kenya,Kilifi,2020.0,True,Analysis_set,SPT67008,True,included_QC_cohort
SPT67009,1132-PF-K1000G-DBS-KE-BEJON,Kenya,Kilifi,2020.0,False,High_num_singletons,SPT67009,False,excluded_QC
SPT67010,1132-PF-K1000G-DBS-KE-BEJON,Kenya,Kilifi,2020.0,True,Analysis_set,SPT67010,True,included_QC_cohort
SPT67011,1132-PF-K1000G-DBS-KE-BEJON,Kenya,Kilifi,2020.0,True,Analysis_set,SPT67011,True,included_QC_cohort
SPT67012,1132-PF-K1000G-DBS-KE-BEJON,Kenya,Kilifi,2020.0,True,Analysis_set,SPT67012,True,included_QC_cohort
SPT67013,1132-PF-K1000G-DBS-KE-BEJON,Kenya,Kilifi,2020.0,True,Analysis_set,SPT67013,True,included_QC_cohort
SPT67014,1132-PF-K1000G-DBS-KE-BEJON,Kenya,Kilifi,2020.0,True,Analysis_set,SPT67014,True,included_QC_cohort
SPT67015,1132-PF-K1000G-DBS-KE-BEJON,Kenya,Kilifi,2020.0,True,Analysis_set,SPT67015,True,included_QC_cohort
SPT67016,1132-PF-K1000G-DBS-KE-BEJON,Kenya,Kilifi,2020.0,True,Analysis_set,SPT67016,True,included_QC_cohort
SPT67017,1132-PF-K1000G-DBS-KE-BEJON,Kenya,Kilifi,2020.0,False,Low_coverage,SPT67017,False,excluded_QC
SPT67018,1132-PF-K1000G-DBS-KE-BEJON,Kenya,Kilifi,2020.0,True,Analysis_set,SPT67018,True,included_QC_cohort
SPT67019,1132-PF-K1000G-DBS-KE-BEJON,Kenya,Kilifi,2020.0,True,Analysis_set,SPT67019,True,included_QC_cohort
SPT67020,1132-PF-K1000G-DBS-KE-BEJON,Kenya,Kilifi,2020.0,True,Analysis_set,SPT67020,True,included_QC_cohort
SPT67021,1132-PF-K1000G-DBS-KE-BEJON,Kenya,Kilifi,2019.0,True,Analysis_set,SPT67021,True,included_QC_cohort
SPT67022,1132-PF-K1000G-DBS-KE-BEJON,Kenya,Kilifi,2019.0,True,Analysis_set,SPT67022,True,included_QC_cohort
SPT67023,1132-PF-K1000G-DBS-KE-BEJON,Kenya,Kilifi,2019.0,True,Analysis_set,SPT67023,True,included_QC_cohort
SPT67024,1132-PF-K1000G-DBS-KE-BEJON,Kenya,Kilifi,2019.0,True,Analysis_set,SPT67024,True,included_QC_cohort
SPT67025,1132-PF-K1000G-DBS-KE-BEJON,Kenya,Kilifi,2019.0,True,Analysis_set,SPT67025,True,included_QC_cohort
SPT67026,1132-PF-K1000G-DBS-KE-BEJON,Kenya,Kilifi,2019.0,False,Low_coverage,SPT67026,False,excluded_QC
SPT67027,1132-PF-K1000G-DBS-KE-BEJON,Kenya,Kilifi,2019.0,True,Analysis_set,SPT67027,True,included_QC_cohort
SPT67028,1132-PF-K1000G-DBS-KE-BEJON,Kenya,Kilifi,2019.0,True,Analysis_set,SPT67028,True,included_QC_cohort
SPT67029,1132-PF-K1000G-DBS-KE-BEJON,Kenya,Kilifi,2019.0,True,Analysis_set,SPT67029,True,included_QC_cohort
SPT67030,1132-PF-K1000G-DBS-KE-BEJON,Kenya,Kilifi,2019.0,True,Analysis_set,SPT67030,True,included_QC_cohort
SPT67031,1132-PF-K1000G-DBS-KE-BEJON,Kenya,Kilifi,2019.0,True,Analysis_set,SPT67031,True,included_QC_cohort
SPT67032,1132-PF-K1000G-DBS-KE-BEJON,Kenya,Kilifi,2019.0,True,Analysis_set,SPT67032,True,included_QC_cohort
SPT67033,1132-PF-K1000G-DBS-KE-BEJON,Kenya,Kilifi,2019.0,True,Analysis_set,SPT67033,True,included_QC_cohort
SPT67034,1132-PF-K1000G-DBS-KE-BEJON,Kenya,Kilifi,2019.0,True,Analysis_set,SPT67034,True,included_QC_cohort
SPT67035,1132-PF-K1000G-DBS-KE-BEJON,Kenya,Kilifi,2019.0,False,Low_coverage,SPT67035,False,excluded_QC
SPT67036,1132-PF-K1000G-DBS-KE-BEJON,Kenya,Kilifi,2019.0,True,Analysis_set,SPT67036,True,included_QC_cohort
SPT67037,1132-PF-K1000G-DBS-KE-BEJON,Kenya,Kilifi,2019.0,True,Analysis_set,SPT67037,True,included_QC_cohort
SPT67038,1132-PF-K1000G-DBS-KE-BEJON,Kenya,Kilifi,2019.0,False,Mixed_species,SPT67038,False,excluded_QC
SPT67039,1132-PF-K1000G-DBS-KE-BEJON,Kenya,Kilifi,2019.0,True,Analysis_set,SPT67039,True,included_QC_cohort
SPT67040,1132-PF-K1000G-DBS-KE-BEJON,Kenya,Kilifi,2019.0,False,High_num_singletons,SPT67040,False,excluded_QC
SPT67041,1132-PF-K1000G-DBS-KE-BEJON,Kenya,Kilifi,2019.0,False,High_num_singletons,SPT67041,False,excluded_QC
SPT67042,1132-PF-K1000G-DBS-KE-BEJON,Kenya,Kilifi,2019.0,True,Analysis_set,SPT67042,True,included_QC_cohort
SPT67043,1132-PF-K1000G-DBS-KE-BEJON,Kenya,Kilifi,2019.0,True,Analysis_set,SPT67043,True,included_QC_cohort
SPT67044,1132-PF-K1000G-DBS-KE-BEJON,Kenya,Kilifi,2019.0,False,Mixed_species,SPT67044,False,excluded_QC
SPT67045,1132-PF-K1000G-DBS-KE-BEJON,Kenya,Kilifi,2019.0,True,Analysis_set,SPT67045,True,included_QC_cohort
SPT67046,1132-PF-K1000G-DBS-KE-BEJON,Kenya,Kilifi,2019.0,True,Analysis_set,SPT67046,True,included_QC_cohort
SPT67047,1132-PF-K1000G-DBS-KE-BEJON,Kenya,Kilifi,2019.0,False,High_num_singletons,SPT67047,False,excluded_QC
SPT67048,1132-PF-K1000G-DBS-KE-BEJON,Kenya,Kilifi,2019.0,True,Analysis_set,SPT67048,True,included_QC_cohort
SPT67049,1132-PF-K1000G-DBS-KE-BEJON,Kenya,Kilifi,2019.0,True,Analysis_set,SPT67049,True,included_QC_cohort
SPT67050,1132-PF-K1000G-DBS-KE-BEJON,Kenya,Kilifi,2019.0,True,Analysis_set,SPT67050,True,included_QC_cohort
SPT67051,1132-PF-K1000G-DBS-KE-BEJON,Kenya,Kilifi,2019.0,True,Analysis_set,SPT67051,True,included_QC_cohort
SPT67052,1132-PF-K1000G-DBS-KE-BEJON,Kenya,Kilifi,2019.0,True,Analysis_set,SPT67052,True,included_QC_cohort
SPT67053,1132-PF-K1000G-DBS-KE-BEJON,Kenya,Kilifi,2019.0,True,Analysis_set,SPT67053,True,included_QC_cohort
SPT67054,1132-PF-K1000G-DBS-KE-BEJON,Kenya,Kilifi,2019.0,True,Analysis_set,SPT67054,True,included_QC_cohort
SPT67055,1132-PF-K1000G-DBS-KE-BEJON,Kenya,Kilifi,2019.0,True,Analysis_set,SPT67055,True,included_QC_cohort
SPT67056,1132-PF-K1000G-DBS-KE-BEJON,Kenya,Kilifi,2019.0,False,Low_coverage,SPT67056,False,excluded_QC
SPT67057,1132-PF-K1000G-DBS-KE-BEJON,Kenya,Kilifi,2019.0,True,Analysis_set,SPT67057,True,included_QC_cohort
SPT67058,1132-PF-K1000G-DBS-KE-BEJON,Kenya,Kilifi,2019.0,True,Analysis_set,SPT67058,True,included_QC_cohort
SPT67059,1132-PF-K1000G-DBS-KE-BEJON,Kenya,Kilifi,2019.0,False,Low_coverage,SPT67059,False,excluded_QC
SPT67060,1132-PF-K1000G-DBS-KE-BEJON,Kenya,Kilifi,2019.0,False,High_num_singletons,SPT67060,False,excluded_QC
SPT67061,1132-PF-K1000G-DBS-KE-BEJON,Kenya,Kilifi,2019.0,False,Low_coverage,SPT67061,False,excluded_QC
SPT67062,1132-PF-K1000G-DBS-KE-BEJON,Kenya,Kilifi,2019.0,False,Low_coverage,SPT67062,False,excluded_QC
SPT67064,1132-PF-K1000G-DBS-KE-BEJON,Kenya,Kilifi,2019.0,False,Low_coverage,SPT67064,False,excluded_QC
SPT67065,1132-PF-K1000G-DBS-KE-BEJON,Kenya,Kilifi,2019.0,True,Analysis_set,SPT67065,True,included_QC_cohort
SPT67066,1132-PF-K1000G-DBS-KE-BEJON,Kenya,Kilifi,2019.0,True,Analysis_set,SPT67066,True,included_QC_cohort
SPT67067,1132-PF-K1000G-DBS-KE-BEJON,Kenya,Kilifi,2019.0,True,Analysis_set,SPT67067,True,included_QC_cohort
SPT67068,1132-PF-K1000G-DBS-KE-BEJON,Kenya,Kilifi,2019.0,False,Mixed_species,SPT67068,False,excluded_QC
SPT67069,1132-PF-K1000G-DBS-KE-BEJON,Kenya,Kilifi,2019.0,True,Analysis_set,SPT67069,True,included_QC_cohort
SPT67070,1132-PF-K1000G-DBS-KE-BEJON,Kenya,Kilifi,2019.0,True,Analysis_set,SPT67070,True,included_QC_cohort
SPT67071,1132-PF-K1000G-DBS-KE-BEJON,Kenya,Kilifi,2019.0,False,Low_coverage,SPT67071,False,excluded_QC
SPT67072,1132-PF-K1000G-DBS-KE-BEJON,Kenya,Kilifi,2019.0,True,Analysis_set,SPT67072,True,included_QC_cohort
SPT67073,1132-PF-K1000G-DBS-KE-BEJON,Kenya,Kilifi,2019.0,True,Analysis_set,SPT67073,True,included_QC_cohort
SPT67074,1132-PF-K1000G-DBS-KE-BEJON,Kenya,Kilifi,2019.0,True,Analysis_set,SPT67074,True,included_QC_cohort
SPT67075,1132-PF-K1000G-DBS-KE-BEJON,Kenya,Kilifi,2019.0,True,Analysis_set,SPT67075,True,included_QC_cohort
SPT67076,1132-PF-K1000G-DBS-KE-BEJON,Kenya,Kilifi,2019.0,True,Analysis_set,SPT67076,True,included_QC_cohort
SPT67077,1132-PF-K1000G-DBS-KE-BEJON,Kenya,Kilifi,2019.0,True,Analysis_set,SPT67077,True,included_QC_cohort
SPT67078,1132-PF-K1000G-DBS-KE-BEJON,Kenya,Kilifi,2019.0,True,Analysis_set,SPT67078,True,included_QC_cohort
SPT67079,1132-PF-K1000G-DBS-KE-BEJON,Kenya,Kilifi,2019.0,True,Analysis_set,SPT67079,True,included_QC_cohort
SPT67080,1132-PF-K1000G-DBS-KE-BEJON,Kenya,Kilifi,2019.0,False,Low_coverage,SPT67080,False,excluded_QC
SPT67081,1132-PF-K1000G-DBS-KE-BEJON,Kenya,Kilifi,2019.0,True,Analysis_set,SPT67081,True,included_QC_cohort
SPT67082,1132-PF-K1000G-DBS-KE-BEJON,Kenya,Kilifi,2019.0,False,Low_coverage,SPT67082,False,excluded_QC
SPT67083,1132-PF-K1000G-DBS-KE-BEJON,Kenya,Kilifi,2019.0,True,Analysis_set,SPT67083,True,included_QC_cohort
SPT67084,1132-PF-K1000G-DBS-KE-BEJON,Kenya,Kilifi,2019.0,False,Low_coverage,SPT67084,False,excluded_QC
SPT67085,1132-PF-K1000G-DBS-KE-BEJON,Kenya,Kilifi,2019.0,False,Mixed_species,SPT67085,False,excluded_QC
SPT67086,1132-PF-K1000G-DBS-KE-BEJON,Kenya,Kilifi,2019.0,True,Analysis_set,SPT67086,True,included_QC_cohort
SPT67087,1132-PF-K1000G-DBS-KE-BEJON,Kenya,Kilifi,2019.0,False,Mixed_species,SPT67087,False,excluded_QC
SPT67088,1132-PF-K1000G-DBS-KE-BEJON,Kenya,Kilifi,2019.0,True,Analysis_set,SPT67088,True,included_QC_cohort
SPT67089,1132-PF-K1000G-DBS-KE-BEJON,Kenya,Kilifi,2019.0,True,Analysis_set,SPT67089,True,included_QC_cohort
SPT67090,1132-PF-K1000G-DBS-KE-BEJON,Kenya,Kilifi,2019.0,True,Analysis_set,SPT67090,True,included_QC_cohort
SPT67091,1132-PF-K1000G-DBS-KE-BEJON,Kenya,Kilifi,2019.0,True,Analysis_set,SPT67091,True,included_QC_cohort
SPT67092,1132-PF-K1000G-DBS-KE-BEJON,Kenya,Kilifi,2019.0,False,High_num_singletons,SPT67092,False,excluded_QC
SPT67093,1132-PF-K1000G-DBS-KE-BEJON,Kenya,Kilifi,2019.0,True,Analysis_set,SPT67093,True,included_QC_cohort
SPT67094,1132-PF-K1000G-DBS-KE-BEJON,Kenya,Kilifi,2019.0,True,Analysis_set,SPT67094,True,included_QC_cohort
SPT67095,1132-PF-K1000G-DBS-KE-BEJON,Kenya,Kilifi,2019.0,False,Low_coverage,SPT67095,False,excluded_QC
SPT67096,1132-PF-K1000G-DBS-KE-BEJON,Kenya,Kilifi,2019.0,True,Analysis_set,SPT67096,True,included_QC_cohort
SPT67097,1132-PF-K1000G-DBS-KE-BEJON,Kenya,Kilifi,2019.0,False,Low_coverage,SPT67097,False,excluded_QC
SPT67098,1132-PF-K1000G-DBS-KE-BEJON,Kenya,Kilifi,2019.0,False,Low_coverage,SPT67098,False,excluded_QC
SPT67099,1132-PF-K1000G-DBS-KE-BEJON,Kenya,Kilifi,2019.0,False,Low_coverage,SPT67099,False,excluded_QC
SPT67100,1132-PF-K1000G-DBS-KE-BEJON,Kenya,Kilifi,2019.0,True,Analysis_set,SPT67100,True,included_QC_cohort
SPT67101,1132-PF-K1000G-DBS-KE-BEJON,Kenya,Kilifi,2019.0,True,Analysis_set,SPT67101,True,included_QC_cohort
SPT67102,1132-PF-K1000G-DBS-KE-BEJON,Kenya,Kilifi,2019.0,False,Mixed_species,SPT67102,False,excluded_QC
SPT67103,1132-PF-K1000G-DBS-KE-BEJON,Kenya,Kilifi,2019.0,True,Analysis_set,SPT67103,True,included_QC_cohort
SPT67104,1132-PF-K1000G-DBS-KE-BEJON,Kenya,Kilifi,2019.0,True,Analysis_set,SPT67104,True,included_QC_cohort
SPT67105,1132-PF-K1000G-DBS-KE-BEJON,Kenya,Kilifi,2019.0,False,Low_coverage,SPT67105,False,excluded_QC
SPT67106,1132-PF-K1000G-DBS-KE-BEJON,Kenya,Kilifi,2019.0,True,Analysis_set,SPT67106,True,included_QC_cohort
SPT67107,1132-PF-K1000G-DBS-KE-BEJON,Kenya,Kilifi,2019.0,False,Low_coverage,SPT67107,False,excluded_QC
SPT67108,1132-PF-K1000G-DBS-KE-BEJON,Kenya,Kilifi,2019.0,False,Low_coverage,SPT67108,False,excluded_QC
SPT67109,1132-PF-K1000G-DBS-KE-BEJON,Kenya,Kilifi,2019.0,True,Analysis_set,SPT67109,True,included_QC_cohort
SPT67110,1132-PF-K1000G-DBS-KE-BEJON,Kenya,Kilifi,2019.0,False,Low_coverage,SPT67110,False,excluded_QC
SPT67111,1132-PF-K1000G-DBS-KE-BEJON,Kenya,Kilifi,2019.0,True,Analysis_set,SPT67111,True,included_QC_cohort
SPT67112,1132-PF-K1000G-DBS-KE-BEJON,Kenya,Kilifi,2019.0,True,Analysis_set,SPT67112,True,included_QC_cohort
SPT67113,1132-PF-K1000G-DBS-KE-BEJON,Kenya,Kilifi,2019.0,True,Analysis_set,SPT67113,True,included_QC_cohort
SPT67114,1132-PF-K1000G-DBS-KE-BEJON,Kenya,Kilifi,2019.0,True,Analysis_set,SPT67114,True,included_QC_cohort
SPT67115,1132-PF-K1000G-DBS-KE-BEJON,Kenya,Kilifi,2019.0,True,Analysis_set,SPT67115,True,included_QC_cohort
SPT67116,1132-PF-K1000G-DBS-KE-BEJON,Kenya,Kilifi,2019.0,True,Analysis_set,SPT67116,True,included_QC_cohort
SPT67117,1132-PF-K1000G-DBS-KE-BEJON,Kenya,Kilifi,2019.0,False,Low_coverage,SPT67117,False,excluded_QC
SPT67118,1132-PF-K1000G-DBS-KE-BEJON,Kenya,Kilifi,2019.0,True,Analysis_set,SPT67118,True,included_QC_cohort
SPT67119,1132-PF-K1000G-DBS-KE-BEJON,Kenya,Kilifi,2019.0,True,Analysis_set,SPT67119,True,included_QC_cohort
SPT67120,1132-PF-K1000G-DBS-KE-BEJON,Kenya,Kilifi,2019.0,True,Analysis_set,SPT67120,True,included_QC_cohort
SPT67121,1132-PF-K1000G-DBS-KE-BEJON,Kenya,Kilifi,2019.0,True,Analysis_set,SPT67121,True,included_QC_cohort
SPT67122,1132-PF-K1000G-DBS-KE-BEJON,Kenya,Kilifi,2019.0,False,Low_coverage,SPT67122,False,excluded_QC
SPT67123,1132-PF-K1000G-DBS-KE-BEJON,Kenya,Kilifi,2019.0,True,Analysis_set,SPT67123,True,included_QC_cohort
SPT67124,1132-PF-K1000G-DBS-KE-BEJON,Kenya,Kilifi,2019.0,True,Analysis_set,SPT67124,True,included_QC_cohort
SPT67125,1132-PF-K1000G-DBS-KE-BEJON,Kenya,Kilifi,2019.0,True,Analysis_set,SPT67125,True,included_QC_cohort
SPT67126,1132-PF-K1000G-DBS-KE-BEJON,Kenya,Kilifi,2019.0,True,Analysis_set,SPT67126,True,included_QC_cohort
SPT67127,1132-PF-K1000G-DBS-KE-BEJON,Kenya,Kilifi,2019.0,True,Analysis_set,SPT67127,True,included_QC_cohort
SPT67128,1132-PF-K1000G-DBS-KE-BEJON,Kenya,Kilifi,2019.0,True,Analysis_set,SPT67128,True,included_QC_cohort
SPT67129,1132-PF-K1000G-DBS-KE-BEJON,Kenya,Kilifi,2019.0,True,Analysis_set,SPT67129,True,included_QC_cohort
SPT67130,1132-PF-K1000G-DBS-KE-BEJON,Kenya,Kilifi,2019.0,True,Analysis_set,SPT67130,True,included_QC_cohort
SPT67131,1132-PF-K1000G-DBS-KE-BEJON,Kenya,Kilifi,2019.0,True,Analysis_set,SPT67131,True,included_QC_cohort
SPT67132,1132-PF-K1000G-DBS-KE-BEJON,Kenya,Kilifi,2019.0,False,Mixed_species,SPT67132,False,excluded_QC
SPT67133,1132-PF-K1000G-DBS-KE-BEJON,Kenya,Kilifi,2019.0,True,Analysis_set,SPT67133,True,included_QC_cohort
SPT67134,1132-PF-K1000G-DBS-KE-BEJON,Kenya,Kilifi,2019.0,True,Analysis_set,SPT67134,True,included_QC_cohort
SPT67135,1132-PF-K1000G-DBS-KE-BEJON,Kenya,Kilifi,2019.0,True,Analysis_set,SPT67135,True,included_QC_cohort
SPT67136,1132-PF-K1000G-DBS-KE-BEJON,Kenya,Kilifi,2019.0,False,Mixed_species,SPT67136,False,excluded_QC
SPT67137,1132-PF-K1000G-DBS-KE-BEJON,Kenya,Kilifi,2019.0,False,Mixed_species,SPT67137,False,excluded_QC
SPT67138,1132-PF-K1000G-DBS-KE-BEJON,Kenya,Kilifi,2019.0,False,Mixed_species,SPT67138,False,excluded_QC
SPT67139,1132-PF-K1000G-DBS-KE-BEJON,Kenya,Kilifi,2019.0,True,Analysis_set,SPT67139,True,included_QC_cohort
SPT67140,1132-PF-K1000G-DBS-KE-BEJON,Kenya,Kilifi,2019.0,True,Analysis_set,SPT67140,True,included_QC_cohort
SPT67141,1132-PF-K1000G-DBS-KE-BEJON,Kenya,Kilifi,2019.0,False,Mixed_species,SPT67141,False,excluded_QC
SPT67142,1132-PF-K1000G-DBS-KE-BEJON,Kenya,Kilifi,2019.0,True,Analysis_set,SPT67142,True,included_QC_cohort
SPT67143,1132-PF-K1000G-DBS-KE-BEJON,Kenya,Kilifi,2019.0,False,Mixed_species,SPT67143,False,excluded_QC
SPT67144,1132-PF-K1000G-DBS-KE-BEJON,Kenya,Kilifi,2019.0,True,Analysis_set,SPT67144,True,included_QC_cohort
SPT67145,1132-PF-K1000G-DBS-KE-BEJON,Kenya,Kilifi,2019.0,True,Analysis_set,SPT67145,True,included_QC_cohort
SPT67146,1132-PF-K1000G-DBS-KE-BEJON,Kenya,Kilifi,2019.0,True,Analysis_set,SPT67146,True,included_QC_cohort
SPT67147,1132-PF-K1000G-DBS-KE-BEJON,Kenya,Kilifi,2019.0,True,Analysis_set,SPT67147,True,included_QC_cohort
SPT67148,1132-PF-K1000G-DBS-KE-BEJON,Kenya,Kilifi,2019.0,True,Analysis_set,SPT67148,True,included_QC_cohort
SPT67149,1132-PF-K1000G-DBS-KE-BEJON,Kenya,Kilifi,2019.0,True,Analysis_set,SPT67149,True,included_QC_cohort
SPT67150,1132-PF-K1000G-DBS-KE-BEJON,Kenya,Kilifi,2019.0,True,Analysis_set,SPT67150,True,included_QC_cohort
SPT67151,1132-PF-K1000G-DBS-KE-BEJON,Kenya,Kilifi,2019.0,True,Analysis_set,SPT67151,True,included_QC_cohort
SPT67152,1132-PF-K1000G-DBS-KE-BEJON,Kenya,Kilifi,2019.0,True,Analysis_set,SPT67152,True,included_QC_cohort
SPT67153,1132-PF-K1000G-DBS-KE-BEJON,Kenya,Kilifi,2019.0,False,High_num_singletons,SPT67153,False,excluded_QC
SPT67154,1132-PF-K1000G-DBS-KE-BEJON,Kenya,Kilifi,2019.0,True,Analysis_set,SPT67154,True,included_QC_cohort
SPT67155,1132-PF-K1000G-DBS-KE-BEJON,Kenya,Kilifi,2019.0,False,Low_coverage,SPT67155,False,excluded_QC
SPT67156,1132-PF-K1000G-DBS-KE-BEJON,Kenya,Kilifi,2019.0,True,Analysis_set,SPT67156,True,included_QC_cohort
SPT67157,1132-PF-K1000G-DBS-KE-BEJON,Kenya,Kilifi,2019.0,False,Mixed_species,SPT67157,False,excluded_QC
SPT67158,1132-PF-K1000G-DBS-KE-BEJON,Kenya,Kilifi,2019.0,True,Analysis_set,SPT67158,True,included_QC_cohort
SPT67159,1132-PF-K1000G-DBS-KE-BEJON,Kenya,Kilifi,2019.0,False,High_num_singletons,SPT67159,False,excluded_QC
SPT67160,1132-PF-K1000G-DBS-KE-BEJON,Kenya,Kilifi,2019.0,False,Mixed_species,SPT67160,False,excluded_QC
SPT67161,1132-PF-K1000G-DBS-KE-BEJON,Kenya,Kilifi,2019.0,True,Analysis_set,SPT67161,True,included_QC_cohort
SPT67162,1132-PF-K1000G-DBS-KE-BEJON,Kenya,Kilifi,2019.0,True,Analysis_set,SPT67162,True,included_QC_cohort
SPT67163,1132-PF-K1000G-DBS-KE-BEJON,Kenya,Kilifi,2019.0,False,Low_coverage,SPT67163,False,excluded_QC
SPT67164,1132-PF-K1000G-DBS-KE-BEJON,Kenya,Kilifi,2019.0,True,Analysis_set,SPT67164,True,included_QC_cohort
SPT67165,1132-PF-K1000G-DBS-KE-BEJON,Kenya,Kilifi,2019.0,True,Analysis_set,SPT67165,True,included_QC_cohort
SPT67166,1132-PF-K1000G-DBS-KE-BEJON,Kenya,Kilifi,2019.0,True,Analysis_set,SPT67166,True,included_QC_cohort
SPT67167,1132-PF-K1000G-DBS-KE-BEJON,Kenya,Kilifi,2019.0,False,Low_coverage,SPT67167,False,excluded_QC
SPT67168,1132-PF-K1000G-DBS-KE-BEJON,Kenya,Kilifi,2019.0,True,Analysis_set,SPT67168,True,included_QC_cohort
SPT67169,1132-PF-K1000G-DBS-KE-BEJON,Kenya,Kilifi,2019.0,True,Analysis_set,SPT67169,True,included_QC_cohort
SPT67170,1132-PF-K1000G-DBS-KE-BEJON,Kenya,Kilifi,2019.0,True,Analysis_set,SPT67170,True,included_QC_cohort
SPT67171,1132-PF-K1000G-DBS-KE-BEJON,Kenya,Kilifi,2019.0,True,Analysis_set,SPT67171,True,included_QC_cohort
SPT67172,1132-PF-K1000G-DBS-KE-BEJON,Kenya,Kilifi,2019.0,False,Low_coverage,SPT67172,False,excluded_QC
SPT67173,1132-PF-K1000G-DBS-KE-BEJON,Kenya,Kilifi,2019.0,True,Analysis_set,SPT67173,True,included_QC_cohort
SPT67174,1132-PF-K1000G-DBS-KE-BEJON,Kenya,Kilifi,2019.0,False,Low_coverage,SPT67174,False,excluded_QC
SPT67175,1132-PF-K1000G-DBS-KE-BEJON,Kenya,Kilifi,2019.0,True,Analysis_set,SPT67175,True,included_QC_cohort
SPT67176,1132-PF-K1000G-DBS-KE-BEJON,Kenya,Kilifi,2019.0,True,Analysis_set,SPT67176,True,included_QC_cohort
SPT67177,1132-PF-K1000G-DBS-KE-BEJON,Kenya,Kilifi,2019.0,True,Analysis_set,SPT67177,True,included_QC_cohort
SPT67178,1132-PF-K1000G-DBS-KE-BEJON,Kenya,Kilifi,2019.0,True,Analysis_set,SPT67178,True,included_QC_cohort
SPT67179,1132-PF-K1000G-DBS-KE-BEJON,Kenya,Kilifi,2019.0,False,Mixed_species,SPT67179,False,excluded_QC
SPT67180,1132-PF-K1000G-DBS-KE-BEJON,Kenya,Kilifi,2019.0,True,Analysis_set,SPT67180,True,included_QC_cohort
SPT67181,1132-PF-K1000G-DBS-KE-BEJON,Kenya,Kilifi,2019.0,False,Low_coverage,SPT67181,False,excluded_QC
SPT67182,1132-PF-K1000G-DBS-KE-BEJON,Kenya,Kilifi,2019.0,True,Analysis_set,SPT67182,True,included_QC_cohort
SPT67183,1132-PF-K1000G-DBS-KE-BEJON,Kenya,Kilifi,2019.0,False,High_num_singletons,SPT67183,False,excluded_QC
SPT67184,1132-PF-K1000G-DBS-KE-BEJON,Kenya,Kilifi,2019.0,True,Analysis_set,SPT67184,True,included_QC_cohort
SPT67185,1132-PF-K1000G-DBS-KE-BEJON,Kenya,Kilifi,2019.0,True,Analysis_set,SPT67185,True,included_QC_cohort
SPT67186,1132-PF-K1000G-DBS-KE-BEJON,Kenya,Kilifi,2019.0,True,Analysis_set,SPT67186,True,included_QC_cohort
SPT67187,1132-PF-K1000G-DBS-KE-BEJON,Kenya,Kilifi,2020.0,False,Mixed_species,SPT67187,False,excluded_QC
SPT67188,1132-PF-K1000G-DBS-KE-BEJON,Kenya,Kilifi,2020.0,True,Analysis_set,SPT67188,True,included_QC_cohort
SPT67189,1132-PF-K1000G-DBS-KE-BEJON,Kenya,Kilifi,2020.0,False,Mixed_species,SPT67189,False,excluded_QC
SPT67190,1132-PF-K1000G-DBS-KE-BEJON,Kenya,Kilifi,2020.0,False,Low_coverage,SPT67190,False,excluded_QC
SPT67191,1132-PF-K1000G-DBS-KE-BEJON,Kenya,Kilifi,2020.0,True,Analysis_set,SPT67191,True,included_QC_cohort
SPT67192,1132-PF-K1000G-DBS-KE-BEJON,Kenya,Kilifi,2020.0,True,Analysis_set,SPT67192,True,included_QC_cohort
SPT67193,1132-PF-K1000G-DBS-KE-BEJON,Kenya,Kilifi,2020.0,False,Low_coverage,SPT67193,False,excluded_QC
SPT67194,1132-PF-K1000G-DBS-KE-BEJON,Kenya,Kilifi,2020.0,True,Analysis_set,SPT67194,True,included_QC_cohort
SPT67195,1132-PF-K1000G-DBS-KE-BEJON,Kenya,Kilifi,2020.0,True,Analysis_set,SPT67195,True,included_QC_cohort
SPT67196,1132-PF-K1000G-DBS-KE-BEJON,Kenya,Kilifi,2020.0,False,Low_coverage,SPT67196,False,excluded_QC
SPT67197,1132-PF-K1000G-DBS-KE-BEJON,Kenya,Kilifi,2020.0,True,Analysis_set,SPT67197,True,included_QC_cohort
SPT67198,1132-PF-K1000G-DBS-KE-BEJON,Kenya,Kilifi,2020.0,False,Low_coverage,SPT67198,False,excluded_QC
SPT67199,1132-PF-K1000G-DBS-KE-BEJON,Kenya,Kilifi,2020.0,True,Analysis_set,SPT67199,True,included_QC_cohort
SPT67200,1132-PF-K1000G-DBS-KE-BEJON,Kenya,Kilifi,2020.0,False,Low_coverage,SPT67200,False,excluded_QC
SPT67201,1132-PF-K1000G-DBS-KE-BEJON,Kenya,Kilifi,2020.0,True,Analysis_set,SPT67201,True,included_QC_cohort
SPT67202,1132-PF-K1000G-DBS-KE-BEJON,Kenya,Kilifi,2020.0,False,Low_coverage,SPT67202,False,excluded_QC
SPT67203,1132-PF-K1000G-DBS-KE-BEJON,Kenya,Kilifi,2020.0,False,Low_coverage,SPT67203,False,excluded_QC
SPT67204,1132-PF-K1000G-DBS-KE-BEJON,Kenya,Kilifi,2020.0,True,Analysis_set,SPT67204,True,included_QC_cohort
SPT67205,1132-PF-K1000G-DBS-KE-BEJON,Kenya,Kilifi,2020.0,True,Analysis_set,SPT67205,True,included_QC_cohort
SPT67206,1132-PF-K1000G-DBS-KE-BEJON,Kenya,Kilifi,2020.0,True,Analysis_set,SPT67206,True,included_QC_cohort
SPT67207,1132-PF-K1000G-DBS-KE-BEJON,Kenya,Kilifi,2020.0,True,Analysis_set,SPT67207,True,included_QC_cohort
SPT67208,1132-PF-K1000G-DBS-KE-BEJON,Kenya,Kilifi,2020.0,True,Analysis_set,SPT67208,True,included_QC_cohort
SPT67209,1132-PF-K1000G-DBS-KE-BEJON,Kenya,Kilifi,2020.0,False,Low_coverage,SPT67209,False,excluded_QC
SPT67210,1132-PF-K1000G-DBS-KE-BEJON,Kenya,Kilifi,2020.0,True,Analysis_set,SPT67210,True,included_QC_cohort
SPT67211,1132-PF-K1000G-DBS-KE-BEJON,Kenya,Kilifi,2020.0,True,Analysis_set,SPT67211,True,included_QC_cohort
SPT67212,1132-PF-K1000G-DBS-KE-BEJON,Kenya,Kilifi,2020.0,True,Analysis_set,SPT67212,True,included_QC_cohort
SPT67213,1132-PF-K1000G-DBS-KE-BEJON,Kenya,Kilifi,2020.0,True,Analysis_set,SPT67213,True,included_QC_cohort
SPT67214,1132-PF-K1000G-DBS-KE-BEJON,Kenya,Kilifi,2020.0,True,Analysis_set,SPT67214,True,included_QC_cohort
SPT67215,1132-PF-K1000G-DBS-KE-BEJON,Kenya,Kilifi,2020.0,True,Analysis_set,SPT67215,True,included_QC_cohort
SPT67216,1132-PF-K1000G-DBS-KE-BEJON,Kenya,Kilifi,2020.0,False,Low_coverage,SPT67216,False,excluded_QC
SPT67217,1132-PF-K1000G-DBS-KE-BEJON,Kenya,Kilifi,2020.0,True,Analysis_set,SPT67217,True,included_QC_cohort
SPT67218,1132-PF-K1000G-DBS-KE-BEJON,Kenya,Kilifi,2020.0,False,Low_coverage,SPT67218,False,excluded_QC
SPT67219,1132-PF-K1000G-DBS-KE-BEJON,Kenya,Kilifi,2020.0,True,Analysis_set,SPT67219,True,included_QC_cohort
SPT67220,1132-PF-K1000G-DBS-KE-BEJON,Kenya,Kilifi,2020.0,True,Analysis_set,SPT67220,True,included_QC_cohort
SPT67221,1132-PF-K1000G-DBS-KE-BEJON,Kenya,Kilifi,2020.0,True,Analysis_set,SPT67221,True,included_QC_cohort
SPT67222,1132-PF-K1000G-DBS-KE-BEJON,Kenya,Kilifi,2020.0,True,Analysis_set,SPT67222,True,included_QC_cohort
SPT67223,1132-PF-K1000G-DBS-KE-BEJON,Kenya,Kilifi,2020.0,False,High_num_singletons,SPT67223,False,excluded_QC
